sequence,qp,group,budget,rule,saving,rgb_loss,yuv_loss,tiles
Beauty_1920x1080_120fps_420_8bit_YUV.yuv,0,UVG,0.05,oracle,36.515888422727585,0.055599966922061816,0.05467012331249066,40
Bosphorus_1920x1080_120fps_420_8bit_YUV.yuv,0,UVG,0.05,oracle,31.390362083911892,0.060924786204024764,0.06753347096326223,40
Jockey_1920x1080_120fps_420_8bit_YUV.yuv,0,UVG,0.05,oracle,18.201156705617905,0.055534250870276844,0.0476257598998302,40
ReadySteadyGo_1920x1080_120fps_420_8bit_YUV.yuv,0,UVG,0.05,oracle,20.97565457224846,0.051088486070191765,0.052642009952048596,40
ShakeNDry_1920x1080_120fps_420_8bit_YUV.yuv,0,UVG,0.05,oracle,29.806801378726956,0.0451488354676939,0.05332199071285615,40
YachtRide_1920x1080_120fps_420_8bit_YUV.yuv,0,UVG,0.05,oracle,25.86894512176514,0.046437044619806106,0.05461584997586755,40
videoSRC01_1920x1080_30.yuv,0,MCL-JCV,0.05,oracle,34.0930113196373,0.0605210600373288,0.05996972285822011,40
videoSRC02_1920x1080_30.yuv,0,MCL-JCV,0.05,oracle,23.67939323186874,0.05638067670541341,0.056765479279512476,40
videoSRC03_1920x1080_30.yuv,0,MCL-JCV,0.05,oracle,26.870826929807667,0.049118857962916006,0.06271027442980426,40
videoSRC04_1920x1080_30.yuv,0,MCL-JCV,0.05,oracle,39.12455439567566,0.022088933433354694,0.04003983538861888,40
videoSRC05_1920x1080_25.yuv,0,MCL-JCV,0.05,oracle,9.022742658853533,0.051407584368811474,0.05344879596503915,40
videoSRC06_1920x1080_25.yuv,0,MCL-JCV,0.05,oracle,39.12455439567566,0.03224088419020011,0.024900584410012527,40
videoSRC07_1920x1080_25.yuv,0,MCL-JCV,0.05,oracle,25.86894512176514,0.04476265621611842,0.04289460060515182,40
videoSRC08_1920x1080_25.yuv,0,MCL-JCV,0.05,oracle,32.3214840888977,0.040698909451025875,0.040322759650933904,40
videoSRC09_1920x1080_25.yuv,0,MCL-JCV,0.05,oracle,22.887612581253048,0.04505457811707378,0.051424909612020286,40
videoSRC11_1920x1080_30.yuv,0,MCL-JCV,0.05,oracle,33.44057261943817,0.0492697326726577,0.05714740153320719,40
videoSRC12_1920x1080_30.yuv,0,MCL-JCV,0.05,oracle,31.13490223884583,0.048752595263375005,0.06021139351502569,40
videoSRC13_1920x1080_30.yuv,0,MCL-JCV,0.05,oracle,35.77055528759956,0.045301247769261546,0.1030194450580808,40
videoSRC14_1920x1080_30.yuv,0,MCL-JCV,0.05,oracle,28.407940715551373,0.04990546669643989,0.049406797339671016,40
videoSRC15_1920x1080_30.yuv,0,MCL-JCV,0.05,oracle,31.20457321405411,0.04832512279532798,0.060699749180031404,40
videoSRC16_1920x1080_30.yuv,0,MCL-JCV,0.05,oracle,22.185459882020954,0.04919619532321832,0.04292995597570837,40
videoSRC17_1920x1080_24.yuv,0,MCL-JCV,0.05,oracle,32.32257291674614,0.04452651303377378,0.04252759315485832,40
videoSRC18_1920x1080_25.yuv,0,MCL-JCV,0.05,oracle,21.722077131271366,0.042188425768113554,0.04332627825528945,40
videoSRC19_1920x1080_30.yuv,0,MCL-JCV,0.05,oracle,34.74545001983642,0.04875487898997663,0.04650090220609826,40
videoSRC20_1920x1080_25.yuv,0,MCL-JCV,0.05,oracle,21.53519883751869,0.04525942406669192,0.04249249309436465,40
videoSRC21_1920x1080_24.yuv,0,MCL-JCV,0.05,oracle,39.12455439567566,0.02207029871673177,0.0585511196388282,40
videoSRC22_1920x1080_24.yuv,0,MCL-JCV,0.05,oracle,31.623686701059338,0.04386462185062365,0.0446052366156664,40
videoSRC23_1920x1080_24.yuv,0,MCL-JCV,0.05,oracle,26.777932494878765,0.041237751137723135,0.04374814766607216,40
videoSRC25_1920x1080_24.yuv,0,MCL-JCV,0.05,oracle,23.8884049654007,0.04673098633674776,0.04420294652511103,40
videoSRC26_1920x1080_30.yuv,0,MCL-JCV,0.05,oracle,24.309697300195698,0.05125985611611261,0.05072716278790068,40
videoSRC27_1920x1080_30.yuv,0,MCL-JCV,0.05,oracle,31.949906349182132,0.05644209507423681,0.06490131226649964,40
videoSRC28_1920x1080_30.yuv,0,MCL-JCV,0.05,oracle,33.160800486803055,0.047436737784075304,0.0718190979294775,40
videoSRC29_1920x1080_24.yuv,0,MCL-JCV,0.05,oracle,39.12455439567566,0.026554528748609415,0.030472528798817677,40
videoSRC30_1920x1080_30.yuv,0,MCL-JCV,0.05,oracle,23.095536082983013,0.05014620487805102,0.045259361132131914,40
BQTerrace_1920x1080_60.yuv,0,HEVC_B,0.05,oracle,29.48058173060417,0.0461455495204148,0.05802009335985403,40
BasketballDrive_1920x1080_50.yuv,0,HEVC_B,0.05,oracle,21.371544599533078,0.046551428218900306,0.04870244921666256,40
Cactus_1920x1080_50.yuv,0,HEVC_B,0.05,oracle,25.612396448850628,0.047479944206702374,0.04789853786128617,40
Kimono1_1920x1080_24.yuv,0,HEVC_B,0.05,oracle,35.21101102232933,0.04754046795203602,0.046768909990753116,40
ParkScene_1920x1080_24.yuv,0,HEVC_B,0.05,oracle,38.37922126054764,0.041611462006651966,0.04392315875496067,40
FourPeople_1280x720_60.yuv,0,HEVC_E,0.05,oracle,23.71664603551229,0.04257373747001822,0.05605751543452797,15
Johnny_1280x720_60.yuv,0,HEVC_E,0.05,oracle,14.645884831746415,0.04616653669006694,0.048502657677936156,15
KristenAndSara_1280x720_60.yuv,0,HEVC_E,0.05,oracle,18.063628673553467,0.044301930849388105,0.05467211690808682,15
BQMall_832x480_60.yuv,0,HEVC_C,0.05,oracle,21.88464254140854,0.04385652048604006,0.05773841274396929,8
BasketballDrill_832x480_50.yuv,0,HEVC_C,0.05,oracle,5.341434478759766,0.04349046784636914,0.043178360145898154,8
PartyScene_832x480_50.yuv,0,HEVC_C,0.05,oracle,29.807890206575394,0.03490029632871619,0.0465675933406402,8
RaceHorses_832x480_30.yuv,0,HEVC_C,0.05,oracle,21.88464254140854,0.054691763930860726,0.05778496109487108,8
BasketballPass_416x240_50.yuv,0,HEVC_D,0.05,oracle,24.217891693115234,0.02082927661913581,0.021211431473716402,2
BlowingBubbles_416x240_50.yuv,0,HEVC_D,0.05,oracle,24.217891693115234,0.023945663737046926,0.027611605693259378,2
BQSquare_416x240_60.yuv,0,HEVC_D,0.05,oracle,24.217891693115234,0.03682133284296582,0.0522566904354278,2
RaceHorses_416x240_30.yuv,0,HEVC_D,0.05,oracle,18.622449040412903,0.04837452799276137,0.044750114335883495,2
Beauty_1920x1080_120fps_420_8bit_YUV.yuv,16,UVG,0.05,oracle,39.12455439567566,0.04401150336257254,0.04814296022141917,40
Bosphorus_1920x1080_120fps_420_8bit_YUV.yuv,16,UVG,0.05,oracle,21.76743522286415,0.04407522532900443,0.04620272029803374,40
Jockey_1920x1080_120fps_420_8bit_YUV.yuv,16,UVG,0.05,oracle,13.913857340812685,0.05020135321151643,0.04185125147636626,40
ReadySteadyGo_1920x1080_120fps_420_8bit_YUV.yuv,16,UVG,0.05,oracle,7.320885807275768,0.044877786555871824,0.04653167549820836,40
ShakeNDry_1920x1080_120fps_420_8bit_YUV.yuv,16,UVG,0.05,oracle,32.78922274708748,0.044429116511605506,0.04639013445613216,40
YachtRide_1920x1080_120fps_420_8bit_YUV.yuv,16,UVG,0.05,oracle,12.633291035890581,0.04613640867684044,0.05341480142554644,40
videoSRC01_1920x1080_30.yuv,16,MCL-JCV,0.05,oracle,31.297467648983,0.05019135349068955,0.04986062425397364,40
videoSRC02_1920x1080_30.yuv,16,MCL-JCV,0.05,oracle,6.389763802289961,0.0505727222128298,0.05054156675510768,40
videoSRC03_1920x1080_30.yuv,16,MCL-JCV,0.05,oracle,17.806354314088825,0.04720436768227906,0.052468853496186796,40
videoSRC04_1920x1080_30.yuv,16,MCL-JCV,0.05,oracle,37.261221557855606,0.04612269311084194,0.05731358382267615,40
videoSRC05_1920x1080_25.yuv,16,MCL-JCV,0.05,oracle,13.58872652053833,0.04729518189287011,0.054921379616288846,40
videoSRC06_1920x1080_25.yuv,16,MCL-JCV,0.05,oracle,39.12455439567566,0.04308834139587414,0.033973665926467334,40
videoSRC07_1920x1080_25.yuv,16,MCL-JCV,0.05,oracle,24.586202353239063,0.045188538327769645,0.03863328556646195,40
videoSRC08_1920x1080_25.yuv,16,MCL-JCV,0.05,oracle,32.78813391923905,0.04266492991580348,0.04595061474101669,40
videoSRC09_1920x1080_25.yuv,16,MCL-JCV,0.05,oracle,12.564709484577175,0.041494290850794334,0.04364480987540276,40
videoSRC11_1920x1080_30.yuv,16,MCL-JCV,0.05,oracle,28.735248595476147,0.04937953705310079,0.06351585786865854,40
videoSRC12_1920x1080_30.yuv,16,MCL-JCV,0.05,oracle,26.68394863605499,0.04628445864158185,0.05660147511035518,40
videoSRC13_1920x1080_30.yuv,16,MCL-JCV,0.05,oracle,23.072311431169513,0.040683906116329896,0.08422583821530338,40
videoSRC14_1920x1080_30.yuv,16,MCL-JCV,0.05,oracle,17.480135858058933,0.04731486924103322,0.04527250830198426,40
videoSRC15_1920x1080_30.yuv,16,MCL-JCV,0.05,oracle,27.61616006493568,0.04732829340623217,0.05387624991246298,40
videoSRC16_1920x1080_30.yuv,16,MCL-JCV,0.05,oracle,24.958868920803067,0.052898882250637075,0.04836679305759617,40
videoSRC17_1920x1080_24.yuv,16,MCL-JCV,0.05,oracle,30.50459817051887,0.04190108244134043,0.04094814782770584,40
videoSRC18_1920x1080_25.yuv,16,MCL-JCV,0.05,oracle,20.953519940376285,0.04609711701011116,0.05059115751114973,40
videoSRC19_1920x1080_30.yuv,16,MCL-JCV,0.05,oracle,25.91539263725281,0.04785804021540053,0.0530326605986744,40
videoSRC20_1920x1080_25.yuv,16,MCL-JCV,0.05,oracle,20.160650461912155,0.04082927022573645,0.03840101210431612,40
videoSRC21_1920x1080_24.yuv,16,MCL-JCV,0.05,oracle,35.21101102232933,0.023843609284087186,0.046967651320045434,40
videoSRC22_1920x1080_24.yuv,16,MCL-JCV,0.05,oracle,28.013138920068737,0.0460400930065791,0.05013781725816813,40
videoSRC23_1920x1080_24.yuv,16,MCL-JCV,0.05,oracle,21.534109413623813,0.04805304849706895,0.055468491429017774,40
videoSRC25_1920x1080_24.yuv,16,MCL-JCV,0.05,oracle,19.01833787560463,0.04701254743203289,0.04538800385530806,40
videoSRC26_1920x1080_30.yuv,16,MCL-JCV,0.05,oracle,14.520937353372576,0.048392011472190515,0.047138311432902924,40
videoSRC27_1920x1080_30.yuv,16,MCL-JCV,0.05,oracle,31.67013421654701,0.047729241353527165,0.05309163460799482,40
videoSRC28_1920x1080_30.yuv,16,MCL-JCV,0.05,oracle,30.924801081418995,0.04773473248430975,0.06164784347353702,40
videoSRC29_1920x1080_24.yuv,16,MCL-JCV,0.05,oracle,38.00655469298363,0.06684690848536898,0.06814963193433954,40
videoSRC30_1920x1080_30.yuv,16,MCL-JCV,0.05,oracle,27.61616006493568,0.04598557382833794,0.04021010603040054,40
BQTerrace_1920x1080_60.yuv,16,HEVC_B,0.05,oracle,14.311924427747725,0.045658684681145756,0.053436822126368355,40
BasketballDrive_1920x1080_50.yuv,16,HEVC_B,0.05,oracle,18.3658991754055,0.04464765579236218,0.048591042072317236,40
Cactus_1920x1080_50.yuv,16,HEVC_B,0.05,oracle,21.114995926618572,0.045900499302537416,0.04557982641422598,40
Kimono1_1920x1080_24.yuv,16,HEVC_B,0.05,oracle,31.22670784592628,0.042630777465098364,0.04128422332794912,40
ParkScene_1920x1080_24.yuv,16,HEVC_B,0.05,oracle,35.886673182249076,0.04077454431689029,0.041819282553575476,40
FourPeople_1280x720_60.yuv,16,HEVC_E,0.05,oracle,14.645884831746415,0.04177889203440082,0.04894912053258338,15
Johnny_1280x720_60.yuv,16,HEVC_E,0.05,oracle,13.09183597564697,0.03986166848928037,0.049229428454218294,15
KristenAndSara_1280x720_60.yuv,16,HEVC_E,0.05,oracle,7.872326374053951,0.042468325152935076,0.04740781245210712,15
BQMall_832x480_60.yuv,16,HEVC_C,0.05,oracle,12.330296635627747,0.04498555678569868,0.04923783619733868,8
BasketballDrill_832x480_50.yuv,16,HEVC_C,0.05,oracle,2.5437131524086,0.04309117898010753,0.046026703961977944,8
PartyScene_832x480_50.yuv,16,HEVC_C,0.05,oracle,18.622449040412903,0.04158311707463797,0.04742013300226233,8
RaceHorses_832x480_30.yuv,16,HEVC_C,0.05,oracle,18.622449040412903,0.04112952680355885,0.04611720750347459,8
BasketballPass_416x240_50.yuv,16,HEVC_D,0.05,oracle,6.03814423084259,0.02760260626549793,0.028763149600067095,2
BlowingBubbles_416x240_50.yuv,16,HEVC_D,0.05,oracle,18.622449040412903,0.03417927828154799,0.03400447920250471,2
BQSquare_416x240_60.yuv,16,HEVC_D,0.05,oracle,6.03814423084259,0.030812424268567437,0.036334375933780194,2
RaceHorses_416x240_30.yuv,16,HEVC_D,0.05,oracle,13.027006387710571,0.03261154572206457,0.028609436578587832,2
Beauty_1920x1080_120fps_420_8bit_YUV.yuv,32,UVG,0.05,oracle,39.12455439567566,0.0400058145020213,0.04200414018367127,40
Bosphorus_1920x1080_120fps_420_8bit_YUV.yuv,32,UVG,0.05,oracle,21.045325547456738,0.04048879277703217,0.04195899518841628,40
Jockey_1920x1080_120fps_420_8bit_YUV.yuv,32,UVG,0.05,oracle,16.08127519488335,0.040342681521603724,0.03315645925838595,40
ShakeNDry_1920x1080_120fps_420_8bit_YUV.yuv,32,UVG,0.05,oracle,22.32806831598282,0.04110110841819148,0.037467911660883146,40
YachtRide_1920x1080_120fps_420_8bit_YUV.yuv,32,UVG,0.05,oracle,4.524253308773041,0.04240722964853541,0.045328787523899905,40
videoSRC01_1920x1080_30.yuv,32,MCL-JCV,0.05,oracle,31.67013421654701,0.04798177431321507,0.04547524661712288,40
videoSRC03_1920x1080_30.yuv,32,MCL-JCV,0.05,oracle,10.956835299730304,0.042301726666662404,0.042598034603344104,40
videoSRC04_1920x1080_30.yuv,32,MCL-JCV,0.05,oracle,30.131931602954865,0.041836925772545046,0.0450284599732953,40
videoSRC05_1920x1080_25.yuv,32,MCL-JCV,0.05,oracle,14.91682797670364,0.03903579184697016,0.05633490176037981,40
videoSRC06_1920x1080_25.yuv,32,MCL-JCV,0.05,oracle,39.12455439567566,0.016515877994750083,0.012836248730160094,40
videoSRC07_1920x1080_25.yuv,32,MCL-JCV,0.05,oracle,21.62700444459915,0.04356387064765848,0.03452808524190232,40
videoSRC08_1920x1080_25.yuv,32,MCL-JCV,0.05,oracle,33.06790605187416,0.04276712532663852,0.04342947117394402,40
videoSRC09_1920x1080_25.yuv,32,MCL-JCV,0.05,oracle,5.899890512228012,0.04195680358540274,0.03985016582866052,40
videoSRC11_1920x1080_30.yuv,32,MCL-JCV,0.05,oracle,27.453594654798508,0.04297300327214976,0.06151626583324088,40
videoSRC12_1920x1080_30.yuv,32,MCL-JCV,0.05,oracle,18.248692452907566,0.04098973138482806,0.04564821298834687,40
videoSRC13_1920x1080_30.yuv,32,MCL-JCV,0.05,oracle,17.642699480056766,0.03823870658119109,0.05417500469004466,40
videoSRC14_1920x1080_30.yuv,32,MCL-JCV,0.05,oracle,13.239283412694935,0.04414037326294015,0.04126649536730298,40
videoSRC15_1920x1080_30.yuv,32,MCL-JCV,0.05,oracle,22.60675102472305,0.04338270456853205,0.045159240297472536,40
videoSRC16_1920x1080_30.yuv,32,MCL-JCV,0.05,oracle,24.307519048452374,0.04682670465031021,0.04454020415239057,40
videoSRC17_1920x1080_24.yuv,32,MCL-JCV,0.05,oracle,17.829578965902325,0.04072598786691307,0.034462775920104605,40
videoSRC18_1920x1080_25.yuv,32,MCL-JCV,0.05,oracle,12.3302960395813,0.03965769374343189,0.04321260472629973,40
videoSRC19_1920x1080_30.yuv,32,MCL-JCV,0.05,oracle,18.248693048954014,0.04597261247450476,0.046968423990065844,40
videoSRC20_1920x1080_25.yuv,32,MCL-JCV,0.05,oracle,10.278996676206587,0.039534384154795876,0.03610520624634006,40
videoSRC22_1920x1080_24.yuv,32,MCL-JCV,0.05,oracle,18.016456067562103,0.03837135216804298,0.04298532895326446,40
videoSRC23_1920x1080_24.yuv,32,MCL-JCV,0.05,oracle,14.054287523031238,0.04262673547362663,0.04760367830650125,40
videoSRC25_1920x1080_24.yuv,32,MCL-JCV,0.05,oracle,11.608185172080997,0.03924772751462981,0.03968512799338697,40
videoSRC26_1920x1080_30.yuv,32,MCL-JCV,0.05,oracle,5.1313333213329315,0.04550939103370044,0.04539735711793469,40
videoSRC27_1920x1080_30.yuv,32,MCL-JCV,0.05,oracle,32.229678481817245,0.0486207788292294,0.05893439941335288,40
videoSRC28_1920x1080_30.yuv,32,MCL-JCV,0.05,oracle,30.45815125107765,0.04771747119651831,0.05160359276786153,40
videoSRC29_1920x1080_24.yuv,32,MCL-JCV,0.05,oracle,19.111233502626423,0.052020565850676784,0.04675204815710288,40
videoSRC30_1920x1080_30.yuv,32,MCL-JCV,0.05,oracle,23.93485248088837,0.041875193907483295,0.03679351596068159,40
BQTerrace_1920x1080_60.yuv,32,HEVC_B,0.05,oracle,8.90553593635559,0.037502390926438645,0.04522521409338509,40
BasketballDrive_1920x1080_50.yuv,32,HEVC_B,0.05,oracle,16.17525845766068,0.037716503893195905,0.04891536304860722,40
Cactus_1920x1080_50.yuv,32,HEVC_B,0.05,oracle,17.410464286804196,0.03964566286804589,0.038977129992204596,40
Kimono1_1920x1080_24.yuv,32,HEVC_B,0.05,oracle,20.602988004684452,0.03989251509457344,0.03517818394028893,40
ParkScene_1920x1080_24.yuv,32,HEVC_B,0.05,oracle,22.72286951541901,0.038765953350358234,0.037035018880246184,40
BQMall_832x480_60.yuv,32,HEVC_C,0.05,oracle,5.689789354801178,0.0338472116754436,0.03561719882162606,8
PartyScene_832x480_50.yuv,32,HEVC_C,0.05,oracle,0.7964976131916046,0.023899646866597478,0.026074145177844343,8
RaceHorses_832x480_30.yuv,32,HEVC_C,0.05,oracle,5.341434478759766,0.030725887064180585,0.03185065608376192,8
BasketballPass_416x240_50.yuv,32,HEVC_D,0.05,oracle,13.027006387710571,0.011351727106128827,0.05621269075209767,2
BlowingBubbles_416x240_50.yuv,32,HEVC_D,0.05,oracle,6.03814423084259,0.02237246555867198,0.02154426404403864,2
BQSquare_416x240_60.yuv,32,HEVC_D,0.05,oracle,-0.9507179260253906,0.01714153559962563,0.019718733749172657,2
RaceHorses_416x240_30.yuv,32,HEVC_D,0.05,oracle,-0.9507179260253906,0.026613845595397537,0.023865122806014938,2
Beauty_1920x1080_120fps_420_8bit_YUV.yuv,48,UVG,0.05,oracle,38.09944912791252,0.023719378437215367,0.02279816263354917,40
Bosphorus_1920x1080_120fps_420_8bit_YUV.yuv,48,UVG,0.05,oracle,13.44829574227333,0.03573398977552747,0.03619218520357492,40
Jockey_1920x1080_120fps_420_8bit_YUV.yuv,48,UVG,0.05,oracle,15.405613034963606,0.03749995884478764,0.03366325946310411,40
ShakeNDry_1920x1080_120fps_420_8bit_YUV.yuv,48,UVG,0.05,oracle,13.541191369295124,0.03611959017166461,0.033339882629014994,40
videoSRC01_1920x1080_30.yuv,48,MCL-JCV,0.05,oracle,34.83834445476533,0.041563054737412224,0.035063059103521255,40
videoSRC04_1920x1080_30.yuv,48,MCL-JCV,0.05,oracle,22.14010119438171,0.03654876756713651,0.04006559062093373,40
videoSRC05_1920x1080_25.yuv,48,MCL-JCV,0.05,oracle,17.223587781190876,0.030217017323723498,0.06137730660884699,40
videoSRC06_1920x1080_25.yuv,48,MCL-JCV,0.05,oracle,39.12455439567566,0.008601664437650479,0.00688037243234163,40
videoSRC07_1920x1080_25.yuv,48,MCL-JCV,0.05,oracle,19.507122933864597,0.03890092868308248,0.030746819573522544,40
videoSRC08_1920x1080_25.yuv,48,MCL-JCV,0.05,oracle,34.83834445476533,0.04442960860011563,0.047227945440674546,40
videoSRC09_1920x1080_25.yuv,48,MCL-JCV,0.05,oracle,4.361687898635869,0.03866317455144663,0.03579336404227007,40
videoSRC11_1920x1080_30.yuv,48,MCL-JCV,0.05,oracle,24.214624613523483,0.03705664554786903,0.04415485992115009,40
videoSRC13_1920x1080_30.yuv,48,MCL-JCV,0.05,oracle,12.28384733200073,0.03437572124290639,0.04172723437270065,40
videoSRC14_1920x1080_30.yuv,48,MCL-JCV,0.05,oracle,12.098059654235838,0.03825133216179941,0.03485672832360365,40
videoSRC15_1920x1080_30.yuv,48,MCL-JCV,0.05,oracle,18.645671308040622,0.036885669923845496,0.035317511936057144,40
videoSRC16_1920x1080_30.yuv,48,MCL-JCV,0.05,oracle,26.102269738912586,0.044510271496233975,0.03859127454038713,40
videoSRC17_1920x1080_24.yuv,48,MCL-JCV,0.05,oracle,8.369215726852419,0.03826831972705577,0.029479503372122906,40
videoSRC19_1920x1080_30.yuv,48,MCL-JCV,0.05,oracle,7.809671461582179,0.034978361518304905,0.03408970178805504,40
videoSRC21_1920x1080_24.yuv,48,MCL-JCV,0.05,oracle,21.953224092721936,0.04843815672944888,0.04489412730557518,40
videoSRC22_1920x1080_24.yuv,48,MCL-JCV,0.05,oracle,12.331384271383284,0.035801937873578236,0.03773456473433612,40
videoSRC23_1920x1080_24.yuv,48,MCL-JCV,0.05,oracle,6.039232462644573,0.03543723825465518,0.03629065306225954,40
videoSRC27_1920x1080_30.yuv,48,MCL-JCV,0.05,oracle,27.313164472579953,0.03952044127090104,0.04424219682466202,40
videoSRC28_1920x1080_30.yuv,48,MCL-JCV,0.05,oracle,25.331535488367084,0.043007586248814636,0.04011333229001934,40
videoSRC29_1920x1080_24.yuv,48,MCL-JCV,0.05,oracle,26.683949232101444,0.05030775318949572,0.04602512399565484,40
videoSRC30_1920x1080_30.yuv,48,MCL-JCV,0.05,oracle,24.9124214053154,0.04106182557681197,0.03514298088175849,40
BQTerrace_1920x1080_60.yuv,48,HEVC_B,0.05,oracle,4.292016923427577,0.0295915519456222,0.03531527246933308,40
BasketballDrive_1920x1080_50.yuv,48,HEVC_B,0.05,oracle,20.136338174343106,0.029362247746254927,0.048659215341352535,40
Cactus_1920x1080_50.yuv,48,HEVC_B,0.05,oracle,15.941932648420332,0.03711180749082327,0.03847042163044989,40
Kimono1_1920x1080_24.yuv,48,HEVC_B,0.05,oracle,8.135891109704973,0.037585708833914676,0.0292669785528048,40
ParkScene_1920x1080_24.yuv,48,HEVC_B,0.05,oracle,0.7268266379833244,0.027230322668633854,0.024335395320484565,40
Johnny_1280x720_60.yuv,48,HEVC_E,0.05,oracle,0.7271893819173147,0.03652700109194201,0.04334975042183231,15
RaceHorses_832x480_30.yuv,48,HEVC_C,0.05,oracle,-0.9507179260253906,0.02592860566551495,0.026537150119402497,8
BlowingBubbles_416x240_50.yuv,48,HEVC_D,0.05,oracle,-0.9507179260253906,0.009251684968091015,0.006983466878352829,2
RaceHorses_416x240_30.yuv,48,HEVC_D,0.05,oracle,-0.9507179260253906,0.02334539203061463,0.019022433270926342,2
Beauty_1920x1080_120fps_420_8bit_YUV.yuv,63,UVG,0.05,oracle,35.95634415745735,0.03323931206192282,0.02474783467520325,40
Bosphorus_1920x1080_120fps_420_8bit_YUV.yuv,63,UVG,0.05,oracle,9.743764102458952,0.032118175504776594,0.031200828552798043,40
Jockey_1920x1080_120fps_420_8bit_YUV.yuv,63,UVG,0.05,oracle,18.87899711728096,0.035253860155770256,0.03454272148397308,40
ShakeNDry_1920x1080_120fps_420_8bit_YUV.yuv,63,UVG,0.05,oracle,8.0651319026947,0.03007393569229347,0.027031940074891736,40
videoSRC01_1920x1080_30.yuv,63,MCL-JCV,0.05,oracle,36.23611629009247,0.03567819097127268,0.028610602394266493,40
videoSRC05_1920x1080_25.yuv,63,MCL-JCV,0.05,oracle,20.67265957593918,0.02439083620137911,0.07529652015291788,40
videoSRC06_1920x1080_25.yuv,63,MCL-JCV,0.05,oracle,38.37922126054764,0.0257600011424132,0.04639888129916159,40
videoSRC07_1920x1080_25.yuv,63,MCL-JCV,0.05,oracle,19.833342581987377,0.0381339673109488,0.0341891756090007,40
videoSRC08_1920x1080_25.yuv,63,MCL-JCV,0.05,oracle,35.118116587400436,0.038378171556348324,0.04325653175559552,40
videoSRC09_1920x1080_25.yuv,63,MCL-JCV,0.05,oracle,12.959511876106266,0.03908981072013294,0.043467696578687764,40
videoSRC11_1920x1080_30.yuv,63,MCL-JCV,0.05,oracle,12.214178144931797,0.028543736641825284,0.02896485156041706,40
videoSRC13_1920x1080_30.yuv,63,MCL-JCV,0.05,oracle,6.529105752706532,0.029940861141868853,0.031732835576491425,40
videoSRC14_1920x1080_30.yuv,63,MCL-JCV,0.05,oracle,10.699198991060255,0.032698202958261556,0.030458460432399193,40
videoSRC15_1920x1080_30.yuv,63,MCL-JCV,0.05,oracle,13.005958199501034,0.02931017488512249,0.026383973243120806,40
videoSRC16_1920x1080_30.yuv,63,MCL-JCV,0.05,oracle,28.52514684200287,0.03650184656370166,0.0316365229047193,40
videoSRC17_1920x1080_24.yuv,63,MCL-JCV,0.05,oracle,6.062455922365184,0.0326919884174238,0.02439417573236824,40
videoSRC21_1920x1080_24.yuv,63,MCL-JCV,0.05,oracle,32.88102835416794,0.0435680886412369,0.05162878852902253,40
videoSRC22_1920x1080_24.yuv,63,MCL-JCV,0.05,oracle,10.094296038150786,0.029363573533783844,0.02893975735577925,40
videoSRC23_1920x1080_24.yuv,63,MCL-JCV,0.05,oracle,9.837747365236282,0.03339114705222278,0.0325074489769861,40
videoSRC27_1920x1080_30.yuv,63,MCL-JCV,0.05,oracle,22.42096275091171,0.036355287437726556,0.03670569397540646,40
videoSRC28_1920x1080_30.yuv,63,MCL-JCV,0.05,oracle,21.25433728098869,0.038891781984417395,0.0339144631599666,40
videoSRC29_1920x1080_24.yuv,63,MCL-JCV,0.05,oracle,28.059586435556415,0.04255996513338639,0.03843078832923652,40
videoSRC30_1920x1080_30.yuv,63,MCL-JCV,0.05,oracle,23.420665711164478,0.0396351668516095,0.033182271907193694,40
BasketballDrive_1920x1080_50.yuv,63,HEVC_B,0.05,oracle,24.51653197407723,0.02319425117902525,0.0545536364724839,40
Cactus_1920x1080_50.yuv,63,HEVC_B,0.05,oracle,19.8797895014286,0.03779032209219601,0.04617618806078383,40
Kimono1_1920x1080_24.yuv,63,HEVC_B,0.05,oracle,7.7400004863739,0.03352216940283977,0.024982988787975557,40
Johnny_1280x720_60.yuv,63,HEVC_E,0.05,oracle,9.550233681996668,0.03516728699273153,0.04821807536310985,15
Beauty_1920x1080_120fps_420_8bit_YUV.yuv,0,UVG,0.05,router,36.515888422727585,0.055599966922061816,0.05467012331249066,40
Bosphorus_1920x1080_120fps_420_8bit_YUV.yuv,0,UVG,0.05,router,28.96639615297317,0.06154957429428484,0.06878804623526946,40
Jockey_1920x1080_120fps_420_8bit_YUV.yuv,0,UVG,0.05,router,11.489891409873964,0.04931601007455128,0.04247669721698344,40
ReadySteadyGo_1920x1080_120fps_420_8bit_YUV.yuv,0,UVG,0.05,router,17.409376651048657,0.05092401735748123,0.052184938314155715,40
ShakeNDry_1920x1080_120fps_420_8bit_YUV.yuv,0,UVG,0.05,router,28.5019239783287,0.04749653030132251,0.0564598769014637,40
YachtRide_1920x1080_120fps_420_8bit_YUV.yuv,0,UVG,0.05,router,19.99590799212456,0.04673449222437995,0.05440490426722988,40
videoSRC01_1920x1080_30.yuv,0,MCL-JCV,0.05,router,30.273451209068302,0.05857648570100453,0.05750269472010672,40
videoSRC02_1920x1080_30.yuv,0,MCL-JCV,0.05,router,20.021309703588486,0.0549440650331565,0.05458607748786193,40
videoSRC03_1920x1080_30.yuv,0,MCL-JCV,0.05,router,23.32777187228203,0.049057622335474574,0.06307099995803611,40
videoSRC04_1920x1080_30.yuv,0,MCL-JCV,0.05,router,39.12455439567566,0.022088933433354694,0.04003983538861888,40
videoSRC05_1920x1080_25.yuv,0,MCL-JCV,0.05,router,3.5920424759387948,0.04985379630137006,0.051489813701827813,40
videoSRC06_1920x1080_25.yuv,0,MCL-JCV,0.05,router,39.12455439567566,0.03224088419020011,0.024900584410012527,40
videoSRC07_1920x1080_25.yuv,0,MCL-JCV,0.05,router,20.764464586973187,0.04726031053118204,0.043414230447936575,40
videoSRC08_1920x1080_25.yuv,0,MCL-JCV,0.05,router,30.084395855665203,0.039169345058521834,0.03893802909581012,40
videoSRC09_1920x1080_25.yuv,0,MCL-JCV,0.05,router,21.046414971351624,0.04275262733330161,0.047995858391260526,40
videoSRC11_1920x1080_30.yuv,0,MCL-JCV,0.05,router,29.341240376234058,0.047130601308202874,0.06863303047534686,40
videoSRC12_1920x1080_30.yuv,0,MCL-JCV,0.05,router,30.57535797357559,0.048487426524826675,0.0606945243366539,40
videoSRC13_1920x1080_30.yuv,0,MCL-JCV,0.05,router,35.02522215247155,0.041369763133961214,0.10023730154627941,40
videoSRC14_1920x1080_30.yuv,0,MCL-JCV,0.05,router,24.959958344697952,0.047177717300548316,0.04558317815652657,40
videoSRC15_1920x1080_30.yuv,0,MCL-JCV,0.05,router,30.272362381219864,0.04874643568465406,0.059570562739615696,40
videoSRC16_1920x1080_30.yuv,0,MCL-JCV,0.05,router,14.425867050886154,0.04656465231856401,0.040509846720567566,40
videoSRC17_1920x1080_24.yuv,0,MCL-JCV,0.05,router,29.99259024858475,0.0441182960978489,0.04242661155498695,40
videoSRC18_1920x1080_25.yuv,0,MCL-JCV,0.05,router,18.808237910270687,0.04074935269070479,0.040269750010029526,40
videoSRC19_1920x1080_30.yuv,0,MCL-JCV,0.05,router,33.5345558822155,0.04655260746374911,0.04419410016488712,40
videoSRC20_1920x1080_25.yuv,0,MCL-JCV,0.05,router,17.3861525952816,0.04453515742928382,0.04155702203973277,40
videoSRC21_1920x1080_24.yuv,0,MCL-JCV,0.05,router,39.12455439567566,0.02207029871673177,0.0585511196388282,40
videoSRC22_1920x1080_24.yuv,0,MCL-JCV,0.05,router,29.783577322959896,0.04486993373759232,0.049343401684708965,40
videoSRC23_1920x1080_24.yuv,0,MCL-JCV,0.05,router,24.423637539148334,0.04515458969672362,0.05013400086992448,40
videoSRC25_1920x1080_24.yuv,0,MCL-JCV,0.05,router,21.603781580924984,0.045617406879451775,0.04131826623078183,40
videoSRC26_1920x1080_30.yuv,0,MCL-JCV,0.05,router,18.692119419574738,0.050190300222483025,0.04959847200446177,40
videoSRC27_1920x1080_30.yuv,0,MCL-JCV,0.05,router,26.170852482318875,0.05504228644034874,0.0678292096169173,40
videoSRC28_1920x1080_30.yuv,0,MCL-JCV,0.05,router,31.413585543632504,0.047717197128612415,0.07233268049246533,40
videoSRC29_1920x1080_24.yuv,0,MCL-JCV,0.05,router,39.12455439567566,0.026554528748609415,0.030472528798817677,40
videoSRC30_1920x1080_30.yuv,0,MCL-JCV,0.05,router,15.312718600034714,0.047634998029729037,0.040761945960511525,40
BQTerrace_1920x1080_60.yuv,0,HEVC_B,0.05,router,28.503012806177143,0.04752936070413421,0.06061507261042465,40
BasketballDrive_1920x1080_50.yuv,0,HEVC_B,0.05,router,11.910093128681186,0.04695476739449419,0.04698708071547486,40
Cactus_1920x1080_50.yuv,0,HEVC_B,0.05,router,23.048000335693363,0.045013199471496096,0.04448150227523939,40
Kimono1_1920x1080_24.yuv,0,HEVC_B,0.05,router,32.882117182016366,0.043612812998353664,0.04306423062964626,40
ParkScene_1920x1080_24.yuv,0,HEVC_B,0.05,router,38.37922126054764,0.041611462006651966,0.04392315875496067,40
FourPeople_1280x720_60.yuv,0,HEVC_E,0.05,router,21.60523255666097,0.042649604307773745,0.05738267543839015,15
Johnny_1280x720_60.yuv,0,HEVC_E,0.05,router,8.928034702936804,0.04822850373331141,0.054969485661573,15
KristenAndSara_1280x720_60.yuv,0,HEVC_E,0.05,router,13.09183756510417,0.04465558198609349,0.05580625028363073,15
BQMall_832x480_60.yuv,0,HEVC_C,0.05,router,20.021309703588486,0.04240328001872539,0.053865972536133455,8
BasketballDrill_832x480_50.yuv,0,HEVC_C,0.05,router,4.290928691625595,0.045195182291701164,0.04341021542764523,8
PartyScene_832x480_50.yuv,0,HEVC_C,0.05,router,29.807890206575394,0.03490029632871619,0.0465675933406402,8
RaceHorses_832x480_30.yuv,0,HEVC_C,0.05,router,21.42017036676407,0.05500532163440537,0.05889679192766195,8
BasketballPass_416x240_50.yuv,0,HEVC_D,0.05,router,24.217891693115234,0.02082927661913581,0.021211431473716402,2
BlowingBubbles_416x240_50.yuv,0,HEVC_D,0.05,router,24.217891693115234,0.023945663737046926,0.027611605693259378,2
BQSquare_416x240_60.yuv,0,HEVC_D,0.05,router,24.217891693115234,0.03682133284296582,0.0522566904354278,2
RaceHorses_416x240_30.yuv,0,HEVC_D,0.05,router,18.622449040412903,0.04837452799276137,0.044750114335883495,2
Beauty_1920x1080_120fps_420_8bit_YUV.yuv,16,UVG,0.05,router,39.12455439567566,0.04401150336257254,0.04814296022141917,40
Bosphorus_1920x1080_120fps_420_8bit_YUV.yuv,16,UVG,0.05,router,16.38536021113396,0.044652429811751146,0.04700745509566673,40
Jockey_1920x1080_120fps_420_8bit_YUV.yuv,16,UVG,0.05,router,10.931435972452164,0.04777491501796853,0.0395049169466688,40
ReadySteadyGo_1920x1080_120fps_420_8bit_YUV.yuv,16,UVG,0.05,router,3.17292839288712,0.04442843193557962,0.04597607343644228,40
ShakeNDry_1920x1080_120fps_420_8bit_YUV.yuv,16,UVG,0.05,router,32.41655617952347,0.044590897734600864,0.046555911619350354,40
YachtRide_1920x1080_120fps_420_8bit_YUV.yuv,16,UVG,0.05,router,9.044878482818607,0.04325582373508549,0.04887386361145474,40
videoSRC01_1920x1080_30.yuv,16,MCL-JCV,0.05,router,28.130346238613125,0.04758634994721094,0.04592413993336919,40
videoSRC02_1920x1080_30.yuv,16,MCL-JCV,0.05,router,-0.601274818181996,0.0481389517286807,0.047842793693369856,40
videoSRC03_1920x1080_30.yuv,16,MCL-JCV,0.05,router,9.39323335886002,0.04502359000898345,0.05165513541736999,40
videoSRC04_1920x1080_30.yuv,16,MCL-JCV,0.05,router,37.261221557855606,0.047066155313548394,0.06071809032130915,40
videoSRC05_1920x1080_25.yuv,16,MCL-JCV,0.05,router,10.606303960084917,0.044951311189713475,0.04705019861543036,40
videoSRC06_1920x1080_25.yuv,16,MCL-JCV,0.05,router,39.12455439567566,0.04308834139587414,0.033973665926467334,40
videoSRC07_1920x1080_25.yuv,16,MCL-JCV,0.05,router,22.396649867296215,0.04859123515833812,0.04029354304088173,40
videoSRC08_1920x1080_25.yuv,16,MCL-JCV,0.05,router,31.390362083911892,0.039734309134051154,0.04224355713514427,40
videoSRC09_1920x1080_25.yuv,16,MCL-JCV,0.05,router,11.352726519107815,0.04281177355477059,0.04463299381866648,40
videoSRC11_1920x1080_30.yuv,16,MCL-JCV,0.05,router,26.03368818759918,0.04802155355620417,0.06830848548954549,40
videoSRC12_1920x1080_30.yuv,16,MCL-JCV,0.05,router,25.63561990857124,0.04638157681410837,0.05752984656039217,40
videoSRC13_1920x1080_30.yuv,16,MCL-JCV,0.05,router,21.79065749049187,0.04279964245252049,0.09986676692270535,40
videoSRC14_1920x1080_30.yuv,16,MCL-JCV,0.05,router,15.290583372116085,0.04777756557783729,0.045619997346115326,40
videoSRC15_1920x1080_30.yuv,16,MCL-JCV,0.05,router,26.777932494878765,0.04786147868674799,0.054749808882938567,40
videoSRC16_1920x1080_30.yuv,16,MCL-JCV,0.05,router,13.377537727355959,0.04773908894887712,0.0415037931156661,40
videoSRC17_1920x1080_24.yuv,16,MCL-JCV,0.05,router,27.943468540906903,0.04271222506847276,0.04035561714451319,40
videoSRC18_1920x1080_25.yuv,16,MCL-JCV,0.05,router,19.158769249916073,0.04395762523445302,0.04663956983742423,40
videoSRC19_1920x1080_30.yuv,16,MCL-JCV,0.05,router,21.861418485641483,0.047968309857303534,0.05268402737531375,40
videoSRC20_1920x1080_25.yuv,16,MCL-JCV,0.05,router,18.319452255964276,0.04002389323314311,0.03706776814194512,40
videoSRC21_1920x1080_24.yuv,16,MCL-JCV,0.05,router,4.290928691625595,0.04151958054544283,0.0379986773878187,40
videoSRC22_1920x1080_24.yuv,16,MCL-JCV,0.05,router,27.54757791757584,0.04458978303249976,0.04867850514559535,40
videoSRC23_1920x1080_24.yuv,16,MCL-JCV,0.05,router,15.429925322532656,0.04648619249787701,0.05618052323650602,40
videoSRC25_1920x1080_24.yuv,16,MCL-JCV,0.05,router,17.1296039223671,0.046498859905246,0.04292721851416559,40
videoSRC26_1920x1080_30.yuv,16,MCL-JCV,0.05,router,7.435916662216191,0.045304493014520664,0.04494381147890891,40
videoSRC27_1920x1080_30.yuv,16,MCL-JCV,0.05,router,22.25622028112412,0.04920081639981987,0.059646089944465075,40
videoSRC28_1920x1080_30.yuv,16,MCL-JCV,0.05,router,30.459240078926086,0.04842504400446055,0.06336129683177916,40
videoSRC29_1920x1080_24.yuv,16,MCL-JCV,0.05,router,37.63388812541961,0.06788783120084964,0.06874251741001558,40
videoSRC30_1920x1080_30.yuv,16,MCL-JCV,0.05,router,21.138219982385632,0.04781671872784932,0.03897489596985082,40
BQTerrace_1920x1080_60.yuv,16,HEVC_B,0.05,router,11.444532126188278,0.045558684157580895,0.0524680203018697,40
BasketballDrive_1920x1080_50.yuv,16,HEVC_B,0.05,router,14.404818862676617,0.04205991984672842,0.042183155824602636,40
Cactus_1920x1080_50.yuv,16,HEVC_B,0.05,router,16.082362830638885,0.04127449951697404,0.0406138344235103,40
Kimono1_1920x1080_24.yuv,16,HEVC_B,0.05,router,28.595907241106033,0.0424451883129973,0.0397992477318212,40
ParkScene_1920x1080_24.yuv,16,HEVC_B,0.05,router,34.372783452272415,0.03882739278375882,0.040075429127632844,40
FourPeople_1280x720_60.yuv,16,HEVC_E,0.05,router,14.707814057668045,0.04248451221329514,0.05001994831913237,15
Johnny_1280x720_60.yuv,16,HEVC_E,0.05,router,6.504068374633787,0.042939790594314284,0.052880772165252665,15
KristenAndSara_1280x720_60.yuv,16,HEVC_E,0.05,router,6.504068374633787,0.04296544898256033,0.048324184304071593,15
BQMall_832x480_60.yuv,16,HEVC_C,0.05,router,10.931435972452164,0.043027557340136045,0.046762673838710356,8
BasketballDrill_832x480_50.yuv,16,HEVC_C,0.05,router,0.7964976131916046,0.0428338614615505,0.045246478698722115,8
PartyScene_832x480_50.yuv,16,HEVC_C,0.05,router,17.22358837723732,0.03718666068816765,0.040200475521242396,8
RaceHorses_832x480_30.yuv,16,HEVC_C,0.05,router,17.22358837723732,0.0406039763397784,0.044893035176905016,8
BasketballPass_416x240_50.yuv,16,HEVC_D,0.05,router,6.03814423084259,0.02760260626549793,0.028763149600067095,2
BlowingBubbles_416x240_50.yuv,16,HEVC_D,0.05,router,13.027006387710571,0.021937536160533188,0.021017670679476907,2
BQSquare_416x240_60.yuv,16,HEVC_D,0.05,router,6.03814423084259,0.03014931447549063,0.028795950634744827,2
RaceHorses_416x240_30.yuv,16,HEVC_D,0.05,router,13.027006387710571,0.03261154572206457,0.028609436578587832,2
Beauty_1920x1080_120fps_420_8bit_YUV.yuv,32,UVG,0.05,router,39.12455439567566,0.0400058145020213,0.04200414018367127,40
Bosphorus_1920x1080_120fps_420_8bit_YUV.yuv,32,UVG,0.05,router,14.566297233104708,0.03906092317985672,0.037754843486425216,40
Jockey_1920x1080_120fps_420_8bit_YUV.yuv,32,UVG,0.05,router,14.031064659357073,0.042164176211321666,0.03388486519036604,40
ShakeNDry_1920x1080_120fps_420_8bit_YUV.yuv,32,UVG,0.05,router,20.3010818362236,0.03747186353510765,0.03355959861683999,40
YachtRide_1920x1080_120fps_420_8bit_YUV.yuv,32,UVG,0.05,router,2.5437131524086,0.04092104314817289,0.043889658802442,40
videoSRC01_1920x1080_30.yuv,32,MCL-JCV,0.05,router,29.62101250886917,0.04717945474471126,0.04399563403922713,40
videoSRC03_1920x1080_30.yuv,32,MCL-JCV,0.05,router,1.8448269367217995,0.04242719196092821,0.04226202382555044,40
videoSRC04_1920x1080_30.yuv,32,MCL-JCV,0.05,router,29.52594041824341,0.042303999280851635,0.04297792826884006,40
videoSRC05_1920x1080_25.yuv,32,MCL-JCV,0.05,router,5.549359172582625,0.040914895277784344,0.04503057082831674,40
videoSRC06_1920x1080_25.yuv,32,MCL-JCV,0.05,router,39.12455439567566,0.016515877994750083,0.012836248730160094,40
videoSRC07_1920x1080_25.yuv,32,MCL-JCV,0.05,router,19.57788214087486,0.04454842951671914,0.03456581348754639,40
videoSRC08_1920x1080_25.yuv,32,MCL-JCV,0.05,router,32.78922274708748,0.0440971359107554,0.044485389790033025,40
videoSRC09_1920x1080_25.yuv,32,MCL-JCV,0.05,router,4.571789056062703,0.04125986193212865,0.03866504805413484,40
videoSRC11_1920x1080_30.yuv,32,MCL-JCV,0.05,router,23.050177991390232,0.04350680191485406,0.06388719108061736,40
videoSRC12_1920x1080_30.yuv,32,MCL-JCV,0.05,router,16.15312322974205,0.0422256756612034,0.048968460627683896,40
videoSRC13_1920x1080_30.yuv,32,MCL-JCV,0.05,router,17.31647983193397,0.03896883829044292,0.05986660550384215,40
videoSRC14_1920x1080_30.yuv,32,MCL-JCV,0.05,router,9.53257530927658,0.04375681546934543,0.04026346561469296,40
videoSRC15_1920x1080_30.yuv,32,MCL-JCV,0.05,router,21.814970374107357,0.04331984090736451,0.04575504613706727,40
videoSRC16_1920x1080_30.yuv,32,MCL-JCV,0.05,router,15.195512473583218,0.048800365439241815,0.0430298309624888,40
videoSRC17_1920x1080_24.yuv,32,MCL-JCV,0.05,router,12.328120172023771,0.04246041860747081,0.03477664194800667,40
videoSRC18_1920x1080_25.yuv,32,MCL-JCV,0.05,router,9.813435673713688,0.04022529882738397,0.041581033656612476,40
videoSRC19_1920x1080_30.yuv,32,MCL-JCV,0.05,router,14.216854125261303,0.0451568660512074,0.04634623844965091,40
videoSRC20_1920x1080_25.yuv,32,MCL-JCV,0.05,router,6.387587338685985,0.03845512567027903,0.03451842159976337,40
videoSRC22_1920x1080_24.yuv,32,MCL-JCV,0.05,router,9.882018417119976,0.03883404509891064,0.043727778604420564,40
videoSRC23_1920x1080_24.yuv,32,MCL-JCV,0.05,router,10.441562682390215,0.041043081719101086,0.045730935427805264,40
videoSRC25_1920x1080_24.yuv,32,MCL-JCV,0.05,router,10.139653533697125,0.03945583905127498,0.03769683565943183,40
videoSRC26_1920x1080_30.yuv,32,MCL-JCV,0.05,router,0.7964976131916046,0.045035376877061814,0.04457639335465302,40
videoSRC27_1920x1080_30.yuv,32,MCL-JCV,0.05,router,22.53599241375923,0.04459565705647346,0.05549263737475485,40
videoSRC28_1920x1080_30.yuv,32,MCL-JCV,0.05,router,25.52059143781662,0.04827955541202394,0.05387567202705412,40
videoSRC29_1920x1080_24.yuv,32,MCL-JCV,0.05,router,15.3580778837204,0.04912468520481536,0.04602358026050979,40
videoSRC30_1920x1080_30.yuv,32,MCL-JCV,0.05,router,15.614625960588457,0.04231331469162604,0.036363681333916986,40
BQTerrace_1920x1080_60.yuv,32,HEVC_B,0.05,router,8.556092828512195,0.03855631458880206,0.044598276720911656,40
BasketballDrive_1920x1080_50.yuv,32,HEVC_B,0.05,router,9.674093723297117,0.03992193661869217,0.04016655556206672,40
Cactus_1920x1080_50.yuv,32,HEVC_B,0.05,router,15.756143182516102,0.03920794852360204,0.03758418840585165,40
Kimono1_1920x1080_24.yuv,32,HEVC_B,0.05,router,13.51687967777252,0.041503608057957206,0.034757496839645796,40
ParkScene_1920x1080_24.yuv,32,HEVC_B,0.05,router,20.65052434802055,0.03863355682636991,0.03655067002279111,40
BQMall_832x480_60.yuv,32,HEVC_C,0.05,router,3.9425738155841827,0.03038882411456649,0.031853777996722954,8
PartyScene_832x480_50.yuv,32,HEVC_C,0.05,router,0.7964976131916046,0.025124770463164595,0.026191991155364747,8
RaceHorses_832x480_30.yuv,32,HEVC_C,0.05,router,5.689789354801178,0.03783844006894416,0.038470153866157375,8
BasketballPass_416x240_50.yuv,32,HEVC_D,0.05,router,6.03814423084259,0.015199006806976207,0.03390607029255932,2
BlowingBubbles_416x240_50.yuv,32,HEVC_D,0.05,router,6.03814423084259,0.02237246555867198,0.02154426404403864,2
BQSquare_416x240_60.yuv,32,HEVC_D,0.05,router,-0.9507179260253906,0.01714153559962563,0.019718733749172657,2
RaceHorses_416x240_30.yuv,32,HEVC_D,0.05,router,-0.9507179260253906,0.026613845595397537,0.023865122806014938,2
Beauty_1920x1080_120fps_420_8bit_YUV.yuv,48,UVG,0.05,router,38.37922126054764,0.029998779996191195,0.026374452609275068,40
Bosphorus_1920x1080_120fps_420_8bit_YUV.yuv,48,UVG,0.05,router,5.3392580151557905,0.037146570971451576,0.03437807069588672,40
Jockey_1920x1080_120fps_420_8bit_YUV.yuv,48,UVG,0.05,router,13.307866752147678,0.04007332798663743,0.035019844532534705,40
ShakeNDry_1920x1080_120fps_420_8bit_YUV.yuv,48,UVG,0.05,router,11.629233956336972,0.03405324611392307,0.03151150929117108,40
videoSRC01_1920x1080_30.yuv,48,MCL-JCV,0.05,router,33.9072224497795,0.04473962494725098,0.03805349170725947,40
videoSRC04_1920x1080_30.yuv,48,MCL-JCV,0.05,router,21.16144225001335,0.036269015168436024,0.03952852062939627,40
videoSRC05_1920x1080_25.yuv,48,MCL-JCV,0.05,router,5.96847325563431,0.034697708829635715,0.04038753511462545,40
videoSRC06_1920x1080_25.yuv,48,MCL-JCV,0.05,router,39.12455439567566,0.008601664437650479,0.00688037243234163,40
videoSRC07_1920x1080_25.yuv,48,MCL-JCV,0.05,router,18.133662790060047,0.04130216574849985,0.031624486263240215,40
videoSRC08_1920x1080_25.yuv,48,MCL-JCV,0.05,router,34.02334034442902,0.04206363706912253,0.04361624632853989,40
videoSRC09_1920x1080_25.yuv,48,MCL-JCV,0.05,router,0.3077125549316384,0.03529235098689978,0.03025839581251688,40
videoSRC11_1920x1080_30.yuv,48,MCL-JCV,0.05,router,14.776398390531542,0.036833220449664646,0.04255800198642845,40
videoSRC13_1920x1080_30.yuv,48,MCL-JCV,0.05,router,6.597688496112819,0.03352223878841089,0.038549344136839636,40
videoSRC14_1920x1080_30.yuv,48,MCL-JCV,0.05,router,5.688701122999196,0.03854911524390774,0.035129042016933454,40
videoSRC15_1920x1080_30.yuv,48,MCL-JCV,0.05,router,16.386447846889496,0.03709781927003102,0.036177109185366874,40
videoSRC16_1920x1080_30.yuv,48,MCL-JCV,0.05,router,16.804474294185635,0.04709723162535969,0.040295318634143484,40
videoSRC17_1920x1080_24.yuv,48,MCL-JCV,0.05,router,3.9414855837822005,0.038413995137528904,0.02912865030779699,40
videoSRC19_1920x1080_30.yuv,48,MCL-JCV,0.05,router,1.8448269367217995,0.03433214668648613,0.03459358089654785,40
videoSRC21_1920x1080_24.yuv,48,MCL-JCV,0.05,router,14.425867050886154,0.03947822401611653,0.03657534188587874,40
videoSRC22_1920x1080_24.yuv,48,MCL-JCV,0.05,router,4.64037179946899,0.03652268274848057,0.03834067037303868,40
videoSRC23_1920x1080_24.yuv,48,MCL-JCV,0.05,router,0.0976113975048043,0.03540780604645296,0.03637258182516234,40
videoSRC27_1920x1080_30.yuv,48,MCL-JCV,0.05,router,21.78957045078278,0.038787686950468865,0.043073978696959614,40
videoSRC28_1920x1080_30.yuv,48,MCL-JCV,0.05,router,13.867411017417908,0.043789180616842865,0.04120314437925998,40
videoSRC29_1920x1080_24.yuv,48,MCL-JCV,0.05,router,17.501182854175568,0.048851496296928164,0.04297457249789716,40
videoSRC30_1920x1080_30.yuv,48,MCL-JCV,0.05,router,15.5914019048214,0.03824207190839651,0.03365651105170997,40
BQTerrace_1920x1080_60.yuv,48,HEVC_B,0.05,router,0.7964976131916046,0.028242371045799283,0.032066918019332036,40
BasketballDrive_1920x1080_50.yuv,48,HEVC_B,0.05,router,10.932524204254147,0.033168074220930106,0.0352640950213754,40
Cactus_1920x1080_50.yuv,48,HEVC_B,0.05,router,13.42724934220314,0.036177799921357036,0.034758018458440176,40
Kimono1_1920x1080_24.yuv,48,HEVC_B,0.05,router,2.5437131524086,0.03877573709195283,0.029556554106761723,40
ParkScene_1920x1080_24.yuv,48,HEVC_B,0.05,router,-0.601274818181996,0.02697225690882247,0.023812701756384058,40
Johnny_1280x720_60.yuv,48,HEVC_E,0.05,router,-0.9507179260253906,0.03639516397599436,0.04310144093139456,15
RaceHorses_832x480_30.yuv,48,HEVC_C,0.05,router,-0.9507179260253906,0.02592860566551495,0.026537150119402497,8
BlowingBubbles_416x240_50.yuv,48,HEVC_D,0.05,router,-0.9507179260253906,0.009251684968091015,0.006983466878352829,2
RaceHorses_416x240_30.yuv,48,HEVC_D,0.05,router,-0.9507179260253906,0.02334539203061463,0.019022433270926342,2
Beauty_1920x1080_120fps_420_8bit_YUV.yuv,63,UVG,0.05,router,35.02522215247155,0.03850156983432825,0.027745244100728428,40
Bosphorus_1920x1080_120fps_420_8bit_YUV.yuv,63,UVG,0.05,router,2.8931562602519945,0.03237006824973771,0.031174592733648865,40
Jockey_1920x1080_120fps_420_8bit_YUV.yuv,63,UVG,0.05,router,16.105588078498844,0.032567378884734405,0.03153632006945628,40
ShakeNDry_1920x1080_120fps_420_8bit_YUV.yuv,63,UVG,0.05,router,2.1942700445652052,0.02804067055820057,0.024378142232862388,40
videoSRC01_1920x1080_30.yuv,63,MCL-JCV,0.05,router,36.143221855163574,0.038058278069278494,0.030438292008540202,40
videoSRC05_1920x1080_25.yuv,63,MCL-JCV,0.05,router,6.878548860549927,0.026548472152590593,0.03221143009157146,40
videoSRC06_1920x1080_25.yuv,63,MCL-JCV,0.05,router,38.37922126054764,0.02573968054702563,0.04624549947331502,40
videoSRC07_1920x1080_25.yuv,63,MCL-JCV,0.05,router,14.731037914752964,0.03879994767840894,0.0294581471065527,40
videoSRC08_1920x1080_25.yuv,63,MCL-JCV,0.05,router,34.11623477935791,0.036908394053519596,0.04003077242828823,40
videoSRC09_1920x1080_25.yuv,63,MCL-JCV,0.05,router,1.286370903253553,0.03146866761815377,0.022648832188842505,40
videoSRC11_1920x1080_30.yuv,63,MCL-JCV,0.05,router,5.3392580151557905,0.0251995114345506,0.02726281052367341,40
videoSRC13_1920x1080_30.yuv,63,MCL-JCV,0.05,router,4.290928691625595,0.028350608307419076,0.029957862291531967,40
videoSRC14_1920x1080_30.yuv,63,MCL-JCV,0.05,router,7.29657471179962,0.032675282980328346,0.02996957825460811,40
videoSRC15_1920x1080_30.yuv,63,MCL-JCV,0.05,router,8.066220134496692,0.03090396038707772,0.027870019645341415,40
videoSRC16_1920x1080_30.yuv,63,MCL-JCV,0.05,router,25.70529088377953,0.03898410931840652,0.03380084892765467,40
videoSRC17_1920x1080_24.yuv,63,MCL-JCV,0.05,router,2.5437131524086,0.03243161802915217,0.024301550508390335,40
videoSRC21_1920x1080_24.yuv,63,MCL-JCV,0.05,router,16.56897202134132,0.04289173208119415,0.04091662512249883,40
videoSRC22_1920x1080_24.yuv,63,MCL-JCV,0.05,router,4.64037179946899,0.029966911696578308,0.029361413888487675,40
videoSRC23_1920x1080_24.yuv,63,MCL-JCV,0.05,router,1.1459407210349992,0.03128225080606982,0.030743689704195276,40
videoSRC27_1920x1080_30.yuv,63,MCL-JCV,0.05,router,16.103411018848423,0.03790663498309734,0.03757733822056508,40
videoSRC28_1920x1080_30.yuv,63,MCL-JCV,0.05,router,12.538221329450606,0.041688552519569835,0.03358837695828498,40
videoSRC29_1920x1080_24.yuv,63,MCL-JCV,0.05,router,18.246515989303592,0.040342126319567316,0.036217465027128526,40
videoSRC30_1920x1080_30.yuv,63,MCL-JCV,0.05,router,19.90192353725433,0.03557763295806886,0.02962173300149118,40
BasketballDrive_1920x1080_50.yuv,63,HEVC_B,0.05,router,14.22011882066727,0.02709272855643538,0.02938552943361117,40
Cactus_1920x1080_50.yuv,63,HEVC_B,0.05,router,13.707021474838255,0.033366917346661855,0.03142199157064596,40
Kimono1_1920x1080_24.yuv,63,HEVC_B,0.05,router,3.2425993680954,0.033575712951551366,0.02513161718552226,40
Johnny_1280x720_60.yuv,63,HEVC_E,0.05,router,-0.9507179260253906,0.03011905659691413,0.0393283737405099,15
Beauty_1920x1080_120fps_420_8bit_YUV.yuv,0,UVG,0.05,dither,33.5345558822155,0.05513542762143039,0.05616373158830612,40
Bosphorus_1920x1080_120fps_420_8bit_YUV.yuv,0,UVG,0.05,dither,21.42017036676407,0.05390436798658589,0.06211490265673092,40
Jockey_1920x1080_120fps_420_8bit_YUV.yuv,0,UVG,0.05,dither,9.183132201433185,0.0516406571301902,0.04346534740988517,40
ReadySteadyGo_1920x1080_120fps_420_8bit_YUV.yuv,0,UVG,0.05,dither,13.866322785615925,0.05149678013630817,0.05166327934710324,40
ShakeNDry_1920x1080_120fps_420_8bit_YUV.yuv,0,UVG,0.05,dither,26.081224530935287,0.045789757336218345,0.055291372299379304,40
YachtRide_1920x1080_120fps_420_8bit_YUV.yuv,0,UVG,0.05,dither,18.062904775142673,0.04688500444526591,0.05411323859348016,40
videoSRC01_1920x1080_30.yuv,0,MCL-JCV,0.05,dither,28.689890503883365,0.0612070209944373,0.06045974041263946,40
videoSRC02_1920x1080_30.yuv,0,MCL-JCV,0.05,dither,19.461765438318256,0.053564175386614406,0.053969992842979764,40
videoSRC03_1920x1080_30.yuv,0,MCL-JCV,0.05,dither,16.66404411196709,0.048063171920257164,0.062064413420387154,40
videoSRC04_1920x1080_30.yuv,0,MCL-JCV,0.05,dither,39.12455439567566,0.022088933433354694,0.04003983538861888,40
videoSRC05_1920x1080_25.yuv,0,MCL-JCV,0.05,dither,1.1459407210349992,0.051324359813415876,0.0526526911286993,40
videoSRC06_1920x1080_25.yuv,0,MCL-JCV,0.05,dither,39.12455439567566,0.03224088419020011,0.024900584410012527,40
videoSRC07_1920x1080_25.yuv,0,MCL-JCV,0.05,dither,15.265183448791507,0.045704041404231004,0.04168713264817825,40
videoSRC08_1920x1080_25.yuv,0,MCL-JCV,0.05,dither,19.741537570953373,0.04405397317824852,0.04382458128225153,40
videoSRC09_1920x1080_25.yuv,0,MCL-JCV,0.05,dither,19.741537570953373,0.043717831124472535,0.04966503086026819,40
videoSRC11_1920x1080_30.yuv,0,MCL-JCV,0.05,dither,28.689890503883365,0.049536663553593006,0.06939071913735262,40
videoSRC12_1920x1080_30.yuv,0,MCL-JCV,0.05,dither,25.335891395807263,0.04874252006316221,0.06199666997534692,40
videoSRC13_1920x1080_30.yuv,0,MCL-JCV,0.05,dither,30.925889909267422,0.044311889597906946,0.09166426416377149,40
videoSRC14_1920x1080_30.yuv,0,MCL-JCV,0.05,dither,22.259486764669422,0.04883817424736467,0.04890289110404211,40
videoSRC15_1920x1080_30.yuv,0,MCL-JCV,0.05,dither,27.199224233627316,0.04972779732893699,0.06424186689477196,40
videoSRC16_1920x1080_30.yuv,0,MCL-JCV,0.05,dither,13.306778520345686,0.04731275057270555,0.04059813486625785,40
videoSRC17_1920x1080_24.yuv,0,MCL-JCV,0.05,dither,27.94455736875534,0.04489122314717791,0.04360620215803834,40
videoSRC18_1920x1080_25.yuv,0,MCL-JCV,0.05,dither,17.503360509872433,0.041709648571605216,0.04193183037595105,40
videoSRC19_1920x1080_30.yuv,0,MCL-JCV,0.05,dither,28.317223936319348,0.0507127316272359,0.05222379413535805,40
videoSRC20_1920x1080_25.yuv,0,MCL-JCV,0.05,dither,10.580904632806776,0.048454230553944905,0.04402445281213829,40
videoSRC21_1920x1080_24.yuv,0,MCL-JCV,0.05,dither,39.12455439567566,0.02207029871673177,0.0585511196388282,40
videoSRC22_1920x1080_24.yuv,0,MCL-JCV,0.05,dither,24.217891693115234,0.04454466900056911,0.055972845729002074,40
videoSRC23_1920x1080_24.yuv,0,MCL-JCV,0.05,dither,20.580853968858715,0.044931593337647895,0.05766546128267436,40
videoSRC25_1920x1080_24.yuv,0,MCL-JCV,0.05,dither,13.586550652980801,0.04573000970034415,0.041260612445022105,40
videoSRC26_1920x1080_30.yuv,0,MCL-JCV,0.05,dither,20.021309703588486,0.050445047299297885,0.05033191644548651,40
videoSRC27_1920x1080_30.yuv,0,MCL-JCV,0.05,dither,27.199224233627316,0.05629159966387359,0.06732456737522341,40
videoSRC28_1920x1080_30.yuv,0,MCL-JCV,0.05,dither,24.96322482824326,0.047210657370758344,0.07655164219781341,40
videoSRC29_1920x1080_24.yuv,0,MCL-JCV,0.05,dither,39.12455439567566,0.026554528748609415,0.030472528798817677,40
videoSRC30_1920x1080_30.yuv,0,MCL-JCV,0.05,dither,15.265183448791507,0.049576854970514485,0.04357758084019281,40
BQTerrace_1920x1080_60.yuv,0,HEVC_B,0.05,dither,24.217891693115234,0.049056745404932496,0.06440295483134051,40
BasketballDrive_1920x1080_50.yuv,0,HEVC_B,0.05,dither,8.833689093589781,0.04840603528341804,0.04783478496369753,40
Cactus_1920x1080_50.yuv,0,HEVC_B,0.05,dither,20.86062610149384,0.04739229297648351,0.04753514740338716,40
Kimono1_1920x1080_24.yuv,0,HEVC_B,0.05,dither,30.1805567741394,0.04505466202856698,0.04445240697154418,40
ParkScene_1920x1080_24.yuv,0,HEVC_B,0.05,dither,37.63388812541961,0.042829379557947626,0.04519365732828007,40
FourPeople_1280x720_60.yuv,0,HEVC_E,0.05,dither,13.027006387710571,0.044033076482532116,0.057514697541250825,15
Johnny_1280x720_60.yuv,0,HEVC_E,0.05,dither,-0.9507179260253906,0.04644678899695886,0.0557209833720691,15
KristenAndSara_1280x720_60.yuv,0,HEVC_E,0.05,dither,2.7766752243042037,0.04301242709457177,0.05278805820137933,15
BQMall_832x480_60.yuv,0,HEVC_C,0.05,dither,20.021309703588486,0.04277062316702787,0.05455288693377369,8
BasketballDrill_832x480_50.yuv,0,HEVC_C,0.05,dither,4.290928691625595,0.04544979020754682,0.04373591624587547,8
PartyScene_832x480_50.yuv,0,HEVC_C,0.05,dither,27.94455736875534,0.031021923783647376,0.040554666138095996,8
RaceHorses_832x480_30.yuv,0,HEVC_C,0.05,dither,21.42017036676407,0.05616390395633686,0.060621653848734525,8
BasketballPass_416x240_50.yuv,0,HEVC_D,0.05,dither,24.217891693115234,0.02082927661913581,0.021211431473716402,2
BlowingBubbles_416x240_50.yuv,0,HEVC_D,0.05,dither,24.217891693115234,0.023945663737046926,0.027611605693259378,2
BQSquare_416x240_60.yuv,0,HEVC_D,0.05,dither,24.217891693115234,0.03682133284296582,0.0522566904354278,2
RaceHorses_416x240_30.yuv,0,HEVC_D,0.05,dither,18.622449040412903,0.04837452799276137,0.044750114335883495,2
Beauty_1920x1080_120fps_420_8bit_YUV.yuv,16,UVG,0.05,dither,39.12455439567566,0.04401150336257254,0.04814296022141917,40
Bosphorus_1920x1080_120fps_420_8bit_YUV.yuv,16,UVG,0.05,dither,16.10449984669685,0.04593551826028454,0.04825878389154781,40
Jockey_1920x1080_120fps_420_8bit_YUV.yuv,16,UVG,0.05,dither,8.484245985746385,0.051259460581034304,0.04236956092704958,40
ReadySteadyGo_1920x1080_120fps_420_8bit_YUV.yuv,16,UVG,0.05,dither,0.7964976131916046,0.04523804228707345,0.04645609260457206,40
ShakeNDry_1920x1080_120fps_420_8bit_YUV.yuv,16,UVG,0.05,dither,28.689890503883365,0.04050941055666961,0.04230237755719202,40
YachtRide_1920x1080_120fps_420_8bit_YUV.yuv,16,UVG,0.05,dither,7.086473554372786,0.04429592182032926,0.04808197549992599,40
videoSRC01_1920x1080_30.yuv,16,MCL-JCV,0.05,dither,26.826557666063312,0.04949010921979454,0.047147808034864624,40
videoSRC02_1920x1080_30.yuv,16,MCL-JCV,0.05,dither,-0.2518317103386014,0.0481542787900898,0.0478391745274962,40
videoSRC03_1920x1080_30.yuv,16,MCL-JCV,0.05,dither,4.989814907312395,0.045949905527192234,0.05200981157677376,40
videoSRC04_1920x1080_30.yuv,16,MCL-JCV,0.05,dither,33.5345558822155,0.046671089818414176,0.05951673266477542,40
videoSRC05_1920x1080_25.yuv,16,MCL-JCV,0.05,dither,6.387587338685985,0.04780101281763046,0.05357452158805387,40
videoSRC06_1920x1080_25.yuv,16,MCL-JCV,0.05,dither,39.12455439567566,0.04308834139587414,0.033973665926467334,40
videoSRC07_1920x1080_25.yuv,16,MCL-JCV,0.05,dither,15.824727714061737,0.04747118082461682,0.038394621921170824,40
videoSRC08_1920x1080_25.yuv,16,MCL-JCV,0.05,dither,25.70855796337128,0.045466305446615445,0.04645291096574766,40
videoSRC09_1920x1080_25.yuv,16,MCL-JCV,0.05,dither,8.484245985746385,0.04265059924703287,0.0431074919037826,40
videoSRC11_1920x1080_30.yuv,16,MCL-JCV,0.05,dither,24.217891693115234,0.049326669563396174,0.07136929227432631,40
videoSRC12_1920x1080_30.yuv,16,MCL-JCV,0.05,dither,14.14609491825104,0.040836529077133046,0.047720152169787866,40
videoSRC13_1920x1080_30.yuv,16,MCL-JCV,0.05,dither,9.183132201433185,0.0459802294917109,0.06670543747689806,40
videoSRC14_1920x1080_30.yuv,16,MCL-JCV,0.05,dither,8.134802877902981,0.045700995234448316,0.04326280102386448,40
videoSRC15_1920x1080_30.yuv,16,MCL-JCV,0.05,dither,22.81903102993965,0.04727878526189875,0.05671590173957952,40
videoSRC16_1920x1080_30.yuv,16,MCL-JCV,0.05,dither,13.027006387710571,0.04791308701453798,0.04129199408586004,40
videoSRC17_1920x1080_24.yuv,16,MCL-JCV,0.05,dither,23.37857529520988,0.04383495616618947,0.04042006196562653,40
videoSRC18_1920x1080_25.yuv,16,MCL-JCV,0.05,dither,15.265183448791507,0.04483777400786729,0.04846356970465848,40
videoSRC19_1920x1080_30.yuv,16,MCL-JCV,0.05,dither,18.34267690777779,0.046873016174335244,0.05220127752572523,40
videoSRC20_1920x1080_25.yuv,16,MCL-JCV,0.05,dither,13.586550652980801,0.04438341323958137,0.04283094957536804,40
videoSRC21_1920x1080_24.yuv,16,MCL-JCV,0.05,dither,6.387587338685985,0.04475589500716641,0.04138636205999546,40
videoSRC22_1920x1080_24.yuv,16,MCL-JCV,0.05,dither,15.265183448791507,0.05037221781706075,0.059933826190409434,40
videoSRC23_1920x1080_24.yuv,16,MCL-JCV,0.05,dither,13.866322785615925,0.044967046206404085,0.053041284324635285,40
videoSRC25_1920x1080_24.yuv,16,MCL-JCV,0.05,dither,7.086473554372786,0.04594582247612086,0.042693233596402536,40
videoSRC26_1920x1080_30.yuv,16,MCL-JCV,0.05,dither,6.387587338685985,0.04655676941416608,0.045332228475366776,40
videoSRC27_1920x1080_30.yuv,16,MCL-JCV,0.05,dither,26.081224530935287,0.04726177527939233,0.058194400040747496,40
videoSRC28_1920x1080_30.yuv,16,MCL-JCV,0.05,dither,25.70855796337128,0.04887185935368085,0.06643115132110466,40
videoSRC29_1920x1080_24.yuv,16,MCL-JCV,0.05,dither,35.39788872003555,0.06640838710026536,0.06810807228678328,40
videoSRC30_1920x1080_30.yuv,16,MCL-JCV,0.05,dither,18.062904775142673,0.04694501089941662,0.038415508007467736,40
BQTerrace_1920x1080_60.yuv,16,HEVC_B,0.05,dither,5.688701122999196,0.0447535198989321,0.05274791573644322,40
BasketballDrive_1920x1080_50.yuv,16,HEVC_B,0.05,dither,7.785359770059586,0.04683580649999268,0.04766275640718476,40
Cactus_1920x1080_50.yuv,16,HEVC_B,0.05,dither,10.580904632806776,0.04365156885742047,0.04215207967589407,40
Kimono1_1920x1080_24.yuv,16,HEVC_B,0.05,dither,23.93811956048012,0.044558252265088166,0.04050888329604163,40
ParkScene_1920x1080_24.yuv,16,HEVC_B,0.05,dither,30.925889909267422,0.04320701476313152,0.04501082897108688,40
FourPeople_1280x720_60.yuv,16,HEVC_E,0.05,dither,4.64037179946899,0.04094266751751778,0.047396198808669965,15
Johnny_1280x720_60.yuv,16,HEVC_E,0.05,dither,2.7766752243042037,0.04196954171103727,0.05157038461189245,15
KristenAndSara_1280x720_60.yuv,16,HEVC_E,0.05,dither,-0.9507179260253906,0.03785024916690017,0.04249106462520302,15
BQMall_832x480_60.yuv,16,HEVC_C,0.05,dither,9.53257530927658,0.0458989551319652,0.050149654862906345,8
BasketballDrill_832x480_50.yuv,16,HEVC_C,0.05,dither,-0.9507179260253906,0.04179719877816061,0.044550767972260985,8
PartyScene_832x480_50.yuv,16,HEVC_C,0.05,dither,15.824727714061737,0.03932147128162723,0.044626018241565646,8
RaceHorses_832x480_30.yuv,16,HEVC_C,0.05,dither,17.22358837723732,0.0406039763397784,0.044893035176905016,8
BasketballPass_416x240_50.yuv,16,HEVC_D,0.05,dither,6.03814423084259,0.03328847770824281,0.03196021501580759,2
BlowingBubbles_416x240_50.yuv,16,HEVC_D,0.05,dither,18.622449040412903,0.03417927828154799,0.03400447920250471,2
BQSquare_416x240_60.yuv,16,HEVC_D,0.05,dither,6.03814423084259,0.03014931447549063,0.028795950634744827,2
RaceHorses_416x240_30.yuv,16,HEVC_D,0.05,dither,13.027006387710571,0.03261154572206457,0.028609436578587832,2
Beauty_1920x1080_120fps_420_8bit_YUV.yuv,32,UVG,0.05,dither,39.12455439567566,0.0400058145020213,0.04200414018367127,40
Bosphorus_1920x1080_120fps_420_8bit_YUV.yuv,32,UVG,0.05,dither,14.425867050886154,0.03893835587272425,0.03821230115224239,40
Jockey_1920x1080_120fps_420_8bit_YUV.yuv,32,UVG,0.05,dither,11.978677064180376,0.0439490206731916,0.03627938707096945,40
ShakeNDry_1920x1080_120fps_420_8bit_YUV.yuv,32,UVG,0.05,dither,19.461765438318256,0.036533450845196075,0.03267797140266282,40
YachtRide_1920x1080_120fps_420_8bit_YUV.yuv,32,UVG,0.05,dither,0.7964976131916046,0.04183682281699101,0.04504531866175654,40
videoSRC01_1920x1080_30.yuv,32,MCL-JCV,0.05,dither,27.199224233627316,0.05084627303812216,0.04647298397027555,40
videoSRC03_1920x1080_30.yuv,32,MCL-JCV,0.05,dither,1.8448269367217995,0.04221043757103858,0.04206589895517254,40
videoSRC04_1920x1080_30.yuv,32,MCL-JCV,0.05,dither,23.37857529520988,0.043447902939368566,0.05336847916240117,40
videoSRC05_1920x1080_25.yuv,32,MCL-JCV,0.05,dither,7.086473554372786,0.0406658620297192,0.05351300864533215,40
videoSRC06_1920x1080_25.yuv,32,MCL-JCV,0.05,dither,39.12455439567566,0.016515877994750083,0.012836248730160094,40
videoSRC07_1920x1080_25.yuv,32,MCL-JCV,0.05,dither,15.265183448791507,0.04143907794059595,0.03274706615599854,40
videoSRC08_1920x1080_25.yuv,32,MCL-JCV,0.05,dither,26.453891098499295,0.044439988265406676,0.044197569505918466,40
videoSRC09_1920x1080_25.yuv,32,MCL-JCV,0.05,dither,2.8931562602519945,0.04307089318015898,0.04118223618196737,40
videoSRC11_1920x1080_30.yuv,32,MCL-JCV,0.05,dither,20.3010818362236,0.04402138871619777,0.06097972593060774,40
videoSRC12_1920x1080_30.yuv,32,MCL-JCV,0.05,dither,7.435916662216191,0.04247866349294181,0.04672853039887315,40
videoSRC13_1920x1080_30.yuv,32,MCL-JCV,0.05,dither,3.5920424759387948,0.04127785307716371,0.050941439053509896,40
videoSRC14_1920x1080_30.yuv,32,MCL-JCV,0.05,dither,6.387587338685985,0.04400059305046039,0.04138346747000554,40
videoSRC15_1920x1080_30.yuv,32,MCL-JCV,0.05,dither,14.425867050886154,0.04467593936698554,0.04284380868323012,40
videoSRC16_1920x1080_30.yuv,32,MCL-JCV,0.05,dither,17.22358837723732,0.04886820649996592,0.04455832931189718,40
videoSRC17_1920x1080_24.yuv,32,MCL-JCV,0.05,dither,10.580904632806776,0.04143190876372592,0.03422996502911957,40
videoSRC18_1920x1080_25.yuv,32,MCL-JCV,0.05,dither,6.387587338685985,0.041526103385645774,0.04734710493483618,40
videoSRC19_1920x1080_30.yuv,32,MCL-JCV,0.05,dither,14.14609491825104,0.04598459158746126,0.04665296886113879,40
videoSRC20_1920x1080_25.yuv,32,MCL-JCV,0.05,dither,2.1942700445652052,0.04070630125086079,0.0378888691757453,40
videoSRC22_1920x1080_24.yuv,32,MCL-JCV,0.05,dither,7.086473554372786,0.0407526228141027,0.04483499967267335,40
videoSRC23_1920x1080_24.yuv,32,MCL-JCV,0.05,dither,7.435916662216191,0.041676439010179436,0.04640734439556837,40
videoSRC25_1920x1080_24.yuv,32,MCL-JCV,0.05,dither,0.44705450534821,0.04033553289004687,0.036324711038105306,40
videoSRC26_1920x1080_30.yuv,32,MCL-JCV,0.05,dither,0.0976113975048043,0.04549948678949763,0.04471496968969291,40
videoSRC27_1920x1080_30.yuv,32,MCL-JCV,0.05,dither,28.317223936319348,0.047236615491936945,0.0586071366912293,40
videoSRC28_1920x1080_30.yuv,32,MCL-JCV,0.05,dither,24.96322482824326,0.051390681511628455,0.05901628990712737,40
videoSRC29_1920x1080_24.yuv,32,MCL-JCV,0.05,dither,14.705639183521269,0.05134041813083337,0.04601918790907433,40
videoSRC30_1920x1080_30.yuv,32,MCL-JCV,0.05,dither,13.866322785615925,0.042811033987145565,0.03688837786105381,40
BQTerrace_1920x1080_60.yuv,32,HEVC_B,0.05,dither,2.1942700445652052,0.04060673987861545,0.048389327867703,40
BasketballDrive_1920x1080_50.yuv,32,HEVC_B,0.05,dither,8.833689093589781,0.04025880084812078,0.046184410903236994,40
Cactus_1920x1080_50.yuv,32,HEVC_B,0.05,dither,8.134802877902981,0.04126336403040322,0.04121093803293263,40
Kimono1_1920x1080_24.yuv,32,HEVC_B,0.05,dither,11.978677064180376,0.041443181639270396,0.03472580263395031,40
ParkScene_1920x1080_24.yuv,32,HEVC_B,0.05,dither,13.586550652980801,0.039279215614455354,0.03727629834623514,40
BQMall_832x480_60.yuv,32,HEVC_C,0.05,dither,4.290928691625595,0.03645729478212705,0.03988541917679811,8
PartyScene_832x480_50.yuv,32,HEVC_C,0.05,dither,0.7964976131916046,0.025343489829684096,0.027996030535238248,8
RaceHorses_832x480_30.yuv,32,HEVC_C,0.05,dither,4.290928691625595,0.03204993491410864,0.03284424017120813,8
BasketballPass_416x240_50.yuv,32,HEVC_D,0.05,dither,13.027006387710571,0.011351727106128827,0.05621269075209767,2
BlowingBubbles_416x240_50.yuv,32,HEVC_D,0.05,dither,6.03814423084259,0.022086846415545924,0.02215614233367802,2
BQSquare_416x240_60.yuv,32,HEVC_D,0.05,dither,-0.9507179260253906,0.01714153559962563,0.019718733749172657,2
RaceHorses_416x240_30.yuv,32,HEVC_D,0.05,dither,-0.9507179260253906,0.026613845595397537,0.023865122806014938,2
Beauty_1920x1080_120fps_420_8bit_YUV.yuv,48,UVG,0.05,dither,37.63388812541961,0.03033254283339628,0.02681157410810897,40
Bosphorus_1920x1080_120fps_420_8bit_YUV.yuv,48,UVG,0.05,dither,4.989814907312395,0.03678260503329504,0.034748159010440816,40
Jockey_1920x1080_120fps_420_8bit_YUV.yuv,48,UVG,0.05,dither,13.586550652980801,0.04063003883800092,0.03713952363932549,40
ShakeNDry_1920x1080_120fps_420_8bit_YUV.yuv,48,UVG,0.05,dither,10.23146152496338,0.03376115699965134,0.0310285824160772,40
videoSRC01_1920x1080_30.yuv,48,MCL-JCV,0.05,dither,30.55322334170342,0.04295335100544516,0.03613376016821235,40
videoSRC04_1920x1080_30.yuv,48,MCL-JCV,0.05,dither,13.866322785615925,0.03665507709178444,0.042007294022866404,40
videoSRC05_1920x1080_25.yuv,48,MCL-JCV,0.05,dither,14.425867050886154,0.035038101119852304,0.06766641671293172,40
videoSRC06_1920x1080_25.yuv,48,MCL-JCV,0.05,dither,39.12455439567566,0.008601664437650479,0.00688037243234163,40
videoSRC07_1920x1080_25.yuv,48,MCL-JCV,0.05,dither,14.705639183521269,0.03696288096610879,0.030128693697633935,40
videoSRC08_1920x1080_25.yuv,48,MCL-JCV,0.05,dither,29.807890206575394,0.042284933985113904,0.04494389128474552,40
videoSRC09_1920x1080_25.yuv,48,MCL-JCV,0.05,dither,-0.2518317103386014,0.035614779614276316,0.031094809567363768,40
videoSRC11_1920x1080_30.yuv,48,MCL-JCV,0.05,dither,15.265183448791507,0.03656368392902487,0.039845411622032145,40
videoSRC13_1920x1080_30.yuv,48,MCL-JCV,0.05,dither,0.44705450534821,0.03427576964171751,0.039286438442616145,40
videoSRC14_1920x1080_30.yuv,48,MCL-JCV,0.05,dither,5.688701122999196,0.037725102427045965,0.035187884921349166,40
videoSRC15_1920x1080_30.yuv,48,MCL-JCV,0.05,dither,9.882018417119976,0.038059119667259333,0.03455534865240395,40
videoSRC16_1920x1080_30.yuv,48,MCL-JCV,0.05,dither,15.544955581426622,0.045990664236789,0.0398409168785534,40
videoSRC17_1920x1080_24.yuv,48,MCL-JCV,0.05,dither,3.5920424759387948,0.03721349516202485,0.02880917532548466,40
videoSRC19_1920x1080_30.yuv,48,MCL-JCV,0.05,dither,1.495383828878405,0.033579203384946826,0.03422221413914173,40
videoSRC21_1920x1080_24.yuv,48,MCL-JCV,0.05,dither,14.985411316156384,0.0459661663363778,0.04106598390507088,40
videoSRC22_1920x1080_24.yuv,48,MCL-JCV,0.05,dither,2.1942700445652052,0.037531615755000684,0.03894831703398438,40
videoSRC23_1920x1080_24.yuv,48,MCL-JCV,0.05,dither,0.0976113975048043,0.03586244551310604,0.03664751770782004,40
videoSRC27_1920x1080_30.yuv,48,MCL-JCV,0.05,dither,19.461765438318256,0.03884639099698082,0.04462658382214357,40
videoSRC28_1920x1080_30.yuv,48,MCL-JCV,0.05,dither,14.705639183521269,0.04527728760933186,0.038539902379469027,40
videoSRC29_1920x1080_24.yuv,48,MCL-JCV,0.05,dither,13.306778520345686,0.04581067615017512,0.0393829014330791,40
videoSRC30_1920x1080_30.yuv,48,MCL-JCV,0.05,dither,14.425867050886154,0.04269657906536606,0.03972250622405227,40
BQTerrace_1920x1080_60.yuv,48,HEVC_B,0.05,dither,-0.601274818181996,0.028884678027148475,0.03315452060184043,40
BasketballDrive_1920x1080_50.yuv,48,HEVC_B,0.05,dither,15.544955581426622,0.03442675184999692,0.055642665308674566,40
Cactus_1920x1080_50.yuv,48,HEVC_B,0.05,dither,8.134802877902981,0.039090089725266126,0.042759028334586446,40
Kimono1_1920x1080_24.yuv,48,HEVC_B,0.05,dither,3.5920424759387948,0.03735074471008397,0.02892810948751645,40
ParkScene_1920x1080_24.yuv,48,HEVC_B,0.05,dither,-0.601274818181996,0.027359489890760147,0.024083456821266225,40
Johnny_1280x720_60.yuv,48,HEVC_E,0.05,dither,-0.9507179260253906,0.03639516397599436,0.04310144093139456,15
RaceHorses_832x480_30.yuv,48,HEVC_C,0.05,dither,-0.9507179260253906,0.02592860566551495,0.026537150119402497,8
BlowingBubbles_416x240_50.yuv,48,HEVC_D,0.05,dither,-0.9507179260253906,0.009251684968091015,0.006983466878352829,2
RaceHorses_416x240_30.yuv,48,HEVC_D,0.05,dither,-0.9507179260253906,0.02334539203061463,0.019022433270926342,2
Beauty_1920x1080_120fps_420_8bit_YUV.yuv,63,UVG,0.05,dither,32.04388961195945,0.03487316966988504,0.0254640791415639,40
Bosphorus_1920x1080_120fps_420_8bit_YUV.yuv,63,UVG,0.05,dither,2.1942700445652052,0.03404316945753541,0.032371768953964875,40
Jockey_1920x1080_120fps_420_8bit_YUV.yuv,63,UVG,0.05,dither,15.265183448791507,0.03755238190672236,0.03663682673514046,40
ShakeNDry_1920x1080_120fps_420_8bit_YUV.yuv,63,UVG,0.05,dither,2.8931562602519945,0.031218579938697963,0.026541022132718695,40
videoSRC01_1920x1080_30.yuv,63,MCL-JCV,0.05,dither,33.161889314651496,0.03696756672776208,0.02976561323660576,40
videoSRC05_1920x1080_25.yuv,63,MCL-JCV,0.05,dither,17.78313264250755,0.028076590670655946,0.07372153564493544,40
videoSRC06_1920x1080_25.yuv,63,MCL-JCV,0.05,dither,38.00655469298363,0.02525999236897336,0.045276573013666166,40
videoSRC07_1920x1080_25.yuv,63,MCL-JCV,0.05,dither,15.265183448791507,0.03721158882799143,0.035027370221655474,40
videoSRC08_1920x1080_25.yuv,63,MCL-JCV,0.05,dither,29.807890206575394,0.03748537221806201,0.04262390122994475,40
videoSRC09_1920x1080_25.yuv,63,MCL-JCV,0.05,dither,1.1459407210349992,0.03499529078763515,0.027745376443796488,40
videoSRC11_1920x1080_30.yuv,63,MCL-JCV,0.05,dither,1.1459407210349992,0.02550843736904809,0.028275132369969924,40
videoSRC13_1920x1080_30.yuv,63,MCL-JCV,0.05,dither,-0.601274818181996,0.029410034609595577,0.030965998821223195,40
videoSRC14_1920x1080_30.yuv,63,MCL-JCV,0.05,dither,5.688701122999196,0.03269043348776882,0.03170929300002712,40
videoSRC15_1920x1080_30.yuv,63,MCL-JCV,0.05,dither,6.387587338685985,0.031751215171300175,0.029549426722319083,40
videoSRC16_1920x1080_30.yuv,63,MCL-JCV,0.05,dither,20.86062610149384,0.04274850563718436,0.038590764061154914,40
videoSRC17_1920x1080_24.yuv,63,MCL-JCV,0.05,dither,1.8448269367217995,0.034018337279691946,0.025496663650443452,40
videoSRC21_1920x1080_24.yuv,63,MCL-JCV,0.05,dither,19.461765438318256,0.041370542588324254,0.039690925154815204,40
videoSRC22_1920x1080_24.yuv,63,MCL-JCV,0.05,dither,3.9414855837822005,0.03180345503413285,0.030826831906992425,40
videoSRC23_1920x1080_24.yuv,63,MCL-JCV,0.05,dither,1.8448269367217995,0.03424598462158976,0.033712348201873965,40
videoSRC27_1920x1080_30.yuv,63,MCL-JCV,0.05,dither,17.503360509872433,0.036885870436717705,0.03607427786673156,40
videoSRC28_1920x1080_30.yuv,63,MCL-JCV,0.05,dither,12.328120172023771,0.04211207937380035,0.030902512254364467,40
videoSRC29_1920x1080_24.yuv,63,MCL-JCV,0.05,dither,23.37857529520988,0.04544754317921987,0.03975920214548978,40
videoSRC30_1920x1080_30.yuv,63,MCL-JCV,0.05,dither,10.580904632806776,0.039876033761668116,0.0395234259095929,40
BasketballDrive_1920x1080_50.yuv,63,HEVC_B,0.05,dither,20.86062610149384,0.028724104328051222,0.05816162384332557,40
Cactus_1920x1080_50.yuv,63,HEVC_B,0.05,dither,13.586550652980801,0.03968550314857661,0.05441463581306749,40
Kimono1_1920x1080_24.yuv,63,HEVC_B,0.05,dither,3.5920424759387948,0.03458034335522017,0.02627934166432766,40
Johnny_1280x720_60.yuv,63,HEVC_E,0.05,dither,-0.018869638442997605,0.031636137767978856,0.041081933694819384,15
Beauty_1920x1080_120fps_420_8bit_YUV.yuv,0,UVG,0.05,uniform,24.217891693115234,0.026522949437955034,0.0237328464548483,40
Bosphorus_1920x1080_120fps_420_8bit_YUV.yuv,0,UVG,0.05,uniform,13.027006387710571,0.038227036044810224,0.04101739527177273,40
Jockey_1920x1080_120fps_420_8bit_YUV.yuv,0,UVG,0.05,uniform,-0.9507179260253906,0.033821940027374015,0.030570064463731228,40
ReadySteadyGo_1920x1080_120fps_420_8bit_YUV.yuv,0,UVG,0.05,uniform,13.027006387710571,0.049867321797353766,0.0497268986906505,40
ShakeNDry_1920x1080_120fps_420_8bit_YUV.yuv,0,UVG,0.05,uniform,24.217891693115234,0.03847440116067848,0.04685657664281706,40
YachtRide_1920x1080_120fps_420_8bit_YUV.yuv,0,UVG,0.05,uniform,13.027006387710571,0.04043668400056905,0.045159200498687824,40
videoSRC01_1920x1080_30.yuv,0,MCL-JCV,0.05,uniform,24.217891693115234,0.04854336117055498,0.047218629920621424,40
videoSRC02_1920x1080_30.yuv,0,MCL-JCV,0.05,uniform,13.027006387710571,0.04817970576625918,0.04812184986644752,40
videoSRC03_1920x1080_30.yuv,0,MCL-JCV,0.05,uniform,13.027006387710571,0.042621785152504275,0.05720698847284211,40
videoSRC04_1920x1080_30.yuv,0,MCL-JCV,0.05,uniform,39.12455439567566,0.022088933433354694,0.04003983538861888,40
videoSRC05_1920x1080_25.yuv,0,MCL-JCV,0.05,uniform,-0.9507179260253906,0.04781720453525358,0.049572367163115416,40
videoSRC06_1920x1080_25.yuv,0,MCL-JCV,0.05,uniform,39.12455439567566,0.03224088419020011,0.024900584410012527,40
videoSRC07_1920x1080_25.yuv,0,MCL-JCV,0.05,uniform,13.027006387710571,0.041787022763863674,0.037710208501067655,40
videoSRC08_1920x1080_25.yuv,0,MCL-JCV,0.05,uniform,13.027006387710571,0.030763377179189033,0.02947874624339164,40
videoSRC09_1920x1080_25.yuv,0,MCL-JCV,0.05,uniform,13.027006387710571,0.03508478691481759,0.03757793219839556,40
videoSRC11_1920x1080_30.yuv,0,MCL-JCV,0.05,uniform,24.217891693115234,0.03456269368348477,0.05132829070183931,40
videoSRC12_1920x1080_30.yuv,0,MCL-JCV,0.05,uniform,24.217891693115234,0.04418751029745086,0.05659629323913862,40
videoSRC13_1920x1080_30.yuv,0,MCL-JCV,0.05,uniform,24.217891693115234,0.03224126213808241,0.0722466454241264,40
videoSRC14_1920x1080_30.yuv,0,MCL-JCV,0.05,uniform,13.027006387710571,0.032683483551884815,0.03024640762050268,40
videoSRC15_1920x1080_30.yuv,0,MCL-JCV,0.05,uniform,24.217891693115234,0.040430052259530995,0.05236086841281917,40
videoSRC16_1920x1080_30.yuv,0,MCL-JCV,0.05,uniform,13.027006387710571,0.04532772515605536,0.03927722561362401,40
videoSRC17_1920x1080_24.yuv,0,MCL-JCV,0.05,uniform,24.217891693115234,0.03650583565000025,0.03549616144137957,40
videoSRC18_1920x1080_25.yuv,0,MCL-JCV,0.05,uniform,13.027006387710571,0.03529659219305427,0.03401750810211723,40
videoSRC19_1920x1080_30.yuv,0,MCL-JCV,0.05,uniform,24.217891693115234,0.04189856643748112,0.043729155878686754,40
videoSRC20_1920x1080_25.yuv,0,MCL-JCV,0.05,uniform,-0.9507179260253906,0.0344656669081964,0.03284512627313063,40
videoSRC21_1920x1080_24.yuv,0,MCL-JCV,0.05,uniform,39.12455439567566,0.02207029871673177,0.0585511196388282,40
videoSRC22_1920x1080_24.yuv,0,MCL-JCV,0.05,uniform,24.217891693115234,0.04454466900056911,0.055972845729002074,40
videoSRC23_1920x1080_24.yuv,0,MCL-JCV,0.05,uniform,13.027006387710571,0.03433135927074713,0.04145733893402337,40
videoSRC25_1920x1080_24.yuv,0,MCL-JCV,0.05,uniform,13.027006387710571,0.04242033180681452,0.03789541367770255,40
videoSRC26_1920x1080_30.yuv,0,MCL-JCV,0.05,uniform,13.027006387710571,0.04454919680867058,0.04352556611704017,40
videoSRC27_1920x1080_30.yuv,0,MCL-JCV,0.05,uniform,24.217891693115234,0.04362614240553446,0.053170022987131915,40
videoSRC28_1920x1080_30.yuv,0,MCL-JCV,0.05,uniform,24.217891693115234,0.04354540819366236,0.07121525213067059,40
videoSRC29_1920x1080_24.yuv,0,MCL-JCV,0.05,uniform,39.12455439567566,0.026554528748609415,0.030472528798817677,40
videoSRC30_1920x1080_30.yuv,0,MCL-JCV,0.05,uniform,13.027006387710571,0.04551239694561494,0.03982012873188978,40
BQTerrace_1920x1080_60.yuv,0,HEVC_B,0.05,uniform,24.217891693115234,0.049056745404932496,0.06440295483134051,40
BasketballDrive_1920x1080_50.yuv,0,HEVC_B,0.05,uniform,-0.9507179260253906,0.03361853233548295,0.034179054019240596,40
Cactus_1920x1080_50.yuv,0,HEVC_B,0.05,uniform,13.027006387710571,0.03743032704916458,0.03630958349877744,40
Kimono1_1920x1080_24.yuv,0,HEVC_B,0.05,uniform,24.217891693115234,0.032570813072545404,0.03235630412677892,40
ParkScene_1920x1080_24.yuv,0,HEVC_B,0.05,uniform,24.217891693115234,0.021256099327017698,0.023042942077676543,40
FourPeople_1280x720_60.yuv,0,HEVC_E,0.05,uniform,13.027006387710571,0.044033076482532116,0.057514697541250825,15
Johnny_1280x720_60.yuv,0,HEVC_E,0.05,uniform,-0.9507179260253906,0.04644678899695886,0.0557209833720691,15
KristenAndSara_1280x720_60.yuv,0,HEVC_E,0.05,uniform,-0.9507179260253906,0.03520781054669628,0.04488622282124766,15
BQMall_832x480_60.yuv,0,HEVC_C,0.05,uniform,13.027006387710571,0.03330743447602015,0.04197328190437233,8
BasketballDrill_832x480_50.yuv,0,HEVC_C,0.05,uniform,-0.9507179260253906,0.04002186696587056,0.03976817802152155,8
PartyScene_832x480_50.yuv,0,HEVC_C,0.05,uniform,24.217891693115234,0.023183510919501125,0.02990500965548648,8
RaceHorses_832x480_30.yuv,0,HEVC_C,0.05,uniform,13.027006387710571,0.04203264257297397,0.04212947329529371,8
BasketballPass_416x240_50.yuv,0,HEVC_D,0.05,uniform,24.217891693115234,0.02082927661913581,0.021211431473716402,2
BlowingBubbles_416x240_50.yuv,0,HEVC_D,0.05,uniform,24.217891693115234,0.023945663737046926,0.027611605693259378,2
BQSquare_416x240_60.yuv,0,HEVC_D,0.05,uniform,24.217891693115234,0.03682133284296582,0.0522566904354278,2
RaceHorses_416x240_30.yuv,0,HEVC_D,0.05,uniform,13.027006387710571,0.04489234837483289,0.039902258912817956,2
Beauty_1920x1080_120fps_420_8bit_YUV.yuv,16,UVG,0.05,uniform,39.12455439567566,0.04401150336257254,0.04814296022141917,40
Bosphorus_1920x1080_120fps_420_8bit_YUV.yuv,16,UVG,0.05,uniform,13.027006387710571,0.04001078696899042,0.0402246430163018,40
Jockey_1920x1080_120fps_420_8bit_YUV.yuv,16,UVG,0.05,uniform,-0.9507179260253906,0.036017545101656036,0.03057409797519739,40
ReadySteadyGo_1920x1080_120fps_420_8bit_YUV.yuv,16,UVG,0.05,uniform,-0.9507179260253906,0.042196186990164836,0.04394188747303929,40
ShakeNDry_1920x1080_120fps_420_8bit_YUV.yuv,16,UVG,0.05,uniform,24.217891693115234,0.03136516309082077,0.03259650151453286,40
YachtRide_1920x1080_120fps_420_8bit_YUV.yuv,16,UVG,0.05,uniform,-0.9507179260253906,0.03187052988976828,0.0362760572163765,40
videoSRC01_1920x1080_30.yuv,16,MCL-JCV,0.05,uniform,24.217891693115234,0.041252705866764335,0.038790578540755405,40
videoSRC02_1920x1080_30.yuv,16,MCL-JCV,0.05,uniform,-0.9507179260253906,0.04786663191954261,0.047589832797442,40
videoSRC03_1920x1080_30.yuv,16,MCL-JCV,0.05,uniform,-0.9507179260253906,0.03515300612425035,0.03991573048947572,40
videoSRC04_1920x1080_30.yuv,16,MCL-JCV,0.05,uniform,24.217891693115234,0.028125815526839945,0.03596968679422119,40
videoSRC05_1920x1080_25.yuv,16,MCL-JCV,0.05,uniform,-0.9507179260253906,0.04053961681235496,0.042893558727328696,40
videoSRC06_1920x1080_25.yuv,16,MCL-JCV,0.05,uniform,39.12455439567566,0.04308834139587414,0.033973665926467334,40
videoSRC07_1920x1080_25.yuv,16,MCL-JCV,0.05,uniform,13.027006387710571,0.041471541121726914,0.03305494441011092,40
videoSRC08_1920x1080_25.yuv,16,MCL-JCV,0.05,uniform,24.217891693115234,0.039418269585208526,0.03993021051491752,40
videoSRC09_1920x1080_25.yuv,16,MCL-JCV,0.05,uniform,-0.9507179260253906,0.027871906773251527,0.029311962003923497,40
videoSRC11_1920x1080_30.yuv,16,MCL-JCV,0.05,uniform,24.217891693115234,0.049326669563396174,0.07136929227432631,40
videoSRC12_1920x1080_30.yuv,16,MCL-JCV,0.05,uniform,13.027006387710571,0.039098778165280484,0.04465839032611285,40
videoSRC13_1920x1080_30.yuv,16,MCL-JCV,0.05,uniform,-0.9507179260253906,0.020009482246324636,0.0363900895805358,40
videoSRC14_1920x1080_30.yuv,16,MCL-JCV,0.05,uniform,-0.9507179260253906,0.03655319925865492,0.035941756999591234,40
videoSRC15_1920x1080_30.yuv,16,MCL-JCV,0.05,uniform,13.027006387710571,0.033933567735382676,0.03462679470811736,40
videoSRC16_1920x1080_30.yuv,16,MCL-JCV,0.05,uniform,13.027006387710571,0.04791308701453798,0.04129199408586004,40
videoSRC17_1920x1080_24.yuv,16,MCL-JCV,0.05,uniform,13.027006387710571,0.033629444326325066,0.030561010093080654,40
videoSRC18_1920x1080_25.yuv,16,MCL-JCV,0.05,uniform,13.027006387710571,0.03859849178429685,0.04045410839787422,40
videoSRC19_1920x1080_30.yuv,16,MCL-JCV,0.05,uniform,13.027006387710571,0.03775970751482443,0.04000546746173228,40
videoSRC20_1920x1080_25.yuv,16,MCL-JCV,0.05,uniform,13.027006387710571,0.04339338265796717,0.041663840396687135,40
videoSRC21_1920x1080_24.yuv,16,MCL-JCV,0.05,uniform,-0.9507179260253906,0.020832577090086478,0.023450875661460202,40
videoSRC22_1920x1080_24.yuv,16,MCL-JCV,0.05,uniform,13.027006387710571,0.04892096804552894,0.061225625494799374,40
videoSRC23_1920x1080_24.yuv,16,MCL-JCV,0.05,uniform,13.027006387710571,0.044530052811308105,0.052420343957791715,40
videoSRC25_1920x1080_24.yuv,16,MCL-JCV,0.05,uniform,-0.9507179260253906,0.02852720263998913,0.02605455008082913,40
videoSRC26_1920x1080_30.yuv,16,MCL-JCV,0.05,uniform,-0.9507179260253906,0.0382062994768723,0.0390239946601838,40
videoSRC27_1920x1080_30.yuv,16,MCL-JCV,0.05,uniform,24.217891693115234,0.041897360570416355,0.05150301695808679,40
videoSRC28_1920x1080_30.yuv,16,MCL-JCV,0.05,uniform,24.217891693115234,0.0429749978624655,0.05776997760133895,40
videoSRC29_1920x1080_24.yuv,16,MCL-JCV,0.05,uniform,24.217891693115234,0.04010864369678706,0.03993736329420017,40
videoSRC30_1920x1080_30.yuv,16,MCL-JCV,0.05,uniform,13.027006387710571,0.03746350036780814,0.029737563750209972,40
BQTerrace_1920x1080_60.yuv,16,HEVC_B,0.05,uniform,-0.9507179260253906,0.03224874663729217,0.03794478889858155,40
BasketballDrive_1920x1080_50.yuv,16,HEVC_B,0.05,uniform,-0.9507179260253906,0.036367373160071284,0.0368007842648197,40
Cactus_1920x1080_50.yuv,16,HEVC_B,0.05,uniform,-0.9507179260253906,0.029879206399123184,0.029848091731935256,40
Kimono1_1920x1080_24.yuv,16,HEVC_B,0.05,uniform,13.027006387710571,0.03097860487671753,0.028242086200656047,40
ParkScene_1920x1080_24.yuv,16,HEVC_B,0.05,uniform,24.217891693115234,0.03137974494869383,0.0326643593535465,40
FourPeople_1280x720_60.yuv,16,HEVC_E,0.05,uniform,-0.9507179260253906,0.03068636334600197,0.03646051002399986,15
Johnny_1280x720_60.yuv,16,HEVC_E,0.05,uniform,-0.9507179260253906,0.03470204921172158,0.044744043030583214,15
KristenAndSara_1280x720_60.yuv,16,HEVC_E,0.05,uniform,-0.9507179260253906,0.03785024916690017,0.04249106462520302,15
BQMall_832x480_60.yuv,16,HEVC_C,0.05,uniform,-0.9507179260253906,0.030551357354152722,0.035541756081180154,8
BasketballDrill_832x480_50.yuv,16,HEVC_C,0.05,uniform,-0.9507179260253906,0.04179719877816061,0.044550767972260985,8
PartyScene_832x480_50.yuv,16,HEVC_C,0.05,uniform,13.027006387710571,0.033811594751362,0.03590538320817416,8
RaceHorses_832x480_30.yuv,16,HEVC_C,0.05,uniform,13.027006387710571,0.033866645552907165,0.036095386913231664,8
BasketballPass_416x240_50.yuv,16,HEVC_D,0.05,uniform,-0.9507179260253906,0.018662724096211218,0.01900096263041462,2
BlowingBubbles_416x240_50.yuv,16,HEVC_D,0.05,uniform,13.027006387710571,0.021937536160533188,0.021017670679476907,2
BQSquare_416x240_60.yuv,16,HEVC_D,0.05,uniform,-0.9507179260253906,0.008118151814876379,0.011278297257561576,2
RaceHorses_416x240_30.yuv,16,HEVC_D,0.05,uniform,13.027006387710571,0.03261154572206457,0.028609436578587832,2
Beauty_1920x1080_120fps_420_8bit_YUV.yuv,32,UVG,0.05,uniform,39.12455439567566,0.0400058145020213,0.04200414018367127,40
Bosphorus_1920x1080_120fps_420_8bit_YUV.yuv,32,UVG,0.05,uniform,13.027006387710571,0.03556972980762836,0.034155147281865084,40
Jockey_1920x1080_120fps_420_8bit_YUV.yuv,32,UVG,0.05,uniform,-0.9507179260253906,0.02702962247998635,0.02202211323685077,40
ShakeNDry_1920x1080_120fps_420_8bit_YUV.yuv,32,UVG,0.05,uniform,13.027006387710571,0.03004564076775153,0.02574426956903153,40
YachtRide_1920x1080_120fps_420_8bit_YUV.yuv,32,UVG,0.05,uniform,-0.9507179260253906,0.03714040812620753,0.040844099068522155,40
videoSRC01_1920x1080_30.yuv,32,MCL-JCV,0.05,uniform,24.217891693115234,0.03964420430789136,0.035815515657695585,40
videoSRC03_1920x1080_30.yuv,32,MCL-JCV,0.05,uniform,-0.9507179260253906,0.03719480983603835,0.036415570664686925,40
videoSRC04_1920x1080_30.yuv,32,MCL-JCV,0.05,uniform,13.027006387710571,0.025116359810824742,0.020739635856969585,40
videoSRC05_1920x1080_25.yuv,32,MCL-JCV,0.05,uniform,-0.9507179260253906,0.03666737376028636,0.040845146162922674,40
videoSRC06_1920x1080_25.yuv,32,MCL-JCV,0.05,uniform,39.12455439567566,0.016515877994750083,0.012836248730160094,40
videoSRC07_1920x1080_25.yuv,32,MCL-JCV,0.05,uniform,13.027006387710571,0.036000090504230434,0.028784710020019588,40
videoSRC08_1920x1080_25.yuv,32,MCL-JCV,0.05,uniform,24.217891693115234,0.037624325963706,0.037557624823591595,40
videoSRC09_1920x1080_25.yuv,32,MCL-JCV,0.05,uniform,-0.9507179260253906,0.03314337023232875,0.03085755676652724,40
videoSRC11_1920x1080_30.yuv,32,MCL-JCV,0.05,uniform,13.027006387710571,0.03300357808170958,0.043932265385400626,40
videoSRC12_1920x1080_30.yuv,32,MCL-JCV,0.05,uniform,-0.9507179260253906,0.028318727339815837,0.0330445018289538,40
videoSRC13_1920x1080_30.yuv,32,MCL-JCV,0.05,uniform,-0.9507179260253906,0.022865771287215102,0.032683685040893806,40
videoSRC14_1920x1080_30.yuv,32,MCL-JCV,0.05,uniform,-0.9507179260253906,0.03337710317377724,0.032597361389179014,40
videoSRC15_1920x1080_30.yuv,32,MCL-JCV,0.05,uniform,13.027006387710571,0.04168979973125,0.03823402694690259,40
videoSRC16_1920x1080_30.yuv,32,MCL-JCV,0.05,uniform,13.027006387710571,0.043716606060389435,0.038805410604553,40
videoSRC17_1920x1080_24.yuv,32,MCL-JCV,0.05,uniform,-0.9507179260253906,0.02902939577121793,0.02489383417196933,40
videoSRC18_1920x1080_25.yuv,32,MCL-JCV,0.05,uniform,-0.9507179260253906,0.030693593017307272,0.031419040686728295,40
videoSRC19_1920x1080_30.yuv,32,MCL-JCV,0.05,uniform,13.027006387710571,0.04237120973915344,0.042466579917274316,40
videoSRC20_1920x1080_25.yuv,32,MCL-JCV,0.05,uniform,-0.9507179260253906,0.03540630051568085,0.03238317592025908,40
videoSRC22_1920x1080_24.yuv,32,MCL-JCV,0.05,uniform,-0.9507179260253906,0.027945916724887193,0.03149264107599947,40
videoSRC23_1920x1080_24.yuv,32,MCL-JCV,0.05,uniform,-0.9507179260253906,0.03173988069946129,0.036109808322436265,40
videoSRC25_1920x1080_24.yuv,32,MCL-JCV,0.05,uniform,-0.9507179260253906,0.03429141145752598,0.03137053615375862,40
videoSRC26_1920x1080_30.yuv,32,MCL-JCV,0.05,uniform,-0.9507179260253906,0.04273201651216149,0.04268160115366726,40
videoSRC27_1920x1080_30.yuv,32,MCL-JCV,0.05,uniform,24.217891693115234,0.0417422703307878,0.05252640719303514,40
videoSRC28_1920x1080_30.yuv,32,MCL-JCV,0.05,uniform,24.217891693115234,0.049247439835138004,0.05612470461150565,40
videoSRC29_1920x1080_24.yuv,32,MCL-JCV,0.05,uniform,13.027006387710571,0.03831632864384467,0.034948369017961056,40
videoSRC30_1920x1080_30.yuv,32,MCL-JCV,0.05,uniform,13.027006387710571,0.039554875650839025,0.03396221816868916,40
BQTerrace_1920x1080_60.yuv,32,HEVC_B,0.05,uniform,-0.9507179260253906,0.03141588560441485,0.036748158054116686,40
BasketballDrive_1920x1080_50.yuv,32,HEVC_B,0.05,uniform,-0.9507179260253906,0.032024888443750635,0.03247802435102187,40
Cactus_1920x1080_50.yuv,32,HEVC_B,0.05,uniform,-0.9507179260253906,0.02671538617449666,0.026281297485006405,40
Kimono1_1920x1080_24.yuv,32,HEVC_B,0.05,uniform,-0.9507179260253906,0.026071667163633558,0.023635830518934142,40
ParkScene_1920x1080_24.yuv,32,HEVC_B,0.05,uniform,13.027006387710571,0.03437994312995531,0.03309798024596944,40
BQMall_832x480_60.yuv,32,HEVC_C,0.05,uniform,-0.9507179260253906,0.025984128037532302,0.0270908007707078,8
PartyScene_832x480_50.yuv,32,HEVC_C,0.05,uniform,-0.9507179260253906,0.021087924296456107,0.02187088852171115,8
RaceHorses_832x480_30.yuv,32,HEVC_C,0.05,uniform,-0.9507179260253906,0.02423836602124512,0.025295933257730496,8
BasketballPass_416x240_50.yuv,32,HEVC_D,0.05,uniform,13.027006387710571,0.011351727106128827,0.05621269075209767,2
BlowingBubbles_416x240_50.yuv,32,HEVC_D,0.05,uniform,-0.9507179260253906,0.007153244082909933,0.0060996962060713145,2
BQSquare_416x240_60.yuv,32,HEVC_D,0.05,uniform,-0.9507179260253906,0.01714153559962563,0.019718733749172657,2
RaceHorses_416x240_30.yuv,32,HEVC_D,0.05,uniform,-0.9507179260253906,0.026613845595397537,0.023865122806014938,2
Beauty_1920x1080_120fps_420_8bit_YUV.yuv,48,UVG,0.05,uniform,24.217891693115234,0.017929705893083826,0.016315763849775067,40
Bosphorus_1920x1080_120fps_420_8bit_YUV.yuv,48,UVG,0.05,uniform,-0.9507179260253906,0.02586803619126528,0.026309347760900437,40
Jockey_1920x1080_120fps_420_8bit_YUV.yuv,48,UVG,0.05,uniform,13.027006387710571,0.03949621247668969,0.03623246783306655,40
ShakeNDry_1920x1080_120fps_420_8bit_YUV.yuv,48,UVG,0.05,uniform,-0.9507179260253906,0.02589329146279263,0.023670032174443634,40
videoSRC01_1920x1080_30.yuv,48,MCL-JCV,0.05,uniform,24.217891693115234,0.028169222375733223,0.023738760008562565,40
videoSRC04_1920x1080_30.yuv,48,MCL-JCV,0.05,uniform,13.027006387710571,0.03347967802283442,0.03638318469178614,40
videoSRC05_1920x1080_25.yuv,48,MCL-JCV,0.05,uniform,13.027006387710571,0.030081524609859026,0.0623356687777914,40
videoSRC06_1920x1080_25.yuv,48,MCL-JCV,0.05,uniform,39.12455439567566,0.008601664437650479,0.00688037243234163,40
videoSRC07_1920x1080_25.yuv,48,MCL-JCV,0.05,uniform,13.027006387710571,0.03210533897308712,0.026850515479146964,40
videoSRC08_1920x1080_25.yuv,48,MCL-JCV,0.05,uniform,24.217891693115234,0.02999276968776861,0.031976863830479374,40
videoSRC09_1920x1080_25.yuv,48,MCL-JCV,0.05,uniform,-0.9507179260253906,0.033808681448090995,0.0286912330722231,40
videoSRC11_1920x1080_30.yuv,48,MCL-JCV,0.05,uniform,13.027006387710571,0.031067701579820844,0.0317630796150965,40
videoSRC13_1920x1080_30.yuv,48,MCL-JCV,0.05,uniform,-0.9507179260253906,0.02679802668897778,0.032511675041689614,40
videoSRC14_1920x1080_30.yuv,48,MCL-JCV,0.05,uniform,-0.9507179260253906,0.027661381257853557,0.026322567638196404,40
videoSRC15_1920x1080_30.yuv,48,MCL-JCV,0.05,uniform,-0.9507179260253906,0.020868474839628504,0.02099600719266448,40
videoSRC16_1920x1080_30.yuv,48,MCL-JCV,0.05,uniform,13.027006387710571,0.041733701881046796,0.03525106000569167,40
videoSRC17_1920x1080_24.yuv,48,MCL-JCV,0.05,uniform,-0.9507179260253906,0.0327962222015695,0.02572330395533129,40
videoSRC19_1920x1080_30.yuv,48,MCL-JCV,0.05,uniform,-0.9507179260253906,0.032004246176830835,0.032511476750748614,40
videoSRC21_1920x1080_24.yuv,48,MCL-JCV,0.05,uniform,13.027006387710571,0.03758660850437481,0.03467096535622005,40
videoSRC22_1920x1080_24.yuv,48,MCL-JCV,0.05,uniform,-0.9507179260253906,0.028793271694635504,0.031015954755829966,40
videoSRC23_1920x1080_24.yuv,48,MCL-JCV,0.05,uniform,-0.9507179260253906,0.0335373535396345,0.03444765995736532,40
videoSRC27_1920x1080_30.yuv,48,MCL-JCV,0.05,uniform,13.027006387710571,0.02642535584940153,0.02790073800944981,40
videoSRC28_1920x1080_30.yuv,48,MCL-JCV,0.05,uniform,13.027006387710571,0.037660239500018226,0.029449051484007782,40
videoSRC29_1920x1080_24.yuv,48,MCL-JCV,0.05,uniform,13.027006387710571,0.044613289306558966,0.038466999075453145,40
videoSRC30_1920x1080_30.yuv,48,MCL-JCV,0.05,uniform,13.027006387710571,0.03603350708276923,0.033873300918187965,40
BQTerrace_1920x1080_60.yuv,48,HEVC_B,0.05,uniform,-0.9507179260253906,0.028017095055248766,0.03179466157329358,40
BasketballDrive_1920x1080_50.yuv,48,HEVC_B,0.05,uniform,13.027006387710571,0.026525289993655658,0.04854174862496308,40
Cactus_1920x1080_50.yuv,48,HEVC_B,0.05,uniform,-0.9507179260253906,0.02463404469152766,0.023952200324700357,40
Kimono1_1920x1080_24.yuv,48,HEVC_B,0.05,uniform,-0.9507179260253906,0.03276878464617748,0.025876322801366314,40
ParkScene_1920x1080_24.yuv,48,HEVC_B,0.05,uniform,-0.9507179260253906,0.026911450909064532,0.023688578865446175,40
Johnny_1280x720_60.yuv,48,HEVC_E,0.05,uniform,-0.9507179260253906,0.03639516397599436,0.04310144093139456,15
RaceHorses_832x480_30.yuv,48,HEVC_C,0.05,uniform,-0.9507179260253906,0.02592860566551495,0.026537150119402497,8
BlowingBubbles_416x240_50.yuv,48,HEVC_D,0.05,uniform,-0.9507179260253906,0.009251684968091015,0.006983466878352829,2
RaceHorses_416x240_30.yuv,48,HEVC_D,0.05,uniform,-0.9507179260253906,0.02334539203061463,0.019022433270926342,2
Beauty_1920x1080_120fps_420_8bit_YUV.yuv,63,UVG,0.05,uniform,24.217891693115234,0.01956785623794935,0.01608589776236613,40
Bosphorus_1920x1080_120fps_420_8bit_YUV.yuv,63,UVG,0.05,uniform,-0.9507179260253906,0.025837449498226688,0.025925620225081047,40
Jockey_1920x1080_120fps_420_8bit_YUV.yuv,63,UVG,0.05,uniform,13.027006387710571,0.02988679681156369,0.03099632534330965,40
ShakeNDry_1920x1080_120fps_420_8bit_YUV.yuv,63,UVG,0.05,uniform,-0.9507179260253906,0.025798913239418374,0.021887716460177842,40
videoSRC01_1920x1080_30.yuv,63,MCL-JCV,0.05,uniform,24.217891693115234,0.02080338049259729,0.01701465496503829,40
videoSRC05_1920x1080_25.yuv,63,MCL-JCV,0.05,uniform,13.027006387710571,0.013891205262051426,0.059973582772641976,40
videoSRC06_1920x1080_25.yuv,63,MCL-JCV,0.05,uniform,24.217891693115234,0.011079849796470887,0.02488784340786765,40
videoSRC07_1920x1080_25.yuv,63,MCL-JCV,0.05,uniform,13.027006387710571,0.030455568232095647,0.030566276038612727,40
videoSRC08_1920x1080_25.yuv,63,MCL-JCV,0.05,uniform,24.217891693115234,0.025933248033362336,0.029536432174985805,40
videoSRC09_1920x1080_25.yuv,63,MCL-JCV,0.05,uniform,-0.9507179260253906,0.030517793176488808,0.02130519121187291,40
videoSRC11_1920x1080_30.yuv,63,MCL-JCV,0.05,uniform,-0.9507179260253906,0.020565430235534914,0.024110824095032513,40
videoSRC13_1920x1080_30.yuv,63,MCL-JCV,0.05,uniform,-0.9507179260253906,0.026191525665875355,0.028156559342804144,40
videoSRC14_1920x1080_30.yuv,63,MCL-JCV,0.05,uniform,-0.9507179260253906,0.023676260737128176,0.02225880131954483,40
videoSRC15_1920x1080_30.yuv,63,MCL-JCV,0.05,uniform,-0.9507179260253906,0.0182791461089292,0.017586412267036167,40
videoSRC16_1920x1080_30.yuv,63,MCL-JCV,0.05,uniform,13.027006387710571,0.035174867129158835,0.029765854897540578,40
videoSRC17_1920x1080_24.yuv,63,MCL-JCV,0.05,uniform,-0.9507179260253906,0.029262933235360354,0.022246096196482767,40
videoSRC21_1920x1080_24.yuv,63,MCL-JCV,0.05,uniform,13.027006387710571,0.0322366998243876,0.03175900731390158,40
videoSRC22_1920x1080_24.yuv,63,MCL-JCV,0.05,uniform,-0.9507179260253906,0.02127385316738513,0.021523193224055603,40
videoSRC23_1920x1080_24.yuv,63,MCL-JCV,0.05,uniform,-0.9507179260253906,0.028264931256297393,0.027689638614369017,40
videoSRC27_1920x1080_30.yuv,63,MCL-JCV,0.05,uniform,13.027006387710571,0.027317693507240663,0.024358015447127457,40
videoSRC28_1920x1080_30.yuv,63,MCL-JCV,0.05,uniform,-0.9507179260253906,0.024774264084994963,0.022434315545709183,40
videoSRC29_1920x1080_24.yuv,63,MCL-JCV,0.05,uniform,24.217891693115234,0.04457840529139022,0.03914009805471608,40
videoSRC30_1920x1080_30.yuv,63,MCL-JCV,0.05,uniform,-0.9507179260253906,0.02115627591399446,0.0183391069144605,40
BasketballDrive_1920x1080_50.yuv,63,HEVC_B,0.05,uniform,13.027006387710571,0.010813189105369839,0.04332163857725391,40
Cactus_1920x1080_50.yuv,63,HEVC_B,0.05,uniform,13.027006387710571,0.037050653982027754,0.05192489332338113,40
Kimono1_1920x1080_24.yuv,63,HEVC_B,0.05,uniform,-0.9507179260253906,0.0283813494135033,0.021893280209503985,40
Johnny_1280x720_60.yuv,63,HEVC_E,0.05,uniform,-0.9507179260253906,0.03011905659691413,0.0393283737405099,15
Beauty_1920x1080_120fps_420_8bit_YUV.yuv,0,UVG,0.1,oracle,39.12455439567566,0.08091148795395814,0.08229179922256691,40
Bosphorus_1920x1080_120fps_420_8bit_YUV.yuv,0,UVG,0.1,oracle,39.12455439567566,0.109843875346532,0.12340274289241648,40
HoneyBee_1920x1080_120fps_420_8bit_YUV.yuv,0,UVG,0.1,oracle,21.79174810647965,0.09276782067647012,0.07281622415148092,40
Jockey_1920x1080_120fps_420_8bit_YUV.yuv,0,UVG,0.1,oracle,28.22106301784515,0.10496624120246387,0.08882073985494543,40
ReadySteadyGo_1920x1080_120fps_420_8bit_YUV.yuv,0,UVG,0.1,oracle,34.372783452272415,0.10014479555129158,0.10719865577891596,40
ShakeNDry_1920x1080_120fps_420_8bit_YUV.yuv,0,UVG,0.1,oracle,39.12455439567566,0.07391442561049448,0.08615749684847174,40
YachtRide_1920x1080_120fps_420_8bit_YUV.yuv,0,UVG,0.1,oracle,36.515888422727585,0.08279664110160997,0.09887004656241771,40
videoSRC01_1920x1080_30.yuv,0,MCL-JCV,0.1,oracle,38.751887828111656,0.10422497419855078,0.10510318955451936,40
videoSRC02_1920x1080_30.yuv,0,MCL-JCV,0.1,oracle,32.78922274708748,0.10385798913057753,0.10544153942470302,40
videoSRC03_1920x1080_30.yuv,0,MCL-JCV,0.1,oracle,35.583677589893334,0.09593196058998249,0.10945348991097603,40
videoSRC04_1920x1080_30.yuv,0,MCL-JCV,0.1,oracle,39.12455439567566,0.022088933433354694,0.04003983538861888,40
videoSRC05_1920x1080_25.yuv,0,MCL-JCV,0.1,oracle,28.618041872978207,0.09859198537890557,0.10214602384765215,40
videoSRC06_1920x1080_25.yuv,0,MCL-JCV,0.1,oracle,39.12455439567566,0.03224088419020011,0.024900584410012527,40
videoSRC07_1920x1080_25.yuv,0,MCL-JCV,0.1,oracle,36.515888422727585,0.09297739559100544,0.08850472468872539,40
videoSRC08_1920x1080_25.yuv,0,MCL-JCV,0.1,oracle,38.751887828111656,0.08740027942186987,0.08809472435646626,40
videoSRC09_1920x1080_25.yuv,0,MCL-JCV,0.1,oracle,36.8885549902916,0.08944845064086807,0.10398026981168584,40
videoSRC10_1920x1080_30.yuv,0,MCL-JCV,0.1,oracle,23.165206462144848,0.09990631724059536,0.10906288327394975,40
videoSRC11_1920x1080_30.yuv,0,MCL-JCV,0.1,oracle,39.12455439567566,0.08271465359720417,0.10288921740490053,40
videoSRC12_1920x1080_30.yuv,0,MCL-JCV,0.1,oracle,38.751887828111656,0.09519863972803513,0.10790440458369943,40
videoSRC13_1920x1080_30.yuv,0,MCL-JCV,0.1,oracle,39.12455439567566,0.055605978859048916,0.10980931904400393,40
videoSRC14_1920x1080_30.yuv,0,MCL-JCV,0.1,oracle,36.8885549902916,0.09463448108938402,0.09688576127922488,40
videoSRC15_1920x1080_30.yuv,0,MCL-JCV,0.1,oracle,39.12455439567566,0.08777389709425759,0.11144647263915886,40
videoSRC16_1920x1080_30.yuv,0,MCL-JCV,0.1,oracle,32.60125622153283,0.09846881813276995,0.08403145535962153,40
videoSRC17_1920x1080_24.yuv,0,MCL-JCV,0.1,oracle,39.12455439567566,0.06855976918494282,0.06612191226552255,40
videoSRC18_1920x1080_25.yuv,0,MCL-JCV,0.1,oracle,34.372783452272415,0.08519917284480355,0.08926563457050207,40
videoSRC19_1920x1080_30.yuv,0,MCL-JCV,0.1,oracle,39.12455439567566,0.0745683624426924,0.0746782533749979,40
videoSRC20_1920x1080_25.yuv,0,MCL-JCV,0.1,oracle,34.209129214286804,0.09241752835372775,0.08751620427554485,40
videoSRC21_1920x1080_24.yuv,0,MCL-JCV,0.1,oracle,39.12455439567566,0.02207029871673177,0.0585511196388282,40
videoSRC22_1920x1080_24.yuv,0,MCL-JCV,0.1,oracle,38.751887828111656,0.08913035279061951,0.09580084820588297,40
videoSRC23_1920x1080_24.yuv,0,MCL-JCV,0.1,oracle,37.63388812541961,0.08798187833630927,0.10436870090875772,40
videoSRC24_1920x1080_24.yuv,0,MCL-JCV,0.1,oracle,26.030421704053875,0.09669821158624278,0.0840192479516233,40
videoSRC25_1920x1080_24.yuv,0,MCL-JCV,0.1,oracle,33.81323918700219,0.09274454784241327,0.08821066254644094,40
videoSRC26_1920x1080_30.yuv,0,MCL-JCV,0.1,oracle,35.39788872003555,0.09827812608719194,0.0944072341418476,40
videoSRC27_1920x1080_30.yuv,0,MCL-JCV,0.1,oracle,38.00655469298363,0.10553880650285562,0.12457712538129329,40
videoSRC28_1920x1080_30.yuv,0,MCL-JCV,0.1,oracle,39.12455439567566,0.08446472309023867,0.12758942859357347,40
videoSRC29_1920x1080_24.yuv,0,MCL-JCV,0.1,oracle,39.12455439567566,0.026554528748609415,0.030472528798817677,40
videoSRC30_1920x1080_30.yuv,0,MCL-JCV,0.1,oracle,35.77055528759956,0.09485528015354558,0.08608318190627529,40
BQTerrace_1920x1080_60.yuv,0,HEVC_B,0.1,oracle,38.00655469298363,0.09131629276434258,0.10687206646404235,40
BasketballDrive_1920x1080_50.yuv,0,HEVC_B,0.1,oracle,31.67013421654701,0.0952893441342524,0.09831934392673247,40
Cactus_1920x1080_50.yuv,0,HEVC_B,0.1,oracle,35.863449722528465,0.09059188897150779,0.09330137303846087,40
Kimono1_1920x1080_24.yuv,0,HEVC_B,0.1,oracle,39.12455439567566,0.060235008562486994,0.05936236147662299,40
ParkScene_1920x1080_24.yuv,0,HEVC_B,0.1,oracle,39.12455439567566,0.045551741504323714,0.048133639677402584,40
FourPeople_1280x720_60.yuv,0,HEVC_E,0.1,oracle,35.39716283480326,0.08896601012030736,0.11040939240105985,15
Johnny_1280x720_60.yuv,0,HEVC_E,0.1,oracle,30.428275267283123,0.09279556685941553,0.1034313905725881,15
KristenAndSara_1280x720_60.yuv,0,HEVC_E,0.1,oracle,31.79362972577413,0.09204467296727943,0.11282439622219442,15
BQMall_832x480_60.yuv,0,HEVC_C,0.1,oracle,35.39788872003555,0.08739131462021398,0.10892296739200802,8
BasketballDrill_832x480_50.yuv,0,HEVC_C,0.1,oracle,24.682363867759705,0.08624555245836675,0.0845633190390167,8
PartyScene_832x480_50.yuv,0,HEVC_C,0.1,oracle,39.12455439567566,0.053026271524124965,0.06948338609807791,8
RaceHorses_832x480_30.yuv,0,HEVC_C,0.1,oracle,33.5345558822155,0.09216924991599193,0.10339948693771106,8
BasketballPass_416x240_50.yuv,0,HEVC_D,0.1,oracle,31.671223044395447,0.05101102953727816,0.05230669827831491,2
BlowingBubbles_416x240_50.yuv,0,HEVC_D,0.1,oracle,31.671223044395447,0.052154948611911715,0.05835289895748019,2
BQSquare_416x240_60.yuv,0,HEVC_D,0.1,oracle,31.671223044395447,0.05951988760480712,0.08878226564547731,2
RaceHorses_416x240_30.yuv,0,HEVC_D,0.1,oracle,24.217891693115234,0.07025170355835336,0.07058508127508745,2
Beauty_1920x1080_120fps_420_8bit_YUV.yuv,16,UVG,0.1,oracle,39.12455439567566,0.04401150336257254,0.04814296022141917,40
Bosphorus_1920x1080_120fps_420_8bit_YUV.yuv,16,UVG,0.1,oracle,34.74545001983642,0.09252148768387308,0.102363364182402,40
HoneyBee_1920x1080_120fps_420_8bit_YUV.yuv,16,UVG,0.1,oracle,19.833343178033825,0.09911932662571743,0.06876915585100107,40
Jockey_1920x1080_120fps_420_8bit_YUV.yuv,16,UVG,0.1,oracle,28.22106301784515,0.0913019723555061,0.07591171134765773,40
ReadySteadyGo_1920x1080_120fps_420_8bit_YUV.yuv,16,UVG,0.1,oracle,26.753620207309726,0.09257255117140374,0.09519958403720352,40
ShakeNDry_1920x1080_120fps_420_8bit_YUV.yuv,16,UVG,0.1,oracle,39.12455439567566,0.05927740339012894,0.06188958735465633,40
YachtRide_1920x1080_120fps_420_8bit_YUV.yuv,16,UVG,0.1,oracle,29.71390694379806,0.09146282033126743,0.10768661807945534,40
videoSRC01_1920x1080_30.yuv,16,MCL-JCV,0.1,oracle,39.12455439567566,0.0955428316105992,0.0967970859865801,40
videoSRC02_1920x1080_30.yuv,16,MCL-JCV,0.1,oracle,27.523265630006787,0.10134765372506685,0.10016080145466333,40
videoSRC03_1920x1080_30.yuv,16,MCL-JCV,0.1,oracle,33.09112951159477,0.09663827153325476,0.10318672341788471,40
videoSRC04_1920x1080_30.yuv,16,MCL-JCV,0.1,oracle,39.12455439567566,0.05703442659334555,0.07394946548483006,40
videoSRC05_1920x1080_25.yuv,16,MCL-JCV,0.1,oracle,29.154362678527836,0.09236939641674004,0.10463398087357234,40
videoSRC06_1920x1080_25.yuv,16,MCL-JCV,0.1,oracle,39.12455439567566,0.04308834139587414,0.033973665926467334,40
videoSRC07_1920x1080_25.yuv,16,MCL-JCV,0.1,oracle,35.118116587400436,0.09566899422351763,0.07987659692317806,40
videoSRC08_1920x1080_25.yuv,16,MCL-JCV,0.1,oracle,39.12455439567566,0.07643486500737173,0.08059076617725935,40
videoSRC09_1920x1080_25.yuv,16,MCL-JCV,0.1,oracle,29.900784641504284,0.08525690428939177,0.09197433940058986,40
videoSRC10_1920x1080_30.yuv,16,MCL-JCV,0.1,oracle,17.922472208738327,0.09335468350855052,0.10345887428349698,40
videoSRC11_1920x1080_30.yuv,16,MCL-JCV,0.1,oracle,38.751887828111656,0.09653630419619419,0.1285362466265525,40
videoSRC12_1920x1080_30.yuv,16,MCL-JCV,0.1,oracle,37.3541159927845,0.0962116122954205,0.11762371037379182,40
videoSRC13_1920x1080_30.yuv,16,MCL-JCV,0.1,oracle,34.00011688470841,0.08561594898762569,0.16721257270695844,40
videoSRC14_1920x1080_30.yuv,16,MCL-JCV,0.1,oracle,32.13569521903992,0.09434933831884301,0.09226532248362673,40
videoSRC15_1920x1080_30.yuv,16,MCL-JCV,0.1,oracle,38.37922126054764,0.09627507933295404,0.1181214614118744,40
videoSRC16_1920x1080_30.yuv,16,MCL-JCV,0.1,oracle,37.261221557855606,0.10363060719790747,0.09393265726939148,40
videoSRC17_1920x1080_24.yuv,16,MCL-JCV,0.1,oracle,38.751887828111656,0.08178044220311553,0.07519158898379885,40
videoSRC18_1920x1080_25.yuv,16,MCL-JCV,0.1,oracle,33.25478374958038,0.08562943980782972,0.09581209908668598,40
videoSRC19_1920x1080_30.yuv,16,MCL-JCV,0.1,oracle,36.98144942522049,0.0947190240820839,0.10940402077044098,40
videoSRC20_1920x1080_25.yuv,16,MCL-JCV,0.1,oracle,32.34579637646675,0.08583773853666274,0.0831126283459156,40
videoSRC21_1920x1080_24.yuv,16,MCL-JCV,0.1,oracle,38.751887828111656,0.06752463032982065,0.07978130733180677,40
videoSRC22_1920x1080_24.yuv,16,MCL-JCV,0.1,oracle,37.0046728849411,0.08707663504046714,0.09091029486486235,40
videoSRC23_1920x1080_24.yuv,16,MCL-JCV,0.1,oracle,35.118116587400436,0.08256151756041424,0.09939472494696844,40
videoSRC24_1920x1080_24.yuv,16,MCL-JCV,0.1,oracle,25.261864513158795,0.09598086522470399,0.08125989568213754,40
videoSRC25_1920x1080_24.yuv,16,MCL-JCV,0.1,oracle,30.366345643997196,0.09532381793488275,0.09003819439368499,40
videoSRC26_1920x1080_30.yuv,16,MCL-JCV,0.1,oracle,29.92291927337647,0.09728480416033551,0.09449355915966606,40
videoSRC27_1920x1080_30.yuv,16,MCL-JCV,0.1,oracle,39.12455439567566,0.09217700764258546,0.11184854147147405,40
videoSRC28_1920x1080_30.yuv,16,MCL-JCV,0.1,oracle,39.12455439567566,0.08676719373508426,0.1161054615494308,40
videoSRC29_1920x1080_24.yuv,16,MCL-JCV,0.1,oracle,39.12455439567566,0.09076679545469563,0.09173275445789386,40
videoSRC30_1920x1080_30.yuv,16,MCL-JCV,0.1,oracle,36.8885549902916,0.09023685602243195,0.07788026435702733,40
BQTerrace_1920x1080_60.yuv,16,HEVC_B,0.1,oracle,28.595907241106033,0.08980635150041794,0.10716078453480549,40
BasketballDrive_1920x1080_50.yuv,16,HEVC_B,0.1,oracle,30.830817818641666,0.0922514447826871,0.09878732144033364,40
Cactus_1920x1080_50.yuv,16,HEVC_B,0.1,oracle,33.85968610644341,0.09518034383695813,0.09605084088048699,40
Kimono1_1920x1080_24.yuv,16,HEVC_B,0.1,oracle,39.12455439567566,0.08508390971480453,0.07747948910005675,40
ParkScene_1920x1080_24.yuv,16,HEVC_B,0.1,oracle,39.12455439567566,0.06295734489718163,0.06563188507305995,40
FourPeople_1280x720_60.yuv,16,HEVC_E,0.1,oracle,29.68221624692281,0.09170186445556262,0.10445503228015696,15
Johnny_1280x720_60.yuv,16,HEVC_E,0.1,oracle,28.190098206202187,0.09079888896730177,0.10610019173129359,15
KristenAndSara_1280x720_60.yuv,16,HEVC_E,0.1,oracle,26.38833085695903,0.08927354376317075,0.10040473897305446,15
BQMall_832x480_60.yuv,16,HEVC_C,0.1,oracle,27.94455736875534,0.08336921887732068,0.0970742311413666,8
BasketballDrill_832x480_50.yuv,16,HEVC_C,0.1,oracle,19.086921215057373,0.08573104747634161,0.10858748614398905,8
PartyScene_832x480_50.yuv,16,HEVC_C,0.1,oracle,31.671223044395447,0.08530008113832518,0.10227123867230503,8
RaceHorses_832x480_30.yuv,16,HEVC_C,0.1,oracle,31.671223044395447,0.08765063176263924,0.10303952750429701,8
BasketballPass_416x240_50.yuv,16,HEVC_D,0.1,oracle,24.217891693115234,0.09049302590016864,0.09821154142103694,2
BlowingBubbles_416x240_50.yuv,16,HEVC_D,0.1,oracle,24.217891693115234,0.0530221751996572,0.05648950151355692,2
BQSquare_416x240_60.yuv,16,HEVC_D,0.1,oracle,18.622449040412903,0.07345556739854733,0.07736801394066362,2
RaceHorses_416x240_30.yuv,16,HEVC_D,0.1,oracle,24.217891693115234,0.07874573144949341,0.08647866851997676,2
Beauty_1920x1080_120fps_420_8bit_YUV.yuv,32,UVG,0.1,oracle,39.12455439567566,0.0400058145020213,0.04200414018367127,40
Bosphorus_1920x1080_120fps_420_8bit_YUV.yuv,32,UVG,0.1,oracle,34.372783452272415,0.08795073046930973,0.09381433222748825,40
HoneyBee_1920x1080_120fps_420_8bit_YUV.yuv,32,UVG,0.1,oracle,17.43368893861771,0.09036461640456428,0.0616324975315905,40
Jockey_1920x1080_120fps_420_8bit_YUV.yuv,32,UVG,0.1,oracle,31.67013421654701,0.0881397704706772,0.07084114708064249,40
ReadySteadyGo_1920x1080_120fps_420_8bit_YUV.yuv,32,UVG,0.1,oracle,21.51088654994965,0.08436930496448722,0.08482602569222308,40
ShakeNDry_1920x1080_120fps_420_8bit_YUV.yuv,32,UVG,0.1,oracle,37.63388812541961,0.0808880063052286,0.07322094746402996,40
YachtRide_1920x1080_120fps_420_8bit_YUV.yuv,32,UVG,0.1,oracle,23.048000335693363,0.09084760096426853,0.09773761865568531,40
videoSRC01_1920x1080_30.yuv,32,MCL-JCV,0.1,oracle,39.12455439567566,0.08936327909913269,0.08545393647829513,40
videoSRC02_1920x1080_30.yuv,32,MCL-JCV,0.1,oracle,24.236759245395657,0.09588997617941494,0.09193352742265404,40
videoSRC03_1920x1080_30.yuv,32,MCL-JCV,0.1,oracle,29.666370600461956,0.08944039102902276,0.09734563647356964,40
videoSRC04_1920x1080_30.yuv,32,MCL-JCV,0.1,oracle,38.00655469298363,0.08863124895713856,0.10978020929604071,40
videoSRC05_1920x1080_25.yuv,32,MCL-JCV,0.1,oracle,28.781696110963818,0.08501883817198935,0.10495585937713514,40
videoSRC06_1920x1080_25.yuv,32,MCL-JCV,0.1,oracle,39.12455439567566,0.016515877994750083,0.012836248730160094,40
videoSRC07_1920x1080_25.yuv,32,MCL-JCV,0.1,oracle,33.44057261943817,0.08888256334780305,0.06824081233204993,40
videoSRC08_1920x1080_25.yuv,32,MCL-JCV,0.1,oracle,39.12455439567566,0.0765152557384441,0.07637612332327848,40
videoSRC09_1920x1080_25.yuv,32,MCL-JCV,0.1,oracle,23.77446532249451,0.08710131513304542,0.0870324946171479,40
videoSRC10_1920x1080_30.yuv,32,MCL-JCV,0.1,oracle,10.069982558488844,0.07897636605419589,0.0914958934746295,40
videoSRC11_1920x1080_30.yuv,32,MCL-JCV,0.1,oracle,38.00655469298363,0.09106133673217043,0.1290465705595949,40
videoSRC12_1920x1080_30.yuv,32,MCL-JCV,0.1,oracle,31.972040981054306,0.08907647144212344,0.10477986872601974,40
videoSRC13_1920x1080_30.yuv,32,MCL-JCV,0.1,oracle,27.685830444097515,0.08036313768741568,0.11916919952216887,40
videoSRC14_1920x1080_30.yuv,32,MCL-JCV,0.1,oracle,28.31504628062248,0.09129898953764747,0.08452283327223853,40
videoSRC15_1920x1080_30.yuv,32,MCL-JCV,0.1,oracle,35.39788872003555,0.09226492278386964,0.10238914724376258,40
videoSRC16_1920x1080_30.yuv,32,MCL-JCV,0.1,oracle,37.63388812541961,0.09117759417177132,0.08443639552667292,40
videoSRC17_1920x1080_24.yuv,32,MCL-JCV,0.1,oracle,32.578032165765755,0.08428091380261671,0.06778737281361202,40
videoSRC18_1920x1080_25.yuv,32,MCL-JCV,0.1,oracle,27.500042170286175,0.08123198843342927,0.09173717794957525,40
videoSRC19_1920x1080_30.yuv,32,MCL-JCV,0.1,oracle,32.13569521903992,0.09081846144465026,0.09724308278867255,40
videoSRC20_1920x1080_25.yuv,32,MCL-JCV,0.1,oracle,28.735248595476147,0.0797715780125964,0.07820799607539186,40
videoSRC21_1920x1080_24.yuv,32,MCL-JCV,0.1,oracle,26.54460787773132,0.09581053469497136,0.0852190151338732,40
videoSRC22_1920x1080_24.yuv,32,MCL-JCV,0.1,oracle,32.392243295907974,0.08314441007230008,0.0966728755530255,40
videoSRC23_1920x1080_24.yuv,32,MCL-JCV,0.1,oracle,31.391450911760334,0.08103825883835497,0.09330075621295464,40
videoSRC24_1920x1080_24.yuv,32,MCL-JCV,0.1,oracle,21.347231119871136,0.0841620864906672,0.07515040126689598,40
videoSRC25_1920x1080_24.yuv,32,MCL-JCV,0.1,oracle,25.12361198663712,0.09126378635835429,0.09638559605016894,40
videoSRC26_1920x1080_30.yuv,32,MCL-JCV,0.1,oracle,24.889198541641232,0.09295886952424623,0.08921604625152924,40
videoSRC27_1920x1080_30.yuv,32,MCL-JCV,0.1,oracle,39.12455439567566,0.08186335384563105,0.10171609181512764,40
videoSRC28_1920x1080_30.yuv,32,MCL-JCV,0.1,oracle,38.751887828111656,0.09173372317105981,0.10708956464988262,40
videoSRC29_1920x1080_24.yuv,32,MCL-JCV,0.1,oracle,27.406058907508847,0.09954475213327535,0.09003088955567762,40
videoSRC30_1920x1080_30.yuv,32,MCL-JCV,0.1,oracle,35.863449722528465,0.0854659544266338,0.07207371939183815,40
BQTerrace_1920x1080_60.yuv,32,HEVC_B,0.1,oracle,24.378278851509094,0.08331086109412894,0.09988279242237752,40
BasketballDrive_1920x1080_50.yuv,32,HEVC_B,0.1,oracle,30.178379118442532,0.08475682201982854,0.09962559945967087,40
Cactus_1920x1080_50.yuv,32,HEVC_B,0.1,oracle,31.64691016077995,0.08325242480588052,0.08021863532072615,40
Kimono1_1920x1080_24.yuv,32,HEVC_B,0.1,oracle,34.44136500358581,0.08260761058269823,0.0690337021458447,40
ParkScene_1920x1080_24.yuv,32,HEVC_B,0.1,oracle,35.327128916978836,0.08233637042201329,0.07789713007687027,40
FourPeople_1280x720_60.yuv,32,HEVC_E,0.1,oracle,21.168821255366012,0.08587710661702921,0.08930581648792923,15
Johnny_1280x720_60.yuv,32,HEVC_E,0.1,oracle,21.168821255366012,0.08996016055657337,0.09827830356074685,15
KristenAndSara_1280x720_60.yuv,32,HEVC_E,0.1,oracle,23.71664603551229,0.07964794850916189,0.08527814145449497,15
BQMall_832x480_60.yuv,32,HEVC_C,0.1,oracle,23.28350320458412,0.08013494982182753,0.08973992646932771,8
BasketballDrill_832x480_50.yuv,32,HEVC_C,0.1,oracle,20.021309703588486,0.1018341403495597,0.16061611711170798,8
PartyScene_832x480_50.yuv,32,HEVC_C,0.1,oracle,18.622449040412903,0.06397185141378738,0.07886238455069616,8
RaceHorses_832x480_30.yuv,32,HEVC_C,0.1,oracle,21.88464254140854,0.07651609412257453,0.08294366542313725,8
BasketballPass_416x240_50.yuv,32,HEVC_D,0.1,oracle,24.217891693115234,0.06475067665285648,0.1295813668072796,2
BlowingBubbles_416x240_50.yuv,32,HEVC_D,0.1,oracle,24.217891693115234,0.0792818880260383,0.08718929110337825,2
BQSquare_416x240_60.yuv,32,HEVC_D,0.1,oracle,-0.9507179260253906,0.01714153559962563,0.019718733749172657,2
RaceHorses_416x240_30.yuv,32,HEVC_D,0.1,oracle,18.622449040412903,0.06438972711349572,0.07707055351740166,2
Beauty_1920x1080_120fps_420_8bit_YUV.yuv,48,UVG,0.1,oracle,39.12455439567566,0.03478144700684083,0.02987801027607162,40
Bosphorus_1920x1080_120fps_420_8bit_YUV.yuv,48,UVG,0.1,oracle,30.830817818641666,0.08507855813915831,0.08394894824701993,40
HoneyBee_1920x1080_120fps_420_8bit_YUV.yuv,48,UVG,0.1,oracle,18.52846577763557,0.08336317176934066,0.06186046256284072,40
Jockey_1920x1080_120fps_420_8bit_YUV.yuv,48,UVG,0.1,oracle,31.855923086404804,0.08413480293509787,0.0703956571727602,40
ReadySteadyGo_1920x1080_120fps_420_8bit_YUV.yuv,48,UVG,0.1,oracle,15.312718003988268,0.06980194465557041,0.07226152401894836,40
ShakeNDry_1920x1080_120fps_420_8bit_YUV.yuv,48,UVG,0.1,oracle,30.45815125107765,0.07697982056578265,0.06580505760120303,40
YachtRide_1920x1080_120fps_420_8bit_YUV.yuv,48,UVG,0.1,oracle,17.99214437603951,0.07981547024359026,0.09212134270717343,40
videoSRC01_1920x1080_30.yuv,48,MCL-JCV,0.1,oracle,39.12455439567566,0.06494298778826539,0.05510294382702341,40
videoSRC02_1920x1080_30.yuv,48,MCL-JCV,0.1,oracle,20.766642242670063,0.09238479897331028,0.08256715995749175,40
videoSRC03_1920x1080_30.yuv,48,MCL-JCV,0.1,oracle,28.873501121997837,0.08077861466899204,0.08149996657184033,40
videoSRC04_1920x1080_30.yuv,48,MCL-JCV,0.1,oracle,33.34767818450928,0.08505437231781701,0.1040433265946703,40
videoSRC05_1920x1080_25.yuv,48,MCL-JCV,0.1,oracle,29.619923681020733,0.07377753320104413,0.10555137065934872,40
videoSRC06_1920x1080_25.yuv,48,MCL-JCV,0.1,oracle,39.12455439567566,0.008601664437650479,0.00688037243234163,40
videoSRC07_1920x1080_25.yuv,48,MCL-JCV,0.1,oracle,32.69523948431014,0.08454533883731158,0.06248715825497442,40
videoSRC08_1920x1080_25.yuv,48,MCL-JCV,0.1,oracle,39.12455439567566,0.06442195265288003,0.06767704727700163,40
videoSRC09_1920x1080_25.yuv,48,MCL-JCV,0.1,oracle,22.935148924589154,0.08444691579535814,0.0870720646460299,40
videoSRC10_1920x1080_30.yuv,48,MCL-JCV,0.1,oracle,13.052404522895811,0.06989372151891361,0.07913174640954423,40
videoSRC11_1920x1080_30.yuv,48,MCL-JCV,0.1,oracle,36.515888422727585,0.08387850260223685,0.10741661429584326,40
videoSRC12_1920x1080_30.yuv,48,MCL-JCV,0.1,oracle,25.238641053438183,0.07875001905852942,0.08185178624142964,40
videoSRC13_1920x1080_30.yuv,48,MCL-JCV,0.1,oracle,24.680185019969937,0.07129961028740685,0.08130740525793101,40
videoSRC14_1920x1080_30.yuv,48,MCL-JCV,0.1,oracle,27.45250582695007,0.08543885289825476,0.07576890410505399,40
videoSRC15_1920x1080_30.yuv,48,MCL-JCV,0.1,oracle,33.34767818450928,0.085110399696613,0.08534899694648601,40
videoSRC16_1920x1080_30.yuv,48,MCL-JCV,0.1,oracle,37.63388812541961,0.08790127436524194,0.07639950930871464,40
videoSRC17_1920x1080_24.yuv,48,MCL-JCV,0.1,oracle,26.80006712675095,0.0813598570835483,0.057839125488122534,40
videoSRC18_1920x1080_25.yuv,48,MCL-JCV,0.1,oracle,22.53708124160767,0.07528495284798423,0.11366676581417323,40
videoSRC19_1920x1080_30.yuv,48,MCL-JCV,0.1,oracle,26.846514642238617,0.08380423801568068,0.07876047637488881,40
videoSRC20_1920x1080_25.yuv,48,MCL-JCV,0.1,oracle,22.44418621063232,0.07112960372297375,0.06965911921351164,40
videoSRC21_1920x1080_24.yuv,48,MCL-JCV,0.1,oracle,31.483256518840786,0.10059934816583849,0.07980310820724412,40
videoSRC22_1920x1080_24.yuv,48,MCL-JCV,0.1,oracle,30.52891045808792,0.07915749572783541,0.083728964850458,40
videoSRC23_1920x1080_24.yuv,48,MCL-JCV,0.1,oracle,27.895932197570804,0.08048214830332225,0.08317262701530126,40
videoSRC24_1920x1080_24.yuv,48,MCL-JCV,0.1,oracle,19.459585994482044,0.07614969046798134,0.08739931912197818,40
videoSRC25_1920x1080_24.yuv,48,MCL-JCV,0.1,oracle,21.37263283133507,0.08553589619214987,0.09429883698333441,40
videoSRC26_1920x1080_30.yuv,48,MCL-JCV,0.1,oracle,21.416903287172318,0.08361947090618355,0.08200965183122833,40
videoSRC27_1920x1080_30.yuv,48,MCL-JCV,0.1,oracle,38.37922126054764,0.07947850393030176,0.0922294295947026,40
videoSRC28_1920x1080_30.yuv,48,MCL-JCV,0.1,oracle,36.70167729258538,0.09153746707986374,0.08711878553234698,40
videoSRC29_1920x1080_24.yuv,48,MCL-JCV,0.1,oracle,36.143221855163574,0.09873543180804775,0.08920958989155992,40
videoSRC30_1920x1080_30.yuv,48,MCL-JCV,0.1,oracle,35.303905457258224,0.08399650797259928,0.07279178920448004,40
BQTerrace_1920x1080_60.yuv,48,HEVC_B,0.1,oracle,22.74718180298805,0.07343735843845003,0.09140680947275115,40
BasketballDrive_1920x1080_50.yuv,48,HEVC_B,0.1,oracle,31.855923086404804,0.07292609263870634,0.09433557481553123,40
Cactus_1920x1080_50.yuv,48,HEVC_B,0.1,oracle,31.227796673774723,0.08095275972253718,0.08596834563848432,40
Kimono1_1920x1080_24.yuv,48,HEVC_B,0.1,oracle,26.91618502140045,0.07868771555536164,0.0570360776113219,40
ParkScene_1920x1080_24.yuv,48,HEVC_B,0.1,oracle,22.65210971236229,0.07213317869800494,0.0625971446928375,40
FourPeople_1280x720_60.yuv,48,HEVC_E,0.1,oracle,18.43520561854045,0.07802479077855254,0.0766948495770805,15
Johnny_1280x720_60.yuv,48,HEVC_E,0.1,oracle,22.413220802942913,0.08283132196234269,0.09100215316961169,15
KristenAndSara_1280x720_60.yuv,48,HEVC_E,0.1,oracle,24.64849432309468,0.07618424855426119,0.07709943914881023,15
BQMall_832x480_60.yuv,48,HEVC_C,0.1,oracle,17.339705675840378,0.07303176333667867,0.08944579730417246,8
BasketballDrill_832x480_50.yuv,48,HEVC_C,0.1,oracle,21.42017036676407,0.07657609365245138,0.19851658322572519,8
PartyScene_832x480_50.yuv,48,HEVC_C,0.1,oracle,14.077512174844742,0.06787390462284777,0.1038912192152921,8
RaceHorses_832x480_30.yuv,48,HEVC_C,0.1,oracle,16.991350799798965,0.07031372915391948,0.0820004207593783,8
BasketballPass_416x240_50.yuv,48,HEVC_D,0.1,oracle,18.622449040412903,0.03582163565897706,0.14029911615843815,2
BlowingBubbles_416x240_50.yuv,48,HEVC_D,0.1,oracle,13.027006387710571,0.04966597286640416,0.06240454822626873,2
BQSquare_416x240_60.yuv,48,HEVC_D,0.1,oracle,-0.9507179260253906,0.02182752178318757,0.0222554187068269,2
RaceHorses_416x240_30.yuv,48,HEVC_D,0.1,oracle,13.027006387710571,0.06104398844204785,0.09038128657892486,2
Beauty_1920x1080_120fps_420_8bit_YUV.yuv,63,UVG,0.1,oracle,39.12455439567566,0.04971021864438808,0.034904276989891514,40
Bosphorus_1920x1080_120fps_420_8bit_YUV.yuv,63,UVG,0.1,oracle,27.801948934793476,0.081386076406631,0.07788705913537086,40
HoneyBee_1920x1080_120fps_420_8bit_YUV.yuv,63,UVG,0.1,oracle,19.55357104539871,0.07552701699547681,0.06269105437891653,40
Jockey_1920x1080_120fps_420_8bit_YUV.yuv,63,UVG,0.1,oracle,33.53346705436706,0.07842614812060505,0.0663271695601182,40
ReadySteadyGo_1920x1080_120fps_420_8bit_YUV.yuv,63,UVG,0.1,oracle,16.034828275442127,0.06222998420065461,0.09515861316540963,40
ShakeNDry_1920x1080_120fps_420_8bit_YUV.yuv,63,UVG,0.1,oracle,25.42551934719086,0.07371708625688957,0.05674636979198766,40
YachtRide_1920x1080_120fps_420_8bit_YUV.yuv,63,UVG,0.1,oracle,19.669688940048214,0.07278044425980684,0.09954091728055658,40
videoSRC01_1920x1080_30.yuv,63,MCL-JCV,0.1,oracle,39.12455439567566,0.048019157666552646,0.038557633246547596,40
videoSRC02_1920x1080_30.yuv,63,MCL-JCV,0.1,oracle,25.21650642156601,0.09179149369806691,0.08466886904854931,40
videoSRC03_1920x1080_30.yuv,63,MCL-JCV,0.1,oracle,25.867855697870258,0.06992934059019529,0.06677481435548316,40
videoSRC04_1920x1080_30.yuv,63,MCL-JCV,0.1,oracle,24.562978297472004,0.0740607124535823,0.08431509267703063,40
videoSRC05_1920x1080_25.yuv,63,MCL-JCV,0.1,oracle,31.577239781618115,0.06078848651335414,0.1108741056543181,40
videoSRC06_1920x1080_25.yuv,63,MCL-JCV,0.1,oracle,39.12455439567566,0.02600667613628087,0.04657304707420451,40
videoSRC07_1920x1080_25.yuv,63,MCL-JCV,0.1,oracle,32.04280078411102,0.08500972974494889,0.06668511045747039,40
videoSRC08_1920x1080_25.yuv,63,MCL-JCV,0.1,oracle,39.12455439567566,0.056620755820442695,0.06294778181375449,40
videoSRC09_1920x1080_25.yuv,63,MCL-JCV,0.1,oracle,27.38501310348511,0.08120442041122508,0.08530153174616828,40
videoSRC10_1920x1080_30.yuv,63,MCL-JCV,0.1,oracle,11.8647338449955,0.05920820235872624,0.06751887097463083,40
videoSRC11_1920x1080_30.yuv,63,MCL-JCV,0.1,oracle,29.55025270581245,0.07241893257323954,0.07524228713661074,40
videoSRC12_1920x1080_30.yuv,63,MCL-JCV,0.1,oracle,14.963274300098417,0.06405296547901279,0.060085741932610404,40
videoSRC13_1920x1080_30.yuv,63,MCL-JCV,0.1,oracle,23.21165338158607,0.07205327942986167,0.07147766034172776,40
videoSRC14_1920x1080_30.yuv,63,MCL-JCV,0.1,oracle,26.776843667030338,0.0786199351889215,0.069008491905997,40
videoSRC15_1920x1080_30.yuv,63,MCL-JCV,0.1,oracle,28.75738322734833,0.07768147954477196,0.07139440353334692,40
videoSRC16_1920x1080_30.yuv,63,MCL-JCV,0.1,oracle,38.00655469298363,0.08046312437378696,0.06984429177349938,40
videoSRC17_1920x1080_24.yuv,63,MCL-JCV,0.1,oracle,23.93376365303993,0.07460938551369051,0.052477657815536816,40
videoSRC18_1920x1080_25.yuv,63,MCL-JCV,0.1,oracle,20.229233205318454,0.06305262864078509,0.14180597442781107,40
videoSRC19_1920x1080_30.yuv,63,MCL-JCV,0.1,oracle,18.71534287929535,0.07056970311397973,0.06445080829724503,40
videoSRC20_1920x1080_25.yuv,63,MCL-JCV,0.1,oracle,18.225469589233402,0.0694899380206239,0.106714638812754,40
videoSRC21_1920x1080_24.yuv,63,MCL-JCV,0.1,oracle,38.751887828111656,0.07501283032492323,0.07428813358570352,40
videoSRC22_1920x1080_24.yuv,63,MCL-JCV,0.1,oracle,30.41279256343842,0.07252926263843609,0.07258327010244159,40
videoSRC23_1920x1080_24.yuv,63,MCL-JCV,0.1,oracle,28.198927789926532,0.07758265244836417,0.07408334692647145,40
videoSRC24_1920x1080_24.yuv,63,MCL-JCV,0.1,oracle,20.368573367595676,0.06267709418631925,0.11851766279813347,40
videoSRC25_1920x1080_24.yuv,63,MCL-JCV,0.1,oracle,19.927324652671818,0.0711827227709363,0.11114545612606008,40
videoSRC26_1920x1080_30.yuv,63,MCL-JCV,0.1,oracle,21.906776577234265,0.07396025250887263,0.08100201172108257,40
videoSRC27_1920x1080_30.yuv,63,MCL-JCV,0.1,oracle,35.49078315496445,0.07338082439812714,0.07729066520774808,40
videoSRC28_1920x1080_30.yuv,63,MCL-JCV,0.1,oracle,33.71925592422485,0.08392091945128477,0.06877982908744684,40
videoSRC29_1920x1080_24.yuv,63,MCL-JCV,0.1,oracle,39.12455439567566,0.08633133498300372,0.07821291375751116,40
videoSRC30_1920x1080_30.yuv,63,MCL-JCV,0.1,oracle,33.8364626467228,0.07450232195403424,0.0665490669704738,40
BQTerrace_1920x1080_60.yuv,63,HEVC_B,0.1,oracle,20.62512323260307,0.06924084393418437,0.09476872049807383,40
BasketballDrive_1920x1080_50.yuv,63,HEVC_B,0.1,oracle,34.74545001983642,0.06433478289169071,0.09742283538552954,40
Cactus_1920x1080_50.yuv,63,HEVC_B,0.1,oracle,31.600463241338726,0.08001158164277902,0.09029043614007293,40
Kimono1_1920x1080_24.yuv,63,HEVC_B,0.1,oracle,23.840869218111038,0.07369891731629209,0.05212495246795612,40
ParkScene_1920x1080_24.yuv,63,HEVC_B,0.1,oracle,16.640818864107132,0.05803086322254315,0.05020655266979901,40
FourPeople_1280x720_60.yuv,63,HEVC_E,0.1,oracle,17.441428105036415,0.0666339140985476,0.06525780426340333,15
Johnny_1280x720_60.yuv,63,HEVC_E,0.1,oracle,27.258249918619793,0.07917641493466118,0.09468785386338396,15
KristenAndSara_1280x720_60.yuv,63,HEVC_E,0.1,oracle,24.462705055872604,0.07014675333622745,0.07038610171083803,15
BQMall_832x480_60.yuv,63,HEVC_C,0.1,oracle,14.077512174844742,0.0718858667390251,0.10297309257809673,8
BasketballDrill_832x480_50.yuv,63,HEVC_C,0.1,oracle,23.28350320458412,0.05995574909195279,0.2740202141697452,8
RaceHorses_832x480_30.yuv,63,HEVC_C,0.1,oracle,10.69919839501381,0.06581102709044831,0.076545078359473,8
BasketballPass_416x240_50.yuv,63,HEVC_D,0.1,oracle,24.217891693115234,0.05968454425276429,0.2914803947614928,2
BlowingBubbles_416x240_50.yuv,63,HEVC_D,0.1,oracle,13.027006387710571,0.06547583646770232,0.09844248764682106,2
RaceHorses_416x240_30.yuv,63,HEVC_D,0.1,oracle,6.03814423084259,0.03925701924904827,0.06750795994454961,2
Beauty_1920x1080_120fps_420_8bit_YUV.yuv,0,UVG,0.1,router,39.12455439567566,0.08091148795395814,0.08229179922256691,40
Bosphorus_1920x1080_120fps_420_8bit_YUV.yuv,0,UVG,0.1,router,39.12455439567566,0.109843875346532,0.12340274289241648,40
HoneyBee_1920x1080_120fps_420_8bit_YUV.yuv,0,UVG,0.1,router,18.52846577763557,0.0906041167127096,0.06877755137313102,40
Jockey_1920x1080_120fps_420_8bit_YUV.yuv,0,UVG,0.1,router,25.14465779066086,0.10200966210096396,0.0816630136380212,40
ReadySteadyGo_1920x1080_120fps_420_8bit_YUV.yuv,0,UVG,0.1,router,33.9072224497795,0.09775473299751192,0.10508295723098371,40
ShakeNDry_1920x1080_120fps_420_8bit_YUV.yuv,0,UVG,0.1,router,39.12455439567566,0.07391442561049448,0.08615749684847174,40
YachtRide_1920x1080_120fps_420_8bit_YUV.yuv,0,UVG,0.1,router,36.515888422727585,0.08455261545831613,0.10025460453325508,40
videoSRC01_1920x1080_30.yuv,0,MCL-JCV,0.1,router,38.751887828111656,0.10422497419855078,0.10510318955451936,40
videoSRC02_1920x1080_30.yuv,0,MCL-JCV,0.1,router,31.018784344196316,0.10424598985973145,0.10515196946249006,40
videoSRC03_1920x1080_30.yuv,0,MCL-JCV,0.1,router,35.77055528759956,0.09898185199580993,0.11513886537538554,40
videoSRC04_1920x1080_30.yuv,0,MCL-JCV,0.1,router,39.12455439567566,0.022088933433354694,0.04003983538861888,40
videoSRC05_1920x1080_25.yuv,0,MCL-JCV,0.1,router,26.031510531902313,0.09563102235324633,0.0973910411045864,40
videoSRC06_1920x1080_25.yuv,0,MCL-JCV,0.1,router,39.12455439567566,0.03224088419020011,0.024900584410012527,40
videoSRC07_1920x1080_25.yuv,0,MCL-JCV,0.1,router,35.39788872003555,0.08973892549047464,0.08409021071582146,40
videoSRC08_1920x1080_25.yuv,0,MCL-JCV,0.1,router,38.37922126054764,0.08044155656117508,0.0810490412673488,40
videoSRC09_1920x1080_25.yuv,0,MCL-JCV,0.1,router,36.515888422727585,0.08891059506189658,0.10384770590556158,40
videoSRC10_1920x1080_30.yuv,0,MCL-JCV,0.1,router,20.881671309471127,0.0971025038170906,0.10787045336131484,40
videoSRC11_1920x1080_30.yuv,0,MCL-JCV,0.1,router,39.12455439567566,0.08271465359720417,0.10288921740490053,40
videoSRC12_1920x1080_30.yuv,0,MCL-JCV,0.1,router,38.751887828111656,0.09519863972803513,0.10790440458369943,40
videoSRC13_1920x1080_30.yuv,0,MCL-JCV,0.1,router,39.12455439567566,0.055605978859048916,0.10980931904400393,40
videoSRC14_1920x1080_30.yuv,0,MCL-JCV,0.1,router,36.515888422727585,0.09518488822386643,0.0973635203602754,40
videoSRC15_1920x1080_30.yuv,0,MCL-JCV,0.1,router,39.12455439567566,0.08777389709425759,0.11144647263915886,40
videoSRC16_1920x1080_30.yuv,0,MCL-JCV,0.1,router,31.11058995127678,0.09680541196768278,0.08268939279553678,40
videoSRC17_1920x1080_24.yuv,0,MCL-JCV,0.1,router,39.12455439567566,0.06855976918494282,0.06612191226552255,40
videoSRC18_1920x1080_25.yuv,0,MCL-JCV,0.1,router,32.78922274708748,0.08015421143581061,0.08349454115301569,40
videoSRC19_1920x1080_30.yuv,0,MCL-JCV,0.1,router,39.12455439567566,0.0745683624426924,0.0746782533749979,40
videoSRC20_1920x1080_25.yuv,0,MCL-JCV,0.1,router,33.81323918700219,0.09244480995318713,0.08661487730333306,40
videoSRC21_1920x1080_24.yuv,0,MCL-JCV,0.1,router,39.12455439567566,0.02207029871673177,0.0585511196388282,40
videoSRC22_1920x1080_24.yuv,0,MCL-JCV,0.1,router,38.751887828111656,0.08913035279061951,0.09580084820588297,40
videoSRC23_1920x1080_24.yuv,0,MCL-JCV,0.1,router,37.261221557855606,0.0844075991506325,0.09787450716071788,40
videoSRC24_1920x1080_24.yuv,0,MCL-JCV,0.1,router,24.72554430365562,0.0955726567024748,0.08077345443477668,40
videoSRC25_1920x1080_24.yuv,0,MCL-JCV,0.1,router,33.161889314651496,0.08893779873942596,0.08231221017996049,40
videoSRC26_1920x1080_30.yuv,0,MCL-JCV,0.1,router,34.65255558490753,0.09567944054772257,0.09167934877787332,40
videoSRC27_1920x1080_30.yuv,0,MCL-JCV,0.1,router,37.63388812541961,0.10564529096446215,0.12619278525715316,40
videoSRC28_1920x1080_30.yuv,0,MCL-JCV,0.1,router,39.12455439567566,0.08446472309023867,0.12758942859357347,40
videoSRC29_1920x1080_24.yuv,0,MCL-JCV,0.1,router,39.12455439567566,0.026554528748609415,0.030472528798817677,40
videoSRC30_1920x1080_30.yuv,0,MCL-JCV,0.1,router,34.83834445476533,0.09283861310507427,0.08329167123731906,40
BQTerrace_1920x1080_60.yuv,0,HEVC_B,0.1,router,38.00655469298363,0.08890573074255462,0.1041056082243621,40
BasketballDrive_1920x1080_50.yuv,0,HEVC_B,0.1,router,30.271273553371426,0.0896025734719015,0.09071435519891224,40
Cactus_1920x1080_50.yuv,0,HEVC_B,0.1,router,35.39788872003555,0.08709493143186448,0.08943783405806016,40
Kimono1_1920x1080_24.yuv,0,HEVC_B,0.1,router,39.12455439567566,0.060235008562486994,0.05936236147662299,40
ParkScene_1920x1080_24.yuv,0,HEVC_B,0.1,router,39.12455439567566,0.045551741504323714,0.048133639677402584,40
FourPeople_1280x720_60.yuv,0,HEVC_E,0.1,router,35.14944434165954,0.09400457723296868,0.11697583769230846,15
Johnny_1280x720_60.yuv,0,HEVC_E,0.1,router,30.428275267283123,0.09279556685941553,0.1034313905725881,15
KristenAndSara_1280x720_60.yuv,0,HEVC_E,0.1,router,29.245804945627853,0.09147988608609164,0.11034733871206015,15
BQMall_832x480_60.yuv,0,HEVC_C,0.1,router,35.39788872003555,0.08929200221516548,0.11285156892392578,8
BasketballDrill_832x480_50.yuv,0,HEVC_C,0.1,router,24.682363867759705,0.08624555245836675,0.0845633190390167,8
PartyScene_832x480_50.yuv,0,HEVC_C,0.1,router,39.12455439567566,0.053026271524124965,0.06948338609807791,8
RaceHorses_832x480_30.yuv,0,HEVC_C,0.1,router,31.671223044395447,0.08012947238372556,0.08948256814192135,8
BasketballPass_416x240_50.yuv,0,HEVC_D,0.1,router,31.671223044395447,0.05101102953727816,0.05230669827831491,2
BlowingBubbles_416x240_50.yuv,0,HEVC_D,0.1,router,31.671223044395447,0.052154948611911715,0.05835289895748019,2
BQSquare_416x240_60.yuv,0,HEVC_D,0.1,router,31.671223044395447,0.05951988760480712,0.08878226564547731,2
RaceHorses_416x240_30.yuv,0,HEVC_D,0.1,router,24.217891693115234,0.07025170355835336,0.07058508127508745,2
Beauty_1920x1080_120fps_420_8bit_YUV.yuv,16,UVG,0.1,router,39.12455439567566,0.04401150336257254,0.04814296022141917,40
Bosphorus_1920x1080_120fps_420_8bit_YUV.yuv,16,UVG,0.1,router,34.27988901734352,0.09237480270949786,0.10262964011278797,40
HoneyBee_1920x1080_120fps_420_8bit_YUV.yuv,16,UVG,0.1,router,17.968921512365345,0.09672974387060926,0.06583726579367521,40
Jockey_1920x1080_120fps_420_8bit_YUV.yuv,16,UVG,0.1,router,27.12628677487373,0.08475601028973866,0.06962218741978177,40
ReadySteadyGo_1920x1080_120fps_420_8bit_YUV.yuv,16,UVG,0.1,router,25.61348587274551,0.0936131040503195,0.09621493405873593,40
ShakeNDry_1920x1080_120fps_420_8bit_YUV.yuv,16,UVG,0.1,router,39.12455439567566,0.05927740339012894,0.06188958735465633,40
YachtRide_1920x1080_120fps_420_8bit_YUV.yuv,16,UVG,0.1,router,29.155451506376263,0.08854731872588076,0.10459713726226028,40
videoSRC01_1920x1080_30.yuv,16,MCL-JCV,0.1,router,39.12455439567566,0.0955428316105992,0.0967970859865801,40
videoSRC02_1920x1080_30.yuv,16,MCL-JCV,0.1,router,24.029925167560574,0.10055220255686968,0.09526559454737082,40
videoSRC03_1920x1080_30.yuv,16,MCL-JCV,0.1,router,32.229678481817245,0.09503347137465698,0.09995863251399584,40
videoSRC04_1920x1080_30.yuv,16,MCL-JCV,0.1,router,39.12455439567566,0.05703442659334555,0.07394946548483006,40
videoSRC05_1920x1080_25.yuv,16,MCL-JCV,0.1,router,28.688801676034924,0.0896766896099967,0.10174383462695147,40
videoSRC06_1920x1080_25.yuv,16,MCL-JCV,0.1,router,39.12455439567566,0.04308834139587414,0.033973665926467334,40
videoSRC07_1920x1080_25.yuv,16,MCL-JCV,0.1,router,34.00011688470841,0.09527687897222191,0.07752448668674816,40
videoSRC08_1920x1080_25.yuv,16,MCL-JCV,0.1,router,39.12455439567566,0.07643486500737173,0.08059076617725935,40
videoSRC09_1920x1080_25.yuv,16,MCL-JCV,0.1,router,29.435223639011387,0.08550744828747509,0.0925403289056419,40
videoSRC10_1920x1080_30.yuv,16,MCL-JCV,0.1,router,17.177139073610302,0.09307006303243756,0.10454772567661763,40
videoSRC11_1920x1080_30.yuv,16,MCL-JCV,0.1,router,38.751887828111656,0.09653630419619419,0.1285362466265525,40
videoSRC12_1920x1080_30.yuv,16,MCL-JCV,0.1,router,36.8885549902916,0.09500411903666939,0.11737311386350058,40
videoSRC13_1920x1080_30.yuv,16,MCL-JCV,0.1,router,33.161889314651496,0.08578570933073791,0.1910144228984585,40
videoSRC14_1920x1080_30.yuv,16,MCL-JCV,0.1,router,31.484345346689224,0.09458473939283754,0.09281533262210218,40
videoSRC15_1920x1080_30.yuv,16,MCL-JCV,0.1,router,38.00655469298363,0.09401685153691898,0.11458471769513778,40
videoSRC16_1920x1080_30.yuv,16,MCL-JCV,0.1,router,36.8885549902916,0.10010999813928892,0.09057300552318281,40
videoSRC17_1920x1080_24.yuv,16,MCL-JCV,0.1,router,38.751887828111656,0.08451366339025788,0.07728797630511508,40
videoSRC18_1920x1080_25.yuv,16,MCL-JCV,0.1,router,32.41655617952347,0.08523956244077806,0.09541129926913072,40
videoSRC19_1920x1080_30.yuv,16,MCL-JCV,0.1,router,36.515888422727585,0.09275127847520144,0.10689258089846732,40
videoSRC20_1920x1080_25.yuv,16,MCL-JCV,0.1,router,31.949906349182132,0.08338814137054189,0.08070803931076398,40
videoSRC21_1920x1080_24.yuv,16,MCL-JCV,0.1,router,38.751887828111656,0.07128033765481892,0.08461487994103578,40
videoSRC22_1920x1080_24.yuv,16,MCL-JCV,0.1,router,36.63200631737708,0.0860216527852492,0.08990078474047891,40
videoSRC23_1920x1080_24.yuv,16,MCL-JCV,0.1,router,34.65255558490753,0.08000774471569677,0.09520170098259939,40
videoSRC24_1920x1080_24.yuv,16,MCL-JCV,0.1,router,24.28320616483688,0.0958563560030136,0.08051398131407694,40
videoSRC25_1920x1080_24.yuv,16,MCL-JCV,0.1,router,29.807890206575394,0.09206014384525263,0.0861098632177999,40
videoSRC26_1920x1080_30.yuv,16,MCL-JCV,0.1,router,29.341240376234058,0.09828309005714228,0.09556491525235344,40
videoSRC27_1920x1080_30.yuv,16,MCL-JCV,0.1,router,39.12455439567566,0.09217700764258546,0.11184854147147405,40
videoSRC28_1920x1080_30.yuv,16,MCL-JCV,0.1,router,39.12455439567566,0.08676719373508426,0.1161054615494308,40
videoSRC29_1920x1080_24.yuv,16,MCL-JCV,0.1,router,39.12455439567566,0.09076679545469563,0.09173275445789386,40
videoSRC30_1920x1080_30.yuv,16,MCL-JCV,0.1,router,36.515888422727585,0.08750697872219701,0.07562970686704062,40
BQTerrace_1920x1080_60.yuv,16,HEVC_B,0.1,router,27.199224233627316,0.08935661120266633,0.10975385642015922,40
BasketballDrive_1920x1080_50.yuv,16,HEVC_B,0.1,router,30.08548468351364,0.09042720892327963,0.09667154133609301,40
Cactus_1920x1080_50.yuv,16,HEVC_B,0.1,router,33.5345558822155,0.09480443691970894,0.09603937644192939,40
Kimono1_1920x1080_24.yuv,16,HEVC_B,0.1,router,39.12455439567566,0.08508390971480453,0.07747948910005675,40
ParkScene_1920x1080_24.yuv,16,HEVC_B,0.1,router,39.12455439567566,0.06295734489718163,0.06563188507305995,40
FourPeople_1280x720_60.yuv,16,HEVC_E,0.1,router,29.68221624692281,0.09170186445556262,0.10445503228015696,15
Johnny_1280x720_60.yuv,16,HEVC_E,0.1,router,28.004308938980106,0.09273281514305856,0.10955183300499272,15
KristenAndSara_1280x720_60.yuv,16,HEVC_E,0.1,router,25.642271836598717,0.08752415879546577,0.09794184012065443,15
BQMall_832x480_60.yuv,16,HEVC_C,0.1,router,27.94455736875534,0.08336921887732068,0.0970742311413666,8
BasketballDrill_832x480_50.yuv,16,HEVC_C,0.1,router,16.875233501195908,0.08694572742947049,0.09463568688099144,8
PartyScene_832x480_50.yuv,16,HEVC_C,0.1,router,31.671223044395447,0.08502377623366042,0.10222851858614845,8
RaceHorses_832x480_30.yuv,16,HEVC_C,0.1,router,31.671223044395447,0.07870994859970334,0.09324927322900223,8
BasketballPass_416x240_50.yuv,16,HEVC_D,0.1,router,24.217891693115234,0.09049302590016864,0.09821154142103694,2
BlowingBubbles_416x240_50.yuv,16,HEVC_D,0.1,router,24.217891693115234,0.0530221751996572,0.05648950151355692,2
BQSquare_416x240_60.yuv,16,HEVC_D,0.1,router,18.622449040412903,0.07345556739854733,0.07736801394066362,2
RaceHorses_416x240_30.yuv,16,HEVC_D,0.1,router,24.217891693115234,0.07874573144949341,0.08647866851997676,2
Beauty_1920x1080_120fps_420_8bit_YUV.yuv,32,UVG,0.1,router,39.12455439567566,0.0400058145020213,0.04200414018367127,40
Bosphorus_1920x1080_120fps_420_8bit_YUV.yuv,32,UVG,0.1,router,33.9072224497795,0.0866813038035641,0.0924627052789262,40
HoneyBee_1920x1080_120fps_420_8bit_YUV.yuv,32,UVG,0.1,router,15.3580778837204,0.08934758203370818,0.06037311383735755,40
Jockey_1920x1080_120fps_420_8bit_YUV.yuv,32,UVG,0.1,router,30.830817818641666,0.08565710542750299,0.06944261441324784,40
ReadySteadyGo_1920x1080_120fps_420_8bit_YUV.yuv,32,UVG,0.1,router,20.813089162111286,0.08670378616477309,0.08604633074182999,40
ShakeNDry_1920x1080_120fps_420_8bit_YUV.yuv,32,UVG,0.1,router,37.261221557855606,0.08168525160415413,0.07372953951793448,40
YachtRide_1920x1080_120fps_420_8bit_YUV.yuv,32,UVG,0.1,router,19.275975972414017,0.08708907989173137,0.09312599043965264,40
videoSRC01_1920x1080_30.yuv,32,MCL-JCV,0.1,router,39.12455439567566,0.08936327909913269,0.08545393647829513,40
videoSRC02_1920x1080_30.yuv,32,MCL-JCV,0.1,router,14.635968208312988,0.0945398796534409,0.08343126932417988,40
videoSRC03_1920x1080_30.yuv,32,MCL-JCV,0.1,router,28.548370897769924,0.08737663510140892,0.09327730147521152,40
videoSRC04_1920x1080_30.yuv,32,MCL-JCV,0.1,router,38.00655469298363,0.09050712405125026,0.11436641041908047,40
videoSRC05_1920x1080_25.yuv,32,MCL-JCV,0.1,router,26.055822819471363,0.08459955298561739,0.09679013473300557,40
videoSRC06_1920x1080_25.yuv,32,MCL-JCV,0.1,router,39.12455439567566,0.016515877994750083,0.012836248730160094,40
videoSRC07_1920x1080_25.yuv,32,MCL-JCV,0.1,router,32.882117182016366,0.0913530785035844,0.06910879126291292,40
videoSRC08_1920x1080_25.yuv,32,MCL-JCV,0.1,router,39.12455439567566,0.0765152557384441,0.07637612332327848,40
videoSRC09_1920x1080_25.yuv,32,MCL-JCV,0.1,router,23.658347427845005,0.08908981502090475,0.08901539050913243,40
videoSRC10_1920x1080_30.yuv,32,MCL-JCV,0.1,router,4.989814907312395,0.07951323518566755,0.09210897449868582,40
videoSRC11_1920x1080_30.yuv,32,MCL-JCV,0.1,router,38.00655469298363,0.09106133673217043,0.1290465705595949,40
videoSRC12_1920x1080_30.yuv,32,MCL-JCV,0.1,router,31.413585543632504,0.08981544854459096,0.10892248722800701,40
videoSRC13_1920x1080_30.yuv,32,MCL-JCV,0.1,router,26.754708439111706,0.08285904816610867,0.13691542040419336,40
videoSRC14_1920x1080_30.yuv,32,MCL-JCV,0.1,router,27.266716957092285,0.08930142215265297,0.08279195182829113,40
videoSRC15_1920x1080_30.yuv,32,MCL-JCV,0.1,router,35.02522215247155,0.09103759829803607,0.1010746168441159,40
videoSRC16_1920x1080_30.yuv,32,MCL-JCV,0.1,router,37.63388812541961,0.09156251657575921,0.08451946774304986,40
videoSRC17_1920x1080_24.yuv,32,MCL-JCV,0.1,router,30.831906646490093,0.08414557981375245,0.06551053735714873,40
videoSRC18_1920x1080_25.yuv,32,MCL-JCV,0.1,router,26.68503805994987,0.08421358384993796,0.09272137185005391,40
videoSRC19_1920x1080_30.yuv,32,MCL-JCV,0.1,router,31.507568806409836,0.09234475176024959,0.09997192356411944,40
videoSRC20_1920x1080_25.yuv,32,MCL-JCV,0.1,router,27.849484682083126,0.07750016214713264,0.07242575010123886,40
videoSRC21_1920x1080_24.yuv,32,MCL-JCV,0.1,router,21.13713175058365,0.09277907679755501,0.07966839765353484,40
videoSRC22_1920x1080_24.yuv,32,MCL-JCV,0.1,router,32.27612540125847,0.08220582020638534,0.09502557759136465,40
videoSRC23_1920x1080_24.yuv,32,MCL-JCV,0.1,router,30.459240078926086,0.07867036877646855,0.09016490314893133,40
videoSRC24_1920x1080_24.yuv,32,MCL-JCV,0.1,router,20.532227009534832,0.08427689174008766,0.07456711929300042,40
videoSRC25_1920x1080_24.yuv,32,MCL-JCV,0.1,router,24.262160956859592,0.09132305982875989,0.09036559914149933,40
videoSRC26_1920x1080_30.yuv,32,MCL-JCV,0.1,router,20.907073020935062,0.09523994789255777,0.08799919357265651,40
videoSRC27_1920x1080_30.yuv,32,MCL-JCV,0.1,router,39.12455439567566,0.08186335384563105,0.10171609181512764,40
videoSRC28_1920x1080_30.yuv,32,MCL-JCV,0.1,router,38.751887828111656,0.09257973251856164,0.10799643848439189,40
videoSRC29_1920x1080_24.yuv,32,MCL-JCV,0.1,router,23.281325548887256,0.09855048161718272,0.08939207981350705,40
videoSRC30_1920x1080_30.yuv,32,MCL-JCV,0.1,router,35.49078315496445,0.08478272735897895,0.07178583261287486,40
BQTerrace_1920x1080_60.yuv,32,HEVC_B,0.1,router,23.74906420707703,0.0825609933632511,0.09834992670592868,40
BasketballDrive_1920x1080_50.yuv,32,HEVC_B,0.1,router,28.081720471382145,0.08249568214263223,0.08755326354411608,40
Cactus_1920x1080_50.yuv,32,HEVC_B,0.1,router,30.7390122115612,0.08727985025757791,0.08790725645236108,40
Kimono1_1920x1080_24.yuv,32,HEVC_B,0.1,router,32.32257291674614,0.0837487749703793,0.06700924799515917,40
ParkScene_1920x1080_24.yuv,32,HEVC_B,0.1,router,33.627450317144394,0.08688421857850723,0.08199533296481576,40
FourPeople_1280x720_60.yuv,32,HEVC_E,0.1,router,20.113112926483158,0.08315688785287172,0.08891893814740115,15
Johnny_1280x720_60.yuv,32,HEVC_E,0.1,router,20.735313495000206,0.09042774219421648,0.0987695649505298,15
KristenAndSara_1280x720_60.yuv,32,HEVC_E,0.1,router,23.71664603551229,0.08335006696146602,0.0886812459810784,15
BQMall_832x480_60.yuv,32,HEVC_C,0.1,router,21.42017036676407,0.07743738277447881,0.08667157972273998,8
BasketballDrill_832x480_50.yuv,32,HEVC_C,0.1,router,17.925739288330078,0.09895847022055973,0.11894208385692906,8
PartyScene_832x480_50.yuv,32,HEVC_C,0.1,router,18.622449040412903,0.06938925999828596,0.08426990999024753,8
RaceHorses_832x480_30.yuv,32,HEVC_C,0.1,router,21.42017036676407,0.07578396568520275,0.08236169169762775,8
BasketballPass_416x240_50.yuv,32,HEVC_D,0.1,router,24.217891693115234,0.06475067665285648,0.1295813668072796,2
BlowingBubbles_416x240_50.yuv,32,HEVC_D,0.1,router,24.217891693115234,0.0792818880260383,0.08718929110337825,2
BQSquare_416x240_60.yuv,32,HEVC_D,0.1,router,6.03814423084259,0.05746816319779524,0.054489672970952086,2
RaceHorses_416x240_30.yuv,32,HEVC_D,0.1,router,18.622449040412903,0.06438972711349572,0.07707055351740166,2
Beauty_1920x1080_120fps_420_8bit_YUV.yuv,48,UVG,0.1,router,39.12455439567566,0.03478144700684083,0.02987801027607162,40
Bosphorus_1920x1080_120fps_420_8bit_YUV.yuv,48,UVG,0.1,router,28.782784938812256,0.08506166221521484,0.08543457041422897,40
HoneyBee_1920x1080_120fps_420_8bit_YUV.yuv,48,UVG,0.1,router,17.6670141518116,0.08200306594930928,0.058346651485315704,40
Jockey_1920x1080_120fps_420_8bit_YUV.yuv,48,UVG,0.1,router,31.111678779125217,0.08456484616601653,0.06935599701814965,40
ReadySteadyGo_1920x1080_120fps_420_8bit_YUV.yuv,48,UVG,0.1,router,13.031359314918522,0.07722947382436035,0.07237098551529897,40
ShakeNDry_1920x1080_120fps_420_8bit_YUV.yuv,48,UVG,0.1,router,29.435223639011387,0.07690360735527237,0.06521627536927355,40
YachtRide_1920x1080_120fps_420_8bit_YUV.yuv,48,UVG,0.1,router,13.379714190959934,0.07316733249899751,0.07922696320665779,40
videoSRC01_1920x1080_30.yuv,48,MCL-JCV,0.1,router,39.12455439567566,0.06494298778826539,0.05510294382702341,40
videoSRC02_1920x1080_30.yuv,48,MCL-JCV,0.1,router,12.88766443729401,0.08968050257603175,0.07453636278204101,40
videoSRC03_1920x1080_30.yuv,48,MCL-JCV,0.1,router,21.86250731348991,0.08214838526698078,0.0783397790366962,40
videoSRC04_1920x1080_30.yuv,48,MCL-JCV,0.1,router,32.975011616945274,0.08440952671694273,0.10375379141228791,40
videoSRC05_1920x1080_25.yuv,48,MCL-JCV,0.1,router,25.03071695566177,0.07555422937789397,0.08811942812211271,40
videoSRC06_1920x1080_25.yuv,48,MCL-JCV,0.1,router,39.12455439567566,0.008601664437650479,0.00688037243234163,40
videoSRC07_1920x1080_25.yuv,48,MCL-JCV,0.1,router,31.577239781618115,0.08913051108122688,0.0660639861660286,40
videoSRC08_1920x1080_25.yuv,48,MCL-JCV,0.1,router,39.12455439567566,0.06442195265288003,0.06767704727700163,40
videoSRC09_1920x1080_25.yuv,48,MCL-JCV,0.1,router,21.88681960105896,0.08408876452976746,0.08263253404157922,40
videoSRC10_1920x1080_30.yuv,48,MCL-JCV,0.1,router,5.8291313052177385,0.07142119046665024,0.08345832682554999,40
videoSRC11_1920x1080_30.yuv,48,MCL-JCV,0.1,router,36.515888422727585,0.08398273141666938,0.10806111083889647,40
videoSRC12_1920x1080_30.yuv,48,MCL-JCV,0.1,router,22.001848667860035,0.07692667603407045,0.07950444169405557,40
videoSRC13_1920x1080_30.yuv,48,MCL-JCV,0.1,router,24.004522264003757,0.07426162828357463,0.09350134542447108,40
videoSRC14_1920x1080_30.yuv,48,MCL-JCV,0.1,router,25.80036297440529,0.0852175908792085,0.07443809126203149,40
videoSRC15_1920x1080_30.yuv,48,MCL-JCV,0.1,router,32.975011616945274,0.08483432281315995,0.08392787720477912,40
videoSRC16_1920x1080_30.yuv,48,MCL-JCV,0.1,router,37.63388812541961,0.08790127436524194,0.07639950930871464,40
videoSRC17_1920x1080_24.yuv,48,MCL-JCV,0.1,router,23.935941904783252,0.08440277148992757,0.05922105588315674,40
videoSRC18_1920x1080_25.yuv,48,MCL-JCV,0.1,router,19.2295278608799,0.07496516081646304,0.08523371356080389,40
videoSRC19_1920x1080_30.yuv,48,MCL-JCV,0.1,router,20.534406453371044,0.08489066596668891,0.0812782299439263,40
videoSRC20_1920x1080_25.yuv,48,MCL-JCV,0.1,router,21.60595804452896,0.07181584727838389,0.06623740708138826,40
videoSRC21_1920x1080_24.yuv,48,MCL-JCV,0.1,router,24.864886254072193,0.09111481640298529,0.06937862191349353,40
videoSRC22_1920x1080_24.yuv,48,MCL-JCV,0.1,router,30.0401259958744,0.08060349069682783,0.0852975801650544,40
videoSRC23_1920x1080_24.yuv,48,MCL-JCV,0.1,router,26.73257440328598,0.07745565139735895,0.07937309614322885,40
videoSRC24_1920x1080_24.yuv,48,MCL-JCV,0.1,router,12.842303365468977,0.07545981075062295,0.0661390257268124,40
videoSRC25_1920x1080_24.yuv,48,MCL-JCV,0.1,router,18.83254840970039,0.08108549588265904,0.07991562105517858,40
videoSRC26_1920x1080_30.yuv,48,MCL-JCV,0.1,router,14.986499547958376,0.08244605402048105,0.07652742944391377,40
videoSRC27_1920x1080_30.yuv,48,MCL-JCV,0.1,router,38.37922126054764,0.07947850393030176,0.0922294295947026,40
videoSRC28_1920x1080_30.yuv,48,MCL-JCV,0.1,router,36.515888422727585,0.09281638704166473,0.08920051987340116,40
videoSRC29_1920x1080_24.yuv,48,MCL-JCV,0.1,router,34.651466757059104,0.09335662401349275,0.08394311771807139,40
videoSRC30_1920x1080_30.yuv,48,MCL-JCV,0.1,router,34.74545001983642,0.08699679133157545,0.07593535480366143,40
BQTerrace_1920x1080_60.yuv,48,HEVC_B,0.1,router,21.722075939178463,0.07058634783970225,0.08225581505526947,40
BasketballDrive_1920x1080_50.yuv,48,HEVC_B,0.1,router,29.527028650045395,0.07436762261229687,0.0834292551163287,40
Cactus_1920x1080_50.yuv,48,HEVC_B,0.1,router,30.225914865732197,0.0814524997213998,0.08411856204572388,40
Kimono1_1920x1080_24.yuv,48,HEVC_B,0.1,router,23.65616977214813,0.08075557087115492,0.05678734910751615,40
ParkScene_1920x1080_24.yuv,48,HEVC_B,0.1,router,19.812296181917187,0.07422249400926063,0.06249682226852826,40
FourPeople_1280x720_60.yuv,48,HEVC_E,0.1,router,15.082296133041384,0.07653858503294832,0.07617267280289042,15
Johnny_1280x720_60.yuv,48,HEVC_E,0.1,router,17.877840995788574,0.08442173491065405,0.09345534469241557,15
KristenAndSara_1280x720_60.yuv,48,HEVC_E,0.1,router,23.159279823303226,0.07655060805339106,0.07728667776972031,15
BQMall_832x480_60.yuv,48,HEVC_C,0.1,router,15.128017961978912,0.0750419306668367,0.08313170578314555,8
BasketballDrill_832x480_50.yuv,48,HEVC_C,0.1,router,14.7796630859375,0.08188694524179406,0.10370136040119604,8
PartyScene_832x480_50.yuv,48,HEVC_C,0.1,router,14.077512174844742,0.07746152593468801,0.1119888170241552,8
RaceHorses_832x480_30.yuv,48,HEVC_C,0.1,router,14.1936294734478,0.06605169231875857,0.07188504755946923,8
BasketballPass_416x240_50.yuv,48,HEVC_D,0.1,router,11.633586883544922,0.06066452985660442,0.1106416033697144,2
BlowingBubbles_416x240_50.yuv,48,HEVC_D,0.1,router,13.027006387710571,0.04966597286640416,0.06240454822626873,2
BQSquare_416x240_60.yuv,48,HEVC_D,0.1,router,-0.9507179260253906,0.02182752178318757,0.0222554187068269,2
RaceHorses_416x240_30.yuv,48,HEVC_D,0.1,router,13.027006387710571,0.06104398844204785,0.09038128657892486,2
Beauty_1920x1080_120fps_420_8bit_YUV.yuv,63,UVG,0.1,router,39.12455439567566,0.04971021864438808,0.034904276989891514,40
Bosphorus_1920x1080_120fps_420_8bit_YUV.yuv,63,UVG,0.1,router,24.634827524423596,0.07816308485686914,0.07337619717533528,40
HoneyBee_1920x1080_120fps_420_8bit_YUV.yuv,63,UVG,0.1,router,15.9441103041172,0.07311261370625469,0.05084742515081331,40
Jockey_1920x1080_120fps_420_8bit_YUV.yuv,63,UVG,0.1,router,32.78922274708748,0.07869094887450542,0.06637146912502345,40
ReadySteadyGo_1920x1080_120fps_420_8bit_YUV.yuv,63,UVG,0.1,router,9.954954087734224,0.06347517444541292,0.06357679025209961,40
ShakeNDry_1920x1080_120fps_420_8bit_YUV.yuv,63,UVG,0.1,router,22.469587922096256,0.07428064327419646,0.05457557810198921,40
YachtRide_1920x1080_120fps_420_8bit_YUV.yuv,63,UVG,0.1,router,12.40105584263802,0.0703762901600337,0.07935782613770215,40
videoSRC01_1920x1080_30.yuv,63,MCL-JCV,0.1,router,39.12455439567566,0.048019157666552646,0.038557633246547596,40
videoSRC02_1920x1080_30.yuv,63,MCL-JCV,0.1,router,18.294051736593243,0.09075796498827338,0.07868947979563501,40
videoSRC03_1920x1080_30.yuv,63,MCL-JCV,0.1,router,18.133663982152935,0.07507300558446363,0.0679748739388586,40
videoSRC04_1920x1080_30.yuv,63,MCL-JCV,0.1,router,23.747973591089245,0.07164651244726339,0.07861729436256581,40
videoSRC05_1920x1080_25.yuv,63,MCL-JCV,0.1,router,30.156243890523914,0.06023025679835724,0.09576978261495839,40
videoSRC06_1920x1080_25.yuv,63,MCL-JCV,0.1,router,39.12455439567566,0.02600667613628087,0.04657304707420451,40
videoSRC07_1920x1080_25.yuv,63,MCL-JCV,0.1,router,30.27236178517342,0.08628951069420626,0.06552964649146986,40
videoSRC08_1920x1080_25.yuv,63,MCL-JCV,0.1,router,39.12455439567566,0.056620755820442695,0.06294778181375449,40
videoSRC09_1920x1080_25.yuv,63,MCL-JCV,0.1,router,25.684245079755787,0.07989811838315376,0.07885741140842129,40
videoSRC10_1920x1080_30.yuv,63,MCL-JCV,0.1,router,5.96847325563431,0.06226410804409637,0.06911622067921996,40
videoSRC11_1920x1080_30.yuv,63,MCL-JCV,0.1,router,24.679097384214398,0.07540665429120263,0.0770627396324528,40
videoSRC12_1920x1080_30.yuv,63,MCL-JCV,0.1,router,4.64037179946899,0.06586303144147415,0.05963771318540978,40
videoSRC13_1920x1080_30.yuv,63,MCL-JCV,0.1,router,22.000758647918705,0.06661507827467017,0.06955246323739317,40
videoSRC14_1920x1080_30.yuv,63,MCL-JCV,0.1,router,25.03071695566177,0.07761387749004504,0.06522777292818915,40
videoSRC15_1920x1080_30.yuv,63,MCL-JCV,0.1,router,27.034480571746823,0.0759628729841467,0.06770975041601446,40
videoSRC16_1920x1080_30.yuv,63,MCL-JCV,0.1,router,38.00655469298363,0.08046312437378696,0.06984429177349938,40
videoSRC17_1920x1080_24.yuv,63,MCL-JCV,0.1,router,22.42096275091171,0.07522186426151374,0.05306218359974224,40
videoSRC18_1920x1080_25.yuv,63,MCL-JCV,0.1,router,11.283055543899534,0.06483345386926849,0.07543884622456432,40
videoSRC19_1920x1080_30.yuv,63,MCL-JCV,0.1,router,13.378625959157942,0.07305918956605058,0.0636348300883185,40
videoSRC20_1920x1080_25.yuv,63,MCL-JCV,0.1,router,13.101029694080356,0.06381535166545398,0.0616106721594889,40
videoSRC21_1920x1080_24.yuv,63,MCL-JCV,0.1,router,38.472115695476525,0.07453894489358437,0.07392709851715296,40
videoSRC22_1920x1080_24.yuv,63,MCL-JCV,0.1,router,29.924008101224896,0.07276121164210028,0.07193585709997308,40
videoSRC23_1920x1080_24.yuv,63,MCL-JCV,0.1,router,26.545696705579758,0.07683788968475358,0.07204265910127816,40
videoSRC24_1920x1080_24.yuv,63,MCL-JCV,0.1,router,8.85800018906593,0.06752280430104221,0.06413621562177951,40
videoSRC25_1920x1080_24.yuv,63,MCL-JCV,0.1,router,15.966244339942936,0.0662079792670957,0.07173317903868792,40
videoSRC26_1920x1080_30.yuv,63,MCL-JCV,0.1,router,17.829578965902325,0.0789566920970558,0.07888232636931036,40
videoSRC27_1920x1080_30.yuv,63,MCL-JCV,0.1,router,33.71925592422485,0.07975798291564327,0.08474811948484984,40
videoSRC28_1920x1080_30.yuv,63,MCL-JCV,0.1,router,30.552134513854977,0.08906770412904318,0.07508907311995472,40
videoSRC29_1920x1080_24.yuv,63,MCL-JCV,0.1,router,39.12455439567566,0.08633133498300372,0.07821291375751116,40
videoSRC30_1920x1080_30.yuv,63,MCL-JCV,0.1,router,32.13569462299347,0.07405020342307797,0.0656937937602109,40
BQTerrace_1920x1080_60.yuv,63,HEVC_B,0.1,router,15.732919126749035,0.06339664723680649,0.0655907674211278,40
BasketballDrive_1920x1080_50.yuv,63,HEVC_B,0.1,router,32.50836119055748,0.0628967051135135,0.08472651531609898,40
Cactus_1920x1080_50.yuv,63,HEVC_B,0.1,router,29.643146544694897,0.07302887026602234,0.07716553452986119,40
Kimono1_1920x1080_24.yuv,63,HEVC_B,0.1,router,22.42096275091171,0.0753556358053478,0.053016560702218385,40
ParkScene_1920x1080_24.yuv,63,HEVC_B,0.1,router,12.890929132699968,0.06110755072298393,0.0498454571094058,40
FourPeople_1280x720_60.yuv,63,HEVC_E,0.1,router,12.469638586044308,0.07130508679690038,0.06881543839207183,15
Johnny_1280x720_60.yuv,63,HEVC_E,0.1,router,22.973492145538334,0.08016247342455288,0.09595933442218296,15
KristenAndSara_1280x720_60.yuv,63,HEVC_E,0.1,router,19.927325248718265,0.06823003701063902,0.06622663220336023,15
BQMall_832x480_60.yuv,63,HEVC_C,0.1,router,11.633586883544922,0.07062725953226405,0.08608270384399219,8
BasketballDrill_832x480_50.yuv,63,HEVC_C,0.1,router,5.341434478759766,0.052273301217663576,0.06779254812396118,8
RaceHorses_832x480_30.yuv,63,HEVC_C,0.1,router,7.553122192621231,0.05299739555844069,0.05621603899311367,8
BasketballPass_416x240_50.yuv,63,HEVC_D,0.1,router,24.217891693115234,0.05968454425276429,0.2914803947614928,2
BlowingBubbles_416x240_50.yuv,63,HEVC_D,0.1,router,13.027006387710571,0.06547583646770232,0.09844248764682106,2
RaceHorses_416x240_30.yuv,63,HEVC_D,0.1,router,6.03814423084259,0.03925701924904827,0.06750795994454961,2
Beauty_1920x1080_120fps_420_8bit_YUV.yuv,0,UVG,0.1,dither,39.12455439567566,0.08091148795395814,0.08229179922256691,40
Bosphorus_1920x1080_120fps_420_8bit_YUV.yuv,0,UVG,0.1,dither,39.12455439567566,0.109843875346532,0.12340274289241648,40
HoneyBee_1920x1080_120fps_420_8bit_YUV.yuv,0,UVG,0.1,dither,18.902221173048016,0.09373282755375455,0.07030968697414153,40
Jockey_1920x1080_120fps_420_8bit_YUV.yuv,0,UVG,0.1,dither,20.580853968858715,0.10143043169412164,0.0798577180074318,40
ReadySteadyGo_1920x1080_120fps_420_8bit_YUV.yuv,0,UVG,0.1,dither,31.29855647683144,0.102836486781134,0.10939156458064403,40
ShakeNDry_1920x1080_120fps_420_8bit_YUV.yuv,0,UVG,0.1,dither,39.12455439567566,0.07391442561049448,0.08615749684847174,40
YachtRide_1920x1080_120fps_420_8bit_YUV.yuv,0,UVG,0.1,dither,32.78922274708748,0.08929482725167615,0.10692788287823163,40
videoSRC01_1920x1080_30.yuv,0,MCL-JCV,0.1,dither,38.00655469298363,0.10539227532066109,0.10600569538338078,40
videoSRC02_1920x1080_30.yuv,0,MCL-JCV,0.1,dither,29.807890206575394,0.09947450204750588,0.10069623204198308,40
videoSRC03_1920x1080_30.yuv,0,MCL-JCV,0.1,dither,30.1805567741394,0.09676091975915424,0.11395583880035076,40
videoSRC04_1920x1080_30.yuv,0,MCL-JCV,0.1,dither,39.12455439567566,0.022088933433354694,0.04003983538861888,40
videoSRC05_1920x1080_25.yuv,0,MCL-JCV,0.1,dither,24.59055826067924,0.10238572258766897,0.10641544968159877,40
videoSRC06_1920x1080_25.yuv,0,MCL-JCV,0.1,dither,39.12455439567566,0.03224088419020011,0.024900584410012527,40
videoSRC07_1920x1080_25.yuv,0,MCL-JCV,0.1,dither,32.78922274708748,0.08833069636058842,0.08279460263884886,40
videoSRC08_1920x1080_25.yuv,0,MCL-JCV,0.1,dither,38.00655469298363,0.08679468389458939,0.08749932552292705,40
videoSRC09_1920x1080_25.yuv,0,MCL-JCV,0.1,dither,35.02522215247155,0.08962429827798543,0.10416745028382479,40
videoSRC10_1920x1080_30.yuv,0,MCL-JCV,0.1,dither,11.279790848493576,0.09913016366255492,0.10660880381611548,40
videoSRC11_1920x1080_30.yuv,0,MCL-JCV,0.1,dither,39.12455439567566,0.08271465359720417,0.10288921740490053,40
videoSRC12_1920x1080_30.yuv,0,MCL-JCV,0.1,dither,37.261221557855606,0.097624719935411,0.11115249044398468,40
videoSRC13_1920x1080_30.yuv,0,MCL-JCV,0.1,dither,39.12455439567566,0.055605978859048916,0.10980931904400393,40
videoSRC14_1920x1080_30.yuv,0,MCL-JCV,0.1,dither,35.02522215247155,0.09544584415249947,0.09847536447319527,40
videoSRC15_1920x1080_30.yuv,0,MCL-JCV,0.1,dither,39.12455439567566,0.08777389709425759,0.11144647263915886,40
videoSRC16_1920x1080_30.yuv,0,MCL-JCV,0.1,dither,25.335891395807263,0.09797817769751355,0.08262108041811445,40
videoSRC17_1920x1080_24.yuv,0,MCL-JCV,0.1,dither,39.12455439567566,0.06855976918494282,0.06612191226552255,40
videoSRC18_1920x1080_25.yuv,0,MCL-JCV,0.1,dither,30.55322334170342,0.08273063693994644,0.08666566710321533,40
videoSRC19_1920x1080_30.yuv,0,MCL-JCV,0.1,dither,39.12455439567566,0.0745683624426924,0.0746782533749979,40
videoSRC20_1920x1080_25.yuv,0,MCL-JCV,0.1,dither,27.94455736875534,0.1001656723266533,0.09451758619277939,40
videoSRC21_1920x1080_24.yuv,0,MCL-JCV,0.1,dither,39.12455439567566,0.02207029871673177,0.0585511196388282,40
videoSRC22_1920x1080_24.yuv,0,MCL-JCV,0.1,dither,38.00655469298363,0.08631464702030134,0.09249179141114894,40
videoSRC23_1920x1080_24.yuv,0,MCL-JCV,0.1,dither,34.65255558490753,0.08664094643231811,0.10345240783237131,40
videoSRC24_1920x1080_24.yuv,0,MCL-JCV,0.1,dither,14.425867050886154,0.09658452780563048,0.08028789669454994,40
videoSRC25_1920x1080_24.yuv,0,MCL-JCV,0.1,dither,26.826557666063312,0.09054937536277455,0.08675125983529597,40
videoSRC26_1920x1080_30.yuv,0,MCL-JCV,0.1,dither,32.41655617952347,0.09808324379956188,0.09765357588788959,40
videoSRC27_1920x1080_30.yuv,0,MCL-JCV,0.1,dither,35.77055528759956,0.10101103449190199,0.11990523883739712,40
videoSRC28_1920x1080_30.yuv,0,MCL-JCV,0.1,dither,39.12455439567566,0.08446472309023867,0.12758942859357347,40
videoSRC29_1920x1080_24.yuv,0,MCL-JCV,0.1,dither,39.12455439567566,0.026554528748609415,0.030472528798817677,40
videoSRC30_1920x1080_30.yuv,0,MCL-JCV,0.1,dither,29.807890206575394,0.09952768853512164,0.08581183691813266,40
BQTerrace_1920x1080_60.yuv,0,HEVC_B,0.1,dither,35.39788872003555,0.09527467625705492,0.1148427148725304,40
BasketballDrive_1920x1080_50.yuv,0,HEVC_B,0.1,dither,26.453891098499295,0.10167205512114684,0.10391472347789232,40
Cactus_1920x1080_50.yuv,0,HEVC_B,0.1,dither,33.161889314651496,0.09024803275688731,0.09288198347374532,40
Kimono1_1920x1080_24.yuv,0,HEVC_B,0.1,dither,39.12455439567566,0.060235008562486994,0.05936236147662299,40
ParkScene_1920x1080_24.yuv,0,HEVC_B,0.1,dither,39.12455439567566,0.045551741504323714,0.048133639677402584,40
FourPeople_1280x720_60.yuv,0,HEVC_E,0.1,dither,30.1805567741394,0.0838227097235006,0.10548352421300677,15
Johnny_1280x720_60.yuv,0,HEVC_E,0.1,dither,25.21166920661926,0.0948656078933828,0.11457987153002591,15
KristenAndSara_1280x720_60.yuv,0,HEVC_E,0.1,dither,24.217891693115234,0.09148109383419359,0.11197038849741148,15
BQMall_832x480_60.yuv,0,HEVC_C,0.1,dither,33.5345558822155,0.089108856915255,0.11106774885040949,8
BasketballDrill_832x480_50.yuv,0,HEVC_C,0.1,dither,22.81903102993965,0.08450297385156505,0.08264692947822638,8
PartyScene_832x480_50.yuv,0,HEVC_C,0.1,dither,39.12455439567566,0.053026271524124965,0.06948338609807791,8
RaceHorses_832x480_30.yuv,0,HEVC_C,0.1,dither,33.5345558822155,0.09828926578440281,0.10972405888901093,8
BasketballPass_416x240_50.yuv,0,HEVC_D,0.1,dither,31.671223044395447,0.05101102953727816,0.05230669827831491,2
BlowingBubbles_416x240_50.yuv,0,HEVC_D,0.1,dither,31.671223044395447,0.05000687352860053,0.05512898150250578,2
BQSquare_416x240_60.yuv,0,HEVC_D,0.1,dither,31.671223044395447,0.059593227536668666,0.0655320303447624,2
RaceHorses_416x240_30.yuv,0,HEVC_D,0.1,dither,24.217891693115234,0.07025170355835336,0.07058508127508745,2
Beauty_1920x1080_120fps_420_8bit_YUV.yuv,16,UVG,0.1,dither,39.12455439567566,0.04401150336257254,0.04814296022141917,40
Bosphorus_1920x1080_120fps_420_8bit_YUV.yuv,16,UVG,0.1,dither,30.1805567741394,0.09109802675526121,0.10066704897837297,40
HoneyBee_1920x1080_120fps_420_8bit_YUV.yuv,16,UVG,0.1,dither,16.10449984669685,0.10140444085929035,0.06762771953786029,40
Jockey_1920x1080_120fps_420_8bit_YUV.yuv,16,UVG,0.1,dither,24.96322482824326,0.09325381376665773,0.07561059267185044,40
ReadySteadyGo_1920x1080_120fps_420_8bit_YUV.yuv,16,UVG,0.1,dither,20.3010818362236,0.09379498709981844,0.0962646348667775,40
ShakeNDry_1920x1080_120fps_420_8bit_YUV.yuv,16,UVG,0.1,dither,39.12455439567566,0.05927740339012894,0.06188958735465633,40
YachtRide_1920x1080_120fps_420_8bit_YUV.yuv,16,UVG,0.1,dither,25.70855796337128,0.09001341579085019,0.10534276326533387,40
videoSRC01_1920x1080_30.yuv,16,MCL-JCV,0.1,dither,39.12455439567566,0.0955428316105992,0.0967970859865801,40
videoSRC02_1920x1080_30.yuv,16,MCL-JCV,0.1,dither,20.86062610149384,0.09664298718758224,0.08980061414376195,40
videoSRC03_1920x1080_30.yuv,16,MCL-JCV,0.1,dither,26.826557666063312,0.09601641549488665,0.10400243364144046,40
videoSRC04_1920x1080_30.yuv,16,MCL-JCV,0.1,dither,39.12455439567566,0.05703442659334555,0.07394946548483006,40
videoSRC05_1920x1080_25.yuv,16,MCL-JCV,0.1,dither,26.081224530935287,0.10128267327090842,0.11421749938183723,40
videoSRC06_1920x1080_25.yuv,16,MCL-JCV,0.1,dither,39.12455439567566,0.04308834139587414,0.033973665926467334,40
videoSRC07_1920x1080_25.yuv,16,MCL-JCV,0.1,dither,29.807890206575394,0.09596924875297659,0.07754001840515201,40
videoSRC08_1920x1080_25.yuv,16,MCL-JCV,0.1,dither,39.12455439567566,0.07643486500737173,0.08059076617725935,40
videoSRC09_1920x1080_25.yuv,16,MCL-JCV,0.1,dither,27.571890801191334,0.08918592745978343,0.09668712277952807,40
videoSRC10_1920x1080_30.yuv,16,MCL-JCV,0.1,dither,4.290928691625595,0.08896003934309256,0.09671686400561441,40
videoSRC11_1920x1080_30.yuv,16,MCL-JCV,0.1,dither,38.751887828111656,0.09905434146529163,0.12865383491891436,40
videoSRC12_1920x1080_30.yuv,16,MCL-JCV,0.1,dither,31.671223044395447,0.09675137270732499,0.11632214912904715,40
videoSRC13_1920x1080_30.yuv,16,MCL-JCV,0.1,dither,27.571890801191334,0.09324043046604716,0.1848618698354585,40
videoSRC14_1920x1080_30.yuv,16,MCL-JCV,0.1,dither,27.571890801191334,0.09760589464690056,0.09630752472349968,40
videoSRC15_1920x1080_30.yuv,16,MCL-JCV,0.1,dither,36.143221855163574,0.09706913351505148,0.1190522286753648,40
videoSRC16_1920x1080_30.yuv,16,MCL-JCV,0.1,dither,32.78922274708748,0.10096777028907167,0.09136668337929876,40
videoSRC17_1920x1080_24.yuv,16,MCL-JCV,0.1,dither,38.751887828111656,0.08682167803686452,0.0795768816107909,40
videoSRC18_1920x1080_25.yuv,16,MCL-JCV,0.1,dither,29.435223639011387,0.08770272051451972,0.09897303728752149,40
videoSRC19_1920x1080_30.yuv,16,MCL-JCV,0.1,dither,33.5345558822155,0.09361236998659378,0.10910122775156594,40
videoSRC20_1920x1080_25.yuv,16,MCL-JCV,0.1,dither,26.826557666063312,0.08961575837309127,0.08705367627551652,40
videoSRC21_1920x1080_24.yuv,16,MCL-JCV,0.1,dither,36.8885549902916,0.06809795766430538,0.08220030205188777,40
videoSRC22_1920x1080_24.yuv,16,MCL-JCV,0.1,dither,33.161889314651496,0.09602067065967668,0.09787164172728069,40
videoSRC23_1920x1080_24.yuv,16,MCL-JCV,0.1,dither,29.807890206575394,0.0885896101571615,0.10860105631655159,40
videoSRC24_1920x1080_24.yuv,16,MCL-JCV,0.1,dither,13.306778520345686,0.0900647865985727,0.07603437860051088,40
videoSRC25_1920x1080_24.yuv,16,MCL-JCV,0.1,dither,25.70855796337128,0.092359166920818,0.08863329298851852,40
videoSRC26_1920x1080_30.yuv,16,MCL-JCV,0.1,dither,24.96322482824326,0.09891248283431624,0.09558251703047205,40
videoSRC27_1920x1080_30.yuv,16,MCL-JCV,0.1,dither,39.12455439567566,0.09217700764258546,0.11184854147147405,40
videoSRC28_1920x1080_30.yuv,16,MCL-JCV,0.1,dither,39.12455439567566,0.08676719373508426,0.1161054615494308,40
videoSRC29_1920x1080_24.yuv,16,MCL-JCV,0.1,dither,39.12455439567566,0.09076679545469563,0.09173275445789386,40
videoSRC30_1920x1080_30.yuv,16,MCL-JCV,0.1,dither,31.671223044395447,0.09083744064832026,0.07607448304632669,40
BQTerrace_1920x1080_60.yuv,16,HEVC_B,0.1,dither,26.081224530935287,0.09657898165752288,0.11987689612357855,40
BasketballDrive_1920x1080_50.yuv,16,HEVC_B,0.1,dither,26.081224530935287,0.09591141606069634,0.10337424921708305,40
Cactus_1920x1080_50.yuv,16,HEVC_B,0.1,dither,29.06255707144737,0.09660815644865245,0.09768058320033646,40
Kimono1_1920x1080_24.yuv,16,HEVC_B,0.1,dither,39.12455439567566,0.08508390971480453,0.07747948910005675,40
ParkScene_1920x1080_24.yuv,16,HEVC_B,0.1,dither,39.12455439567566,0.06295734489718163,0.06563188507305995,40
FourPeople_1280x720_60.yuv,16,HEVC_E,0.1,dither,24.217891693115234,0.08799525498330821,0.10247908187841404,15
Johnny_1280x720_60.yuv,16,HEVC_E,0.1,dither,21.979714632034298,0.0952897767782693,0.11525987807601723,15
KristenAndSara_1280x720_60.yuv,16,HEVC_E,0.1,dither,16.01124246915181,0.09100998644821043,0.09652373371523737,15
BQMall_832x480_60.yuv,16,HEVC_C,0.1,dither,26.081224530935287,0.08965518088464955,0.10543867072887991,8
BasketballDrill_832x480_50.yuv,16,HEVC_C,0.1,dither,17.22358837723732,0.08740392108129172,0.10883040105403552,8
PartyScene_832x480_50.yuv,16,HEVC_C,0.1,dither,29.807890206575394,0.07980821471276191,0.09629267659159524,8
RaceHorses_832x480_30.yuv,16,HEVC_C,0.1,dither,31.671223044395447,0.09067738794034305,0.10675049669266556,8
BasketballPass_416x240_50.yuv,16,HEVC_D,0.1,dither,24.217891693115234,0.09049302590016864,0.09821154142103694,2
BlowingBubbles_416x240_50.yuv,16,HEVC_D,0.1,dither,24.217891693115234,0.0530221751996572,0.05648950151355692,2
BQSquare_416x240_60.yuv,16,HEVC_D,0.1,dither,18.622449040412903,0.08012702079078707,0.08741841548946994,2
RaceHorses_416x240_30.yuv,16,HEVC_D,0.1,dither,24.217891693115234,0.07874573144949341,0.08647866851997676,2
Beauty_1920x1080_120fps_420_8bit_YUV.yuv,32,UVG,0.1,dither,39.12455439567566,0.0400058145020213,0.04200414018367127,40
Bosphorus_1920x1080_120fps_420_8bit_YUV.yuv,32,UVG,0.1,dither,29.435223639011387,0.08937384398405612,0.09506076396619534,40
HoneyBee_1920x1080_120fps_420_8bit_YUV.yuv,32,UVG,0.1,dither,14.14609491825104,0.09394367965062177,0.06241855716147171,40
Jockey_1920x1080_120fps_420_8bit_YUV.yuv,32,UVG,0.1,dither,26.826557666063312,0.09395313206153862,0.07522164529480335,40
ReadySteadyGo_1920x1080_120fps_420_8bit_YUV.yuv,32,UVG,0.1,dither,14.985411316156384,0.08450334499183193,0.08541503147166196,40
ShakeNDry_1920x1080_120fps_420_8bit_YUV.yuv,32,UVG,0.1,dither,36.143221855163574,0.0793117061815899,0.07132624799206155,40
YachtRide_1920x1080_120fps_420_8bit_YUV.yuv,32,UVG,0.1,dither,18.622449040412903,0.08487187080219619,0.09029960930485004,40
videoSRC01_1920x1080_30.yuv,32,MCL-JCV,0.1,dither,39.12455439567566,0.08936327909913269,0.08545393647829513,40
videoSRC02_1920x1080_30.yuv,32,MCL-JCV,0.1,dither,15.265183448791507,0.09800808144946274,0.08752158893524609,40
videoSRC03_1920x1080_30.yuv,32,MCL-JCV,0.1,dither,20.86062610149384,0.09137782790340486,0.09449314084906035,40
videoSRC04_1920x1080_30.yuv,32,MCL-JCV,0.1,dither,35.77055528759956,0.08807232099346467,0.1099066370119246,40
videoSRC05_1920x1080_25.yuv,32,MCL-JCV,0.1,dither,25.335891395807263,0.09154001893663669,0.1111448703567035,40
videoSRC06_1920x1080_25.yuv,32,MCL-JCV,0.1,dither,39.12455439567566,0.016515877994750083,0.012836248730160094,40
videoSRC07_1920x1080_25.yuv,32,MCL-JCV,0.1,dither,28.689890503883365,0.09026460990182754,0.06834389172090027,40
videoSRC08_1920x1080_25.yuv,32,MCL-JCV,0.1,dither,39.12455439567566,0.0765152557384441,0.07637612332327848,40
videoSRC09_1920x1080_25.yuv,32,MCL-JCV,0.1,dither,23.098803162574765,0.0900172761344293,0.09045187509351393,40
videoSRC10_1920x1080_30.yuv,32,MCL-JCV,0.1,dither,0.0976113975048043,0.0792350875596913,0.0919195446897163,40
videoSRC11_1920x1080_30.yuv,32,MCL-JCV,0.1,dither,34.65255558490753,0.09119202090775484,0.12552612295411336,40
videoSRC12_1920x1080_30.yuv,32,MCL-JCV,0.1,dither,23.93811956048012,0.09232320799785627,0.11194272758793744,40
videoSRC13_1920x1080_30.yuv,32,MCL-JCV,0.1,dither,18.902221173048016,0.08589239864158019,0.12112480287341043,40
videoSRC14_1920x1080_30.yuv,32,MCL-JCV,0.1,dither,22.81903102993965,0.09419158927879234,0.08793648771457896,40
videoSRC15_1920x1080_30.yuv,32,MCL-JCV,0.1,dither,31.671223044395447,0.0937484794918436,0.10432623689190734,40
videoSRC16_1920x1080_30.yuv,32,MCL-JCV,0.1,dither,34.65255558490753,0.09418858040937281,0.08737810195194129,40
videoSRC17_1920x1080_24.yuv,32,MCL-JCV,0.1,dither,24.96322482824326,0.09080535185684055,0.06713031822053495,40
videoSRC18_1920x1080_25.yuv,32,MCL-JCV,0.1,dither,24.217891693115234,0.08680630151137428,0.09915081076240284,40
videoSRC19_1920x1080_30.yuv,32,MCL-JCV,0.1,dither,26.453891098499295,0.09296028873483354,0.1011810763686114,40
videoSRC20_1920x1080_25.yuv,32,MCL-JCV,0.1,dither,23.37857529520988,0.08345130132921788,0.08432283097904758,40
videoSRC21_1920x1080_24.yuv,32,MCL-JCV,0.1,dither,22.259486764669422,0.09526249253538642,0.07760399111491267,40
videoSRC22_1920x1080_24.yuv,32,MCL-JCV,0.1,dither,26.453891098499295,0.08431305332319333,0.09322697619244025,40
videoSRC23_1920x1080_24.yuv,32,MCL-JCV,0.1,dither,26.081224530935287,0.08332795468055351,0.09630838983334655,40
videoSRC24_1920x1080_24.yuv,32,MCL-JCV,0.1,dither,7.086473554372786,0.08482621411536724,0.0768069231643409,40
videoSRC25_1920x1080_24.yuv,32,MCL-JCV,0.1,dither,18.34267690777779,0.0902970986619343,0.08970286182388065,40
videoSRC26_1920x1080_30.yuv,32,MCL-JCV,0.1,dither,15.544955581426622,0.09434976564100378,0.08742875070620215,40
videoSRC27_1920x1080_30.yuv,32,MCL-JCV,0.1,dither,39.12455439567566,0.08186335384563105,0.10171609181512764,40
videoSRC28_1920x1080_30.yuv,32,MCL-JCV,0.1,dither,38.751887828111656,0.09612474329805276,0.11254442544507981,40
videoSRC29_1920x1080_24.yuv,32,MCL-JCV,0.1,dither,23.098803162574765,0.09357521498614804,0.08433086878796558,40
videoSRC30_1920x1080_30.yuv,32,MCL-JCV,0.1,dither,29.807890206575394,0.0889877371462092,0.07430351313183792,40
BQTerrace_1920x1080_60.yuv,32,HEVC_B,0.1,dither,20.86062610149384,0.08729903501126791,0.10973231185842991,40
BasketballDrive_1920x1080_50.yuv,32,HEVC_B,0.1,dither,26.453891098499295,0.0921238310579712,0.10442577901931571,40
Cactus_1920x1080_50.yuv,32,HEVC_B,0.1,dither,25.70855796337128,0.08888048539935617,0.08947413187372888,40
Kimono1_1920x1080_24.yuv,32,HEVC_B,0.1,dither,27.199224233627316,0.0933443385875722,0.07101434209054958,40
ParkScene_1920x1080_24.yuv,32,HEVC_B,0.1,dither,26.826557666063312,0.09090825425964721,0.08345614068759488,40
FourPeople_1280x720_60.yuv,32,HEVC_E,0.1,dither,13.773065408070885,0.08510156012755259,0.08435812719078228,15
Johnny_1280x720_60.yuv,32,HEVC_E,0.1,dither,13.027006387710571,0.09058714405066476,0.09459682267672065,15
KristenAndSara_1280x720_60.yuv,32,HEVC_E,0.1,dither,9.299613237380978,0.07307633619129492,0.07452357411104771,15
BQMall_832x480_60.yuv,32,HEVC_C,0.1,dither,20.021309703588486,0.07724202804732774,0.08678973944640944,8
BasketballDrill_832x480_50.yuv,32,HEVC_C,0.1,dither,18.622449040412903,0.10553389034978694,0.1630116020940875,8
PartyScene_832x480_50.yuv,32,HEVC_C,0.1,dither,15.824727714061737,0.06673827988272907,0.08208371993449504,8
RaceHorses_832x480_30.yuv,32,HEVC_C,0.1,dither,21.42017036676407,0.07776352709049913,0.08366917595912327,8
BasketballPass_416x240_50.yuv,32,HEVC_D,0.1,dither,24.217891693115234,0.06475067665285648,0.1295813668072796,2
BlowingBubbles_416x240_50.yuv,32,HEVC_D,0.1,dither,24.217891693115234,0.0792818880260383,0.08718929110337825,2
BQSquare_416x240_60.yuv,32,HEVC_D,0.1,dither,6.03814423084259,0.05746816319779524,0.054489672970952086,2
RaceHorses_416x240_30.yuv,32,HEVC_D,0.1,dither,18.622449040412903,0.06438972711349572,0.07707055351740166,2
Beauty_1920x1080_120fps_420_8bit_YUV.yuv,48,UVG,0.1,dither,39.12455439567566,0.03478144700684083,0.02987801027607162,40
Bosphorus_1920x1080_120fps_420_8bit_YUV.yuv,48,UVG,0.1,dither,25.335891395807263,0.08591041745035284,0.0872205661030705,40
HoneyBee_1920x1080_120fps_420_8bit_YUV.yuv,48,UVG,0.1,dither,15.265183448791507,0.08932462411405045,0.06341431595852498,40
Jockey_1920x1080_120fps_420_8bit_YUV.yuv,48,UVG,0.1,dither,26.826557666063312,0.09044000405138737,0.07372781117413041,40
ReadySteadyGo_1920x1080_120fps_420_8bit_YUV.yuv,48,UVG,0.1,dither,10.93034774065018,0.07770225525789522,0.08234146980690582,40
ShakeNDry_1920x1080_120fps_420_8bit_YUV.yuv,48,UVG,0.1,dither,27.571890801191334,0.08011784107954424,0.06634319531210053,40
YachtRide_1920x1080_120fps_420_8bit_YUV.yuv,48,UVG,0.1,dither,14.14609491825104,0.07671606544581498,0.08889388112154961,40
videoSRC01_1920x1080_30.yuv,48,MCL-JCV,0.1,dither,39.12455439567566,0.06494298778826539,0.05510294382702341,40
videoSRC02_1920x1080_30.yuv,48,MCL-JCV,0.1,dither,14.14609491825104,0.09139478934571496,0.07869926764909962,40
videoSRC03_1920x1080_30.yuv,48,MCL-JCV,0.1,dither,16.66404411196709,0.07851531051158626,0.07575090254615446,40
videoSRC04_1920x1080_30.yuv,48,MCL-JCV,0.1,dither,26.826557666063312,0.08705262058824965,0.11355518583747681,40
videoSRC05_1920x1080_25.yuv,48,MCL-JCV,0.1,dither,25.70855796337128,0.08591852964453608,0.11393335368227753,40
videoSRC06_1920x1080_25.yuv,48,MCL-JCV,0.1,dither,39.12455439567566,0.008601664437650479,0.00688037243234163,40
videoSRC07_1920x1080_25.yuv,48,MCL-JCV,0.1,dither,28.689890503883365,0.08698530270510978,0.06472106149485768,40
videoSRC08_1920x1080_25.yuv,48,MCL-JCV,0.1,dither,39.12455439567566,0.06442195265288003,0.06767704727700163,40
videoSRC09_1920x1080_25.yuv,48,MCL-JCV,0.1,dither,21.42017036676407,0.08627326193970677,0.08860467338824662,40
videoSRC10_1920x1080_30.yuv,48,MCL-JCV,0.1,dither,1.8448269367217995,0.07134572168871588,0.08346523824691587,40
videoSRC11_1920x1080_30.yuv,48,MCL-JCV,0.1,dither,31.671223044395447,0.08272437354056872,0.1044434859424257,40
videoSRC12_1920x1080_30.yuv,48,MCL-JCV,0.1,dither,14.14609491825104,0.07563367720760769,0.07436019824491069,40
videoSRC13_1920x1080_30.yuv,48,MCL-JCV,0.1,dither,15.265183448791507,0.07871977570805459,0.08465186240685796,40
videoSRC14_1920x1080_30.yuv,48,MCL-JCV,0.1,dither,21.69994249939918,0.08650314507684614,0.07806139558277181,40
videoSRC15_1920x1080_30.yuv,48,MCL-JCV,0.1,dither,29.06255707144737,0.08694542898914387,0.08916650985210595,40
videoSRC16_1920x1080_30.yuv,48,MCL-JCV,0.1,dither,34.27988901734352,0.09416695935824787,0.08240875641957501,40
videoSRC17_1920x1080_24.yuv,48,MCL-JCV,0.1,dither,18.902221173048016,0.09019018397018239,0.062046036024959506,40
videoSRC18_1920x1080_25.yuv,48,MCL-JCV,0.1,dither,18.902221173048016,0.07473027335019305,0.11294661489345259,40
videoSRC19_1920x1080_30.yuv,48,MCL-JCV,0.1,dither,20.3010818362236,0.0852371107491881,0.08010667374168179,40
videoSRC20_1920x1080_25.yuv,48,MCL-JCV,0.1,dither,15.824727714061737,0.07692586127281402,0.08778826764121561,40
videoSRC21_1920x1080_24.yuv,48,MCL-JCV,0.1,dither,26.826557666063312,0.09741857245791781,0.07148559922428177,40
videoSRC22_1920x1080_24.yuv,48,MCL-JCV,0.1,dither,26.453891098499295,0.08469486032663315,0.08765878781534298,40
videoSRC23_1920x1080_24.yuv,48,MCL-JCV,0.1,dither,24.96322482824326,0.07883194911452829,0.08063695880167643,40
videoSRC24_1920x1080_24.yuv,48,MCL-JCV,0.1,dither,1.1459407210349992,0.07748408691138378,0.07732891623999905,40
videoSRC25_1920x1080_24.yuv,48,MCL-JCV,0.1,dither,8.484245985746385,0.08406709805887513,0.07930001731425307,40
videoSRC26_1920x1080_30.yuv,48,MCL-JCV,0.1,dither,13.586550652980801,0.08359086486566264,0.08107865485619214,40
videoSRC27_1920x1080_30.yuv,48,MCL-JCV,0.1,dither,35.77055528759956,0.07678316959313523,0.08950379942800168,40
videoSRC28_1920x1080_30.yuv,48,MCL-JCV,0.1,dither,30.925889909267422,0.09478191705405253,0.09247610950749419,40
videoSRC29_1920x1080_24.yuv,48,MCL-JCV,0.1,dither,32.04388961195945,0.10057542739296209,0.09171890362897983,40
videoSRC30_1920x1080_30.yuv,48,MCL-JCV,0.1,dither,27.199224233627316,0.09207168382824235,0.0798910937524937,40
BQTerrace_1920x1080_60.yuv,48,HEVC_B,0.1,dither,17.503360509872433,0.0747271172078598,0.09893844416156128,40
BasketballDrive_1920x1080_50.yuv,48,HEVC_B,0.1,dither,27.571890801191334,0.08423482059056148,0.10174799697036008,40
Cactus_1920x1080_50.yuv,48,HEVC_B,0.1,dither,25.335891395807263,0.08555442929181757,0.0940089191004958,40
Kimono1_1920x1080_24.yuv,48,HEVC_B,0.1,dither,18.34267690777779,0.08176944753279027,0.05690494269837387,40
ParkScene_1920x1080_24.yuv,48,HEVC_B,0.1,dither,13.586550652980801,0.07380005431036248,0.06498852935447275,40
FourPeople_1280x720_60.yuv,48,HEVC_E,0.1,dither,9.299613237380978,0.07750218095077273,0.0740252668677357,15
Johnny_1280x720_60.yuv,48,HEVC_E,0.1,dither,16.757301489512123,0.08659864975060175,0.09402512894359916,15
KristenAndSara_1280x720_60.yuv,48,HEVC_E,0.1,dither,13.027006387710571,0.07980727198982665,0.07624597066300964,15
BQMall_832x480_60.yuv,48,HEVC_C,0.1,dither,14.425867050886154,0.07904919274789918,0.0948188121137079,8
BasketballDrill_832x480_50.yuv,48,HEVC_C,0.1,dither,21.42017036676407,0.0835478979535001,0.20554973270886023,8
PartyScene_832x480_50.yuv,48,HEVC_C,0.1,dither,13.027006387710571,0.07279306770049518,0.1102617490551765,8
RaceHorses_832x480_30.yuv,48,HEVC_C,0.1,dither,14.425867050886154,0.07077759422762796,0.08219286370337642,8
BasketballPass_416x240_50.yuv,48,HEVC_D,0.1,dither,18.622449040412903,0.0350727938828992,0.148992120547895,2
BlowingBubbles_416x240_50.yuv,48,HEVC_D,0.1,dither,13.027006387710571,0.04966597286640416,0.06240454822626873,2
BQSquare_416x240_60.yuv,48,HEVC_D,0.1,dither,-0.9507179260253906,0.02182752178318757,0.0222554187068269,2
RaceHorses_416x240_30.yuv,48,HEVC_D,0.1,dither,13.027006387710571,0.06104398844204785,0.09038128657892486,2
Beauty_1920x1080_120fps_420_8bit_YUV.yuv,63,UVG,0.1,dither,39.12455439567566,0.04971021864438808,0.034904276989891514,40
Bosphorus_1920x1080_120fps_420_8bit_YUV.yuv,63,UVG,0.1,dither,22.81903102993965,0.07900404032079679,0.07812729963193021,40
HoneyBee_1920x1080_120fps_420_8bit_YUV.yuv,63,UVG,0.1,dither,16.10449984669685,0.08225799780293594,0.06435921172138137,40
Jockey_1920x1080_120fps_420_8bit_YUV.yuv,63,UVG,0.1,dither,29.06255707144737,0.08245535503602569,0.07042072815549005,40
ReadySteadyGo_1920x1080_120fps_420_8bit_YUV.yuv,63,UVG,0.1,dither,13.306778520345686,0.06110855819231846,0.0949488214931904,40
ShakeNDry_1920x1080_120fps_420_8bit_YUV.yuv,63,UVG,0.1,dither,21.69994249939918,0.07418499289177342,0.05442391681334158,40
YachtRide_1920x1080_120fps_420_8bit_YUV.yuv,63,UVG,0.1,dither,15.544955581426622,0.07194092183789264,0.09790048544714125,40
videoSRC01_1920x1080_30.yuv,63,MCL-JCV,0.1,dither,39.12455439567566,0.048019157666552646,0.038557633246547596,40
videoSRC02_1920x1080_30.yuv,63,MCL-JCV,0.1,dither,18.622449040412903,0.09270129080401042,0.08309012746234146,40
videoSRC03_1920x1080_30.yuv,63,MCL-JCV,0.1,dither,16.10449984669685,0.07627002577695421,0.07442013068551745,40
videoSRC04_1920x1080_30.yuv,63,MCL-JCV,0.1,dither,14.985411316156384,0.0760616358451223,0.09558186605112695,40
videoSRC05_1920x1080_25.yuv,63,MCL-JCV,0.1,dither,27.571890801191334,0.0770008778698224,0.12122099889083415,40
videoSRC06_1920x1080_25.yuv,63,MCL-JCV,0.1,dither,39.12455439567566,0.02600667613628087,0.04657304707420451,40
videoSRC07_1920x1080_25.yuv,63,MCL-JCV,0.1,dither,28.317223936319348,0.08575768095444042,0.06740313569626721,40
videoSRC08_1920x1080_25.yuv,63,MCL-JCV,0.1,dither,39.12455439567566,0.056620755820442695,0.06294778181375449,40
videoSRC09_1920x1080_25.yuv,63,MCL-JCV,0.1,dither,26.081224530935287,0.08393691668736034,0.0864185698978801,40
videoSRC10_1920x1080_30.yuv,63,MCL-JCV,0.1,dither,1.1459407210349992,0.05778574252428486,0.06861769175196741,40
videoSRC11_1920x1080_30.yuv,63,MCL-JCV,0.1,dither,24.217891693115234,0.06925205357216664,0.07060668727275043,40
videoSRC12_1920x1080_30.yuv,63,MCL-JCV,0.1,dither,1.8448269367217995,0.06379069921070028,0.061528400577067544,40
videoSRC13_1920x1080_30.yuv,63,MCL-JCV,0.1,dither,14.425867050886154,0.07454291535301737,0.06886358633753531,40
videoSRC14_1920x1080_30.yuv,63,MCL-JCV,0.1,dither,22.259486764669422,0.08336145215580708,0.07596385288654517,40
videoSRC15_1920x1080_30.yuv,63,MCL-JCV,0.1,dither,24.217891693115234,0.08039228758157581,0.07755467941270666,40
videoSRC16_1920x1080_30.yuv,63,MCL-JCV,0.1,dither,34.65255558490753,0.08403795557607922,0.07403988246383619,40
videoSRC17_1920x1080_24.yuv,63,MCL-JCV,0.1,dither,16.66404411196709,0.07951361905899366,0.056938104758273766,40
videoSRC18_1920x1080_25.yuv,63,MCL-JCV,0.1,dither,16.384271979331967,0.06426038901440635,0.14070343491149373,40
videoSRC19_1920x1080_30.yuv,63,MCL-JCV,0.1,dither,14.14609491825104,0.07554199599183137,0.06686130358604458,40
videoSRC20_1920x1080_25.yuv,63,MCL-JCV,0.1,dither,13.027006387710571,0.0721761529480011,0.11831010930695385,40
videoSRC21_1920x1080_24.yuv,63,MCL-JCV,0.1,dither,37.63388812541961,0.08418917173508536,0.07416088441413393,40
videoSRC22_1920x1080_24.yuv,63,MCL-JCV,0.1,dither,26.453891098499295,0.07196292422904518,0.07152531191963618,40
videoSRC23_1920x1080_24.yuv,63,MCL-JCV,0.1,dither,24.59055826067924,0.07687436603301118,0.07298235195850111,40
videoSRC24_1920x1080_24.yuv,63,MCL-JCV,0.1,dither,6.387587338685985,0.06713311952600862,0.10445092327371697,40
videoSRC25_1920x1080_24.yuv,63,MCL-JCV,0.1,dither,6.03814423084259,0.06824872305816848,0.07505286366485109,40
videoSRC26_1920x1080_30.yuv,63,MCL-JCV,0.1,dither,14.985411316156384,0.08496753802478824,0.09436523477354797,40
videoSRC27_1920x1080_30.yuv,63,MCL-JCV,0.1,dither,32.04388961195945,0.07802641878681588,0.0832301961715558,40
videoSRC28_1920x1080_30.yuv,63,MCL-JCV,0.1,dither,25.335891395807263,0.09217400812198731,0.07654748520528898,40
videoSRC29_1920x1080_24.yuv,63,MCL-JCV,0.1,dither,39.12455439567566,0.08633133498300372,0.07821291375751116,40
videoSRC30_1920x1080_30.yuv,63,MCL-JCV,0.1,dither,24.96322482824326,0.08528284750969645,0.07780637517253552,40
BQTerrace_1920x1080_60.yuv,63,HEVC_B,0.1,dither,15.265183448791507,0.07417814009991233,0.09995664242736524,40
BasketballDrive_1920x1080_50.yuv,63,HEVC_B,0.1,dither,30.55322334170342,0.07159776883851075,0.10238433904182642,40
Cactus_1920x1080_50.yuv,63,HEVC_B,0.1,dither,26.826557666063312,0.08813780586957429,0.10084169111011221,40
Kimono1_1920x1080_24.yuv,63,HEVC_B,0.1,dither,17.22358837723732,0.08383104999606325,0.05965685677278998,40
ParkScene_1920x1080_24.yuv,63,HEVC_B,0.1,dither,9.882018417119976,0.06525428557579904,0.05793480806830331,40
FourPeople_1280x720_60.yuv,63,HEVC_E,0.1,dither,9.299613237380978,0.07143243376867794,0.06714675053938635,15
Johnny_1280x720_60.yuv,63,HEVC_E,0.1,dither,21.979714632034298,0.08094518118227739,0.09633337678278053,15
KristenAndSara_1280x720_60.yuv,63,HEVC_E,0.1,dither,9.299613237380978,0.06688595053141269,0.06499409650244559,15
BQMall_832x480_60.yuv,63,HEVC_C,0.1,dither,9.53257530927658,0.06867893019565476,0.09066108026463127,8
BasketballDrill_832x480_50.yuv,63,HEVC_C,0.1,dither,22.81903102993965,0.06750077469044069,0.2778062207494756,8
RaceHorses_832x480_30.yuv,63,HEVC_C,0.1,dither,4.290928691625595,0.05015243531802424,0.05375100293838386,8
BasketballPass_416x240_50.yuv,63,HEVC_D,0.1,dither,24.217891693115234,0.05968454425276429,0.2914803947614928,2
BlowingBubbles_416x240_50.yuv,63,HEVC_D,0.1,dither,13.027006387710571,0.06547583646770232,0.09844248764682106,2
RaceHorses_416x240_30.yuv,63,HEVC_D,0.1,dither,6.03814423084259,0.03925701924904827,0.06750795994454961,2
Beauty_1920x1080_120fps_420_8bit_YUV.yuv,0,UVG,0.1,uniform,39.12455439567566,0.08091148795395814,0.08229179922256691,40
Bosphorus_1920x1080_120fps_420_8bit_YUV.yuv,0,UVG,0.1,uniform,39.12455439567566,0.109843875346532,0.12340274289241648,40
HoneyBee_1920x1080_120fps_420_8bit_YUV.yuv,0,UVG,0.1,uniform,13.027006387710571,0.07658795382836815,0.05692112633526847,40
Jockey_1920x1080_120fps_420_8bit_YUV.yuv,0,UVG,0.1,uniform,13.027006387710571,0.0556178096067662,0.04641649638077183,40
ReadySteadyGo_1920x1080_120fps_420_8bit_YUV.yuv,0,UVG,0.1,uniform,24.217891693115234,0.06913207994023945,0.07390160557744352,40
ShakeNDry_1920x1080_120fps_420_8bit_YUV.yuv,0,UVG,0.1,uniform,39.12455439567566,0.07391442561049448,0.08615749684847174,40
YachtRide_1920x1080_120fps_420_8bit_YUV.yuv,0,UVG,0.1,uniform,24.217891693115234,0.054818124347989834,0.06663405228042052,40
videoSRC01_1920x1080_30.yuv,0,MCL-JCV,0.1,uniform,24.217891693115234,0.04854336117055498,0.047218629920621424,40
videoSRC02_1920x1080_30.yuv,0,MCL-JCV,0.1,uniform,24.217891693115234,0.06348988498488117,0.06400954262869618,40
videoSRC03_1920x1080_30.yuv,0,MCL-JCV,0.1,uniform,24.217891693115234,0.06430387336409528,0.08135333349893159,40
videoSRC04_1920x1080_30.yuv,0,MCL-JCV,0.1,uniform,39.12455439567566,0.022088933433354694,0.04003983538861888,40
videoSRC05_1920x1080_25.yuv,0,MCL-JCV,0.1,uniform,24.217891693115234,0.10001938562772159,0.1039846745996229,40
videoSRC06_1920x1080_25.yuv,0,MCL-JCV,0.1,uniform,39.12455439567566,0.03224088419020011,0.024900584410012527,40
videoSRC07_1920x1080_25.yuv,0,MCL-JCV,0.1,uniform,24.217891693115234,0.05672652072343759,0.05276315278129573,40
videoSRC08_1920x1080_25.yuv,0,MCL-JCV,0.1,uniform,24.217891693115234,0.05327110506514198,0.05362404940363774,40
videoSRC09_1920x1080_25.yuv,0,MCL-JCV,0.1,uniform,24.217891693115234,0.04926963962431447,0.05747271781675778,40
videoSRC10_1920x1080_30.yuv,0,MCL-JCV,0.1,uniform,-0.9507179260253906,0.06334915791898822,0.07248690829518978,40
videoSRC11_1920x1080_30.yuv,0,MCL-JCV,0.1,uniform,39.12455439567566,0.08271465359720417,0.10288921740490053,40
videoSRC12_1920x1080_30.yuv,0,MCL-JCV,0.1,uniform,24.217891693115234,0.04418751029745086,0.05659629323913862,40
videoSRC13_1920x1080_30.yuv,0,MCL-JCV,0.1,uniform,39.12455439567566,0.055605978859048916,0.10980931904400393,40
videoSRC14_1920x1080_30.yuv,0,MCL-JCV,0.1,uniform,24.217891693115234,0.0539680034272052,0.054670521346466217,40
videoSRC15_1920x1080_30.yuv,0,MCL-JCV,0.1,uniform,39.12455439567566,0.08777389709425759,0.11144647263915886,40
videoSRC16_1920x1080_30.yuv,0,MCL-JCV,0.1,uniform,24.217891693115234,0.0925539526540592,0.07778106758787828,40
videoSRC17_1920x1080_24.yuv,0,MCL-JCV,0.1,uniform,39.12455439567566,0.06855976918494282,0.06612191226552255,40
videoSRC18_1920x1080_25.yuv,0,MCL-JCV,0.1,uniform,24.217891693115234,0.054966252219486575,0.05728699734235576,40
videoSRC19_1920x1080_30.yuv,0,MCL-JCV,0.1,uniform,39.12455439567566,0.0745683624426924,0.0746782533749979,40
videoSRC20_1920x1080_25.yuv,0,MCL-JCV,0.1,uniform,24.217891693115234,0.07638517775460636,0.07190209089827704,40
videoSRC21_1920x1080_24.yuv,0,MCL-JCV,0.1,uniform,39.12455439567566,0.02207029871673177,0.0585511196388282,40
videoSRC22_1920x1080_24.yuv,0,MCL-JCV,0.1,uniform,24.217891693115234,0.04454466900056911,0.055972845729002074,40
videoSRC23_1920x1080_24.yuv,0,MCL-JCV,0.1,uniform,24.217891693115234,0.047940882684431085,0.061465394496408976,40
videoSRC24_1920x1080_24.yuv,0,MCL-JCV,0.1,uniform,13.027006387710571,0.08580301533344353,0.07026192192795833,40
videoSRC25_1920x1080_24.yuv,0,MCL-JCV,0.1,uniform,24.217891693115234,0.06733603608100647,0.06370178001325044,40
videoSRC26_1920x1080_30.yuv,0,MCL-JCV,0.1,uniform,24.217891693115234,0.054027281932474566,0.05408306157887921,40
videoSRC27_1920x1080_30.yuv,0,MCL-JCV,0.1,uniform,24.217891693115234,0.04362614240553446,0.053170022987131915,40
videoSRC28_1920x1080_30.yuv,0,MCL-JCV,0.1,uniform,39.12455439567566,0.08446472309023867,0.12758942859357347,40
videoSRC29_1920x1080_24.yuv,0,MCL-JCV,0.1,uniform,39.12455439567566,0.026554528748609415,0.030472528798817677,40
videoSRC30_1920x1080_30.yuv,0,MCL-JCV,0.1,uniform,24.217891693115234,0.06825591377800436,0.05814411657254226,40
BQTerrace_1920x1080_60.yuv,0,HEVC_B,0.1,uniform,24.217891693115234,0.049056745404932496,0.06440295483134051,40
BasketballDrive_1920x1080_50.yuv,0,HEVC_B,0.1,uniform,24.217891693115234,0.08976407766785696,0.09235136194426019,40
Cactus_1920x1080_50.yuv,0,HEVC_B,0.1,uniform,24.217891693115234,0.0539065771827333,0.054879374650777635,40
Kimono1_1920x1080_24.yuv,0,HEVC_B,0.1,uniform,39.12455439567566,0.060235008562486994,0.05936236147662299,40
ParkScene_1920x1080_24.yuv,0,HEVC_B,0.1,uniform,39.12455439567566,0.045551741504323714,0.048133639677402584,40
FourPeople_1280x720_60.yuv,0,HEVC_E,0.1,uniform,24.217891693115234,0.0627459050409277,0.08529662897111123,15
Johnny_1280x720_60.yuv,0,HEVC_E,0.1,uniform,24.217891693115234,0.08654011488799843,0.10546372569685047,15
KristenAndSara_1280x720_60.yuv,0,HEVC_E,0.1,uniform,24.217891693115234,0.09148109383419359,0.11197038849741148,15
BQMall_832x480_60.yuv,0,HEVC_C,0.1,uniform,24.217891693115234,0.050687046932596055,0.06590729550075736,8
BasketballDrill_832x480_50.yuv,0,HEVC_C,0.1,uniform,13.027006387710571,0.06911703284858778,0.062379961056176825,8
PartyScene_832x480_50.yuv,0,HEVC_C,0.1,uniform,39.12455439567566,0.053026271524124965,0.06948338609807791,8
RaceHorses_832x480_30.yuv,0,HEVC_C,0.1,uniform,24.217891693115234,0.06678490742249366,0.07394525230661841,8
BasketballPass_416x240_50.yuv,0,HEVC_D,0.1,uniform,24.217891693115234,0.02082927661913581,0.021211431473716402,2
BlowingBubbles_416x240_50.yuv,0,HEVC_D,0.1,uniform,24.217891693115234,0.023945663737046926,0.027611605693259378,2
BQSquare_416x240_60.yuv,0,HEVC_D,0.1,uniform,24.217891693115234,0.03682133284296582,0.0522566904354278,2
RaceHorses_416x240_30.yuv,0,HEVC_D,0.1,uniform,24.217891693115234,0.07025170355835336,0.07058508127508745,2
Beauty_1920x1080_120fps_420_8bit_YUV.yuv,16,UVG,0.1,uniform,39.12455439567566,0.04401150336257254,0.04814296022141917,40
Bosphorus_1920x1080_120fps_420_8bit_YUV.yuv,16,UVG,0.1,uniform,24.217891693115234,0.061104860846210245,0.06753534978437159,40
HoneyBee_1920x1080_120fps_420_8bit_YUV.yuv,16,UVG,0.1,uniform,13.027006387710571,0.08656689335739981,0.057445865368784155,40
Jockey_1920x1080_120fps_420_8bit_YUV.yuv,16,UVG,0.1,uniform,24.217891693115234,0.09365387183759091,0.07590261830161182,40
ReadySteadyGo_1920x1080_120fps_420_8bit_YUV.yuv,16,UVG,0.1,uniform,13.027006387710571,0.0657808333620383,0.06518065198133627,40
ShakeNDry_1920x1080_120fps_420_8bit_YUV.yuv,16,UVG,0.1,uniform,39.12455439567566,0.05927740339012894,0.06188958735465633,40
YachtRide_1920x1080_120fps_420_8bit_YUV.yuv,16,UVG,0.1,uniform,24.217891693115234,0.08101564539428903,0.09531874673977114,40
videoSRC01_1920x1080_30.yuv,16,MCL-JCV,0.1,uniform,39.12455439567566,0.0955428316105992,0.0967970859865801,40
videoSRC02_1920x1080_30.yuv,16,MCL-JCV,0.1,uniform,13.027006387710571,0.06904171972084415,0.06575511972519621,40
videoSRC03_1920x1080_30.yuv,16,MCL-JCV,0.1,uniform,24.217891693115234,0.08428177578002749,0.09237917841326748,40
videoSRC04_1920x1080_30.yuv,16,MCL-JCV,0.1,uniform,39.12455439567566,0.05703442659334555,0.07394946548483006,40
videoSRC05_1920x1080_25.yuv,16,MCL-JCV,0.1,uniform,24.217891693115234,0.08931573759257934,0.1020958352039898,40
videoSRC06_1920x1080_25.yuv,16,MCL-JCV,0.1,uniform,39.12455439567566,0.04308834139587414,0.033973665926467334,40
videoSRC07_1920x1080_25.yuv,16,MCL-JCV,0.1,uniform,24.217891693115234,0.06818827770721395,0.054527416790051575,40
videoSRC08_1920x1080_25.yuv,16,MCL-JCV,0.1,uniform,39.12455439567566,0.07643486500737173,0.08059076617725935,40
videoSRC09_1920x1080_25.yuv,16,MCL-JCV,0.1,uniform,24.217891693115234,0.06984431605283642,0.07546942514115784,40
videoSRC10_1920x1080_30.yuv,16,MCL-JCV,0.1,uniform,-0.9507179260253906,0.07431895949047208,0.08573739015932347,40
videoSRC11_1920x1080_30.yuv,16,MCL-JCV,0.1,uniform,24.217891693115234,0.049326669563396174,0.07136929227432631,40
videoSRC12_1920x1080_30.yuv,16,MCL-JCV,0.1,uniform,24.217891693115234,0.05986573245389092,0.0732044206728446,40
videoSRC13_1920x1080_30.yuv,16,MCL-JCV,0.1,uniform,24.217891693115234,0.07037470671344132,0.14740229954794515,40
videoSRC14_1920x1080_30.yuv,16,MCL-JCV,0.1,uniform,24.217891693115234,0.08316453739189039,0.08179578700580237,40
videoSRC15_1920x1080_30.yuv,16,MCL-JCV,0.1,uniform,24.217891693115234,0.04878138108551616,0.05934228796371599,40
videoSRC16_1920x1080_30.yuv,16,MCL-JCV,0.1,uniform,24.217891693115234,0.07254787547923043,0.06400582163105639,40
videoSRC17_1920x1080_24.yuv,16,MCL-JCV,0.1,uniform,24.217891693115234,0.046362123445469874,0.04236860474798476,40
videoSRC18_1920x1080_25.yuv,16,MCL-JCV,0.1,uniform,24.217891693115234,0.05907479573446519,0.06684429781331147,40
videoSRC19_1920x1080_30.yuv,16,MCL-JCV,0.1,uniform,24.217891693115234,0.0547262934273325,0.06274108237768417,40
videoSRC20_1920x1080_25.yuv,16,MCL-JCV,0.1,uniform,24.217891693115234,0.07235343605926038,0.07030252640579704,40
videoSRC21_1920x1080_24.yuv,16,MCL-JCV,0.1,uniform,24.217891693115234,0.08116159777458325,0.06882599568535142,40
videoSRC22_1920x1080_24.yuv,16,MCL-JCV,0.1,uniform,24.217891693115234,0.05557841110830256,0.05900387063761059,40
videoSRC23_1920x1080_24.yuv,16,MCL-JCV,0.1,uniform,24.217891693115234,0.061848731865229795,0.07624241283005517,40
videoSRC24_1920x1080_24.yuv,16,MCL-JCV,0.1,uniform,13.027006387710571,0.0888973226588198,0.07475150363768535,40
videoSRC25_1920x1080_24.yuv,16,MCL-JCV,0.1,uniform,24.217891693115234,0.08001388382058024,0.07580992580095369,40
videoSRC26_1920x1080_30.yuv,16,MCL-JCV,0.1,uniform,24.217891693115234,0.09089350901805435,0.08783311390595117,40
videoSRC27_1920x1080_30.yuv,16,MCL-JCV,0.1,uniform,39.12455439567566,0.09217700764258546,0.11184854147147405,40
videoSRC28_1920x1080_30.yuv,16,MCL-JCV,0.1,uniform,39.12455439567566,0.08676719373508426,0.1161054615494308,40
videoSRC29_1920x1080_24.yuv,16,MCL-JCV,0.1,uniform,39.12455439567566,0.09076679545469563,0.09173275445789386,40
videoSRC30_1920x1080_30.yuv,16,MCL-JCV,0.1,uniform,24.217891693115234,0.051524991479723885,0.042990975905453865,40
BQTerrace_1920x1080_60.yuv,16,HEVC_B,0.1,uniform,24.217891693115234,0.08256867337985875,0.10225902713582613,40
BasketballDrive_1920x1080_50.yuv,16,HEVC_B,0.1,uniform,24.217891693115234,0.08474626283277042,0.09180076546860505,40
Cactus_1920x1080_50.yuv,16,HEVC_B,0.1,uniform,24.217891693115234,0.07578496715491394,0.07620276196087872,40
Kimono1_1920x1080_24.yuv,16,HEVC_B,0.1,uniform,39.12455439567566,0.08508390971480453,0.07747948910005675,40
ParkScene_1920x1080_24.yuv,16,HEVC_B,0.1,uniform,39.12455439567566,0.06295734489718163,0.06563188507305995,40
FourPeople_1280x720_60.yuv,16,HEVC_E,0.1,uniform,24.217891693115234,0.08799525498330821,0.10247908187841404,15
Johnny_1280x720_60.yuv,16,HEVC_E,0.1,uniform,13.027006387710571,0.06816310307417561,0.0789677606105812,15
KristenAndSara_1280x720_60.yuv,16,HEVC_E,0.1,uniform,13.027006387710571,0.08374810236132585,0.08639896431505178,15
BQMall_832x480_60.yuv,16,HEVC_C,0.1,uniform,24.217891693115234,0.07559753094333355,0.08785065899437683,8
BasketballDrill_832x480_50.yuv,16,HEVC_C,0.1,uniform,13.027006387710571,0.07540725590720487,0.0948455419103098,8
PartyScene_832x480_50.yuv,16,HEVC_C,0.1,uniform,24.217891693115234,0.05729375560393105,0.067901819947501,8
RaceHorses_832x480_30.yuv,16,HEVC_C,0.1,uniform,24.217891693115234,0.060649624985551154,0.07140986960213525,8
BasketballPass_416x240_50.yuv,16,HEVC_D,0.1,uniform,24.217891693115234,0.09049302590016864,0.09821154142103694,2
BlowingBubbles_416x240_50.yuv,16,HEVC_D,0.1,uniform,24.217891693115234,0.0530221751996572,0.05648950151355692,2
BQSquare_416x240_60.yuv,16,HEVC_D,0.1,uniform,13.027006387710571,0.05273380575941803,0.05376828320963156,2
RaceHorses_416x240_30.yuv,16,HEVC_D,0.1,uniform,24.217891693115234,0.07874573144949341,0.08647866851997676,2
Beauty_1920x1080_120fps_420_8bit_YUV.yuv,32,UVG,0.1,uniform,39.12455439567566,0.0400058145020213,0.04200414018367127,40
Bosphorus_1920x1080_120fps_420_8bit_YUV.yuv,32,UVG,0.1,uniform,24.217891693115234,0.060064702603946876,0.06506873397695045,40
HoneyBee_1920x1080_120fps_420_8bit_YUV.yuv,32,UVG,0.1,uniform,13.027006387710571,0.08715431927617008,0.0587447466007589,40
Jockey_1920x1080_120fps_420_8bit_YUV.yuv,32,UVG,0.1,uniform,24.217891693115234,0.07577682330514653,0.05978227183680218,40
ReadySteadyGo_1920x1080_120fps_420_8bit_YUV.yuv,32,UVG,0.1,uniform,13.027006387710571,0.0739831652901685,0.07448060595104522,40
ShakeNDry_1920x1080_120fps_420_8bit_YUV.yuv,32,UVG,0.1,uniform,24.217891693115234,0.04144769567368044,0.037971589471659684,40
YachtRide_1920x1080_120fps_420_8bit_YUV.yuv,32,UVG,0.1,uniform,13.027006387710571,0.06394585082359626,0.06683252385047922,40
videoSRC01_1920x1080_30.yuv,32,MCL-JCV,0.1,uniform,39.12455439567566,0.08936327909913269,0.08545393647829513,40
videoSRC02_1920x1080_30.yuv,32,MCL-JCV,0.1,uniform,13.027006387710571,0.08062546046710514,0.07371635545512589,40
videoSRC03_1920x1080_30.yuv,32,MCL-JCV,0.1,uniform,13.027006387710571,0.06589370564874207,0.0667478699314259,40
videoSRC04_1920x1080_30.yuv,32,MCL-JCV,0.1,uniform,24.217891693115234,0.044280649501502255,0.055768838972724666,40
videoSRC05_1920x1080_25.yuv,32,MCL-JCV,0.1,uniform,24.217891693115234,0.0819378559587064,0.10125831249231965,40
videoSRC06_1920x1080_25.yuv,32,MCL-JCV,0.1,uniform,39.12455439567566,0.016515877994750083,0.012836248730160094,40
videoSRC07_1920x1080_25.yuv,32,MCL-JCV,0.1,uniform,24.217891693115234,0.06804572200043355,0.05122146643333991,40
videoSRC08_1920x1080_25.yuv,32,MCL-JCV,0.1,uniform,39.12455439567566,0.0765152557384441,0.07637612332327848,40
videoSRC09_1920x1080_25.yuv,32,MCL-JCV,0.1,uniform,13.027006387710571,0.06542311580912746,0.06483244376140362,40
videoSRC10_1920x1080_30.yuv,32,MCL-JCV,0.1,uniform,-0.9507179260253906,0.07458076352919824,0.08776338709565579,40
videoSRC11_1920x1080_30.yuv,32,MCL-JCV,0.1,uniform,24.217891693115234,0.049348923146980375,0.07002248511563636,40
videoSRC12_1920x1080_30.yuv,32,MCL-JCV,0.1,uniform,13.027006387710571,0.04916084274713872,0.052157822474050874,40
videoSRC13_1920x1080_30.yuv,32,MCL-JCV,0.1,uniform,13.027006387710571,0.06764563837521034,0.0798850717910966,40
videoSRC14_1920x1080_30.yuv,32,MCL-JCV,0.1,uniform,13.027006387710571,0.05580217877122323,0.05101410499204917,40
videoSRC15_1920x1080_30.yuv,32,MCL-JCV,0.1,uniform,24.217891693115234,0.06176806045635721,0.06880546170577162,40
videoSRC16_1920x1080_30.yuv,32,MCL-JCV,0.1,uniform,24.217891693115234,0.05830153923069288,0.05409062752181626,40
videoSRC17_1920x1080_24.yuv,32,MCL-JCV,0.1,uniform,24.217891693115234,0.08915147927150194,0.06566676602578525,40
videoSRC18_1920x1080_25.yuv,32,MCL-JCV,0.1,uniform,24.217891693115234,0.08680630151137428,0.09915081076240284,40
videoSRC19_1920x1080_30.yuv,32,MCL-JCV,0.1,uniform,24.217891693115234,0.07932227418556585,0.08602964262239965,40
videoSRC20_1920x1080_25.yuv,32,MCL-JCV,0.1,uniform,13.027006387710571,0.05293043467778494,0.053853018202396186,40
videoSRC21_1920x1080_24.yuv,32,MCL-JCV,0.1,uniform,13.027006387710571,0.039254285177144875,0.04033940297256322,40
videoSRC22_1920x1080_24.yuv,32,MCL-JCV,0.1,uniform,24.217891693115234,0.07356507265468916,0.07982042698090908,40
videoSRC23_1920x1080_24.yuv,32,MCL-JCV,0.1,uniform,24.217891693115234,0.06704094447636236,0.07752438245352522,40
videoSRC24_1920x1080_24.yuv,32,MCL-JCV,0.1,uniform,-0.9507179260253906,0.06477820458605799,0.05430263534761792,40
videoSRC25_1920x1080_24.yuv,32,MCL-JCV,0.1,uniform,13.027006387710571,0.0754064072092924,0.07611220978191113,40
videoSRC26_1920x1080_30.yuv,32,MCL-JCV,0.1,uniform,13.027006387710571,0.07065733365363105,0.06579544455690467,40
videoSRC27_1920x1080_30.yuv,32,MCL-JCV,0.1,uniform,39.12455439567566,0.08186335384563105,0.10171609181512764,40
videoSRC28_1920x1080_30.yuv,32,MCL-JCV,0.1,uniform,24.217891693115234,0.049247439835138004,0.05612470461150565,40
videoSRC29_1920x1080_24.yuv,32,MCL-JCV,0.1,uniform,13.027006387710571,0.03831632864384467,0.034948369017961056,40
videoSRC30_1920x1080_30.yuv,32,MCL-JCV,0.1,uniform,24.217891693115234,0.05878590196425046,0.050630217110175124,40
BQTerrace_1920x1080_60.yuv,32,HEVC_B,0.1,uniform,13.027006387710571,0.06162668345489884,0.07428859761153461,40
BasketballDrive_1920x1080_50.yuv,32,HEVC_B,0.1,uniform,24.217891693115234,0.07884446982371457,0.090171400273789,40
Cactus_1920x1080_50.yuv,32,HEVC_B,0.1,uniform,24.217891693115234,0.07922762230793595,0.08096890682757163,40
Kimono1_1920x1080_24.yuv,32,HEVC_B,0.1,uniform,24.217891693115234,0.08345124038004675,0.06256048389504798,40
ParkScene_1920x1080_24.yuv,32,HEVC_B,0.1,uniform,24.217891693115234,0.07178278844479999,0.06657222719288569,40
FourPeople_1280x720_60.yuv,32,HEVC_E,0.1,uniform,13.027006387710571,0.08251238471174642,0.08150170536642776,15
Johnny_1280x720_60.yuv,32,HEVC_E,0.1,uniform,13.027006387710571,0.09058714405066476,0.09459682267672065,15
KristenAndSara_1280x720_60.yuv,32,HEVC_E,0.1,uniform,-0.9507179260253906,0.04502096768966231,0.04880600796938239,15
BQMall_832x480_60.yuv,32,HEVC_C,0.1,uniform,13.027006387710571,0.055264649821299514,0.0580555277925896,8
BasketballDrill_832x480_50.yuv,32,HEVC_C,0.1,uniform,13.027006387710571,0.07890977613641201,0.13652637912041854,8
PartyScene_832x480_50.yuv,32,HEVC_C,0.1,uniform,13.027006387710571,0.05093524575348989,0.061769294714945744,8
RaceHorses_832x480_30.yuv,32,HEVC_C,0.1,uniform,13.027006387710571,0.057477875356392254,0.06000180505616726,8
BasketballPass_416x240_50.yuv,32,HEVC_D,0.1,uniform,24.217891693115234,0.06475067665285648,0.1295813668072796,2
BlowingBubbles_416x240_50.yuv,32,HEVC_D,0.1,uniform,24.217891693115234,0.0792818880260383,0.08718929110337825,2
BQSquare_416x240_60.yuv,32,HEVC_D,0.1,uniform,-0.9507179260253906,0.01714153559962563,0.019718733749172657,2
RaceHorses_416x240_30.yuv,32,HEVC_D,0.1,uniform,13.027006387710571,0.051241331465904275,0.060631441096994365,2
Beauty_1920x1080_120fps_420_8bit_YUV.yuv,48,UVG,0.1,uniform,39.12455439567566,0.03478144700684083,0.02987801027607162,40
Bosphorus_1920x1080_120fps_420_8bit_YUV.yuv,48,UVG,0.1,uniform,24.217891693115234,0.07700473912690416,0.07899549555956042,40
HoneyBee_1920x1080_120fps_420_8bit_YUV.yuv,48,UVG,0.1,uniform,13.027006387710571,0.07320077872856699,0.055116270433543946,40
Jockey_1920x1080_120fps_420_8bit_YUV.yuv,48,UVG,0.1,uniform,24.217891693115234,0.06996416555733477,0.057745042933831314,40
ReadySteadyGo_1920x1080_120fps_420_8bit_YUV.yuv,48,UVG,0.1,uniform,-0.9507179260253906,0.04297656595185249,0.042392522060126225,40
ShakeNDry_1920x1080_120fps_420_8bit_YUV.yuv,48,UVG,0.1,uniform,24.217891693115234,0.06117469864829668,0.05194258655398443,40
YachtRide_1920x1080_120fps_420_8bit_YUV.yuv,48,UVG,0.1,uniform,13.027006387710571,0.06708147491206248,0.08007712389103006,40
videoSRC01_1920x1080_30.yuv,48,MCL-JCV,0.1,uniform,39.12455439567566,0.06494298778826539,0.05510294382702341,40
videoSRC02_1920x1080_30.yuv,48,MCL-JCV,0.1,uniform,13.027006387710571,0.08284120354148077,0.07233907213928603,40
videoSRC03_1920x1080_30.yuv,48,MCL-JCV,0.1,uniform,13.027006387710571,0.0671495009728555,0.06436618422475249,40
videoSRC04_1920x1080_30.yuv,48,MCL-JCV,0.1,uniform,24.217891693115234,0.0618341093461416,0.08518190932299063,40
videoSRC05_1920x1080_25.yuv,48,MCL-JCV,0.1,uniform,24.217891693115234,0.0721840276048214,0.0997026655204678,40
videoSRC06_1920x1080_25.yuv,48,MCL-JCV,0.1,uniform,39.12455439567566,0.008601664437650479,0.00688037243234163,40
videoSRC07_1920x1080_25.yuv,48,MCL-JCV,0.1,uniform,24.217891693115234,0.06456393956617579,0.04856174696435289,40
videoSRC08_1920x1080_25.yuv,48,MCL-JCV,0.1,uniform,39.12455439567566,0.06442195265288003,0.06767704727700163,40
videoSRC09_1920x1080_25.yuv,48,MCL-JCV,0.1,uniform,13.027006387710571,0.06515229217106912,0.06938789674570955,40
videoSRC10_1920x1080_30.yuv,48,MCL-JCV,0.1,uniform,-0.9507179260253906,0.05890345127168968,0.06998925481657636,40
videoSRC11_1920x1080_30.yuv,48,MCL-JCV,0.1,uniform,24.217891693115234,0.050328151976895864,0.059807750912476365,40
videoSRC12_1920x1080_30.yuv,48,MCL-JCV,0.1,uniform,13.027006387710571,0.06763875910444275,0.06514136567386686,40
videoSRC13_1920x1080_30.yuv,48,MCL-JCV,0.1,uniform,13.027006387710571,0.0690821385515657,0.06855766078195558,40
videoSRC14_1920x1080_30.yuv,48,MCL-JCV,0.1,uniform,13.027006387710571,0.0547240560726621,0.050338334974412646,40
videoSRC15_1920x1080_30.yuv,48,MCL-JCV,0.1,uniform,24.217891693115234,0.06649145224924966,0.06830726888873784,40
videoSRC16_1920x1080_30.yuv,48,MCL-JCV,0.1,uniform,24.217891693115234,0.05662209508193508,0.04991574235881302,40
videoSRC17_1920x1080_24.yuv,48,MCL-JCV,0.1,uniform,13.027006387710571,0.05820134274119444,0.04304917842297584,40
videoSRC18_1920x1080_25.yuv,48,MCL-JCV,0.1,uniform,13.027006387710571,0.05125928457160485,0.08892862134080559,40
videoSRC19_1920x1080_30.yuv,48,MCL-JCV,0.1,uniform,13.027006387710571,0.04802518561865382,0.044377049225793996,40
videoSRC20_1920x1080_25.yuv,48,MCL-JCV,0.1,uniform,13.027006387710571,0.06587464264626453,0.07745721261898098,40
videoSRC21_1920x1080_24.yuv,48,MCL-JCV,0.1,uniform,24.217891693115234,0.08759882017032428,0.06425532581709348,40
videoSRC22_1920x1080_24.yuv,48,MCL-JCV,0.1,uniform,24.217891693115234,0.07436955845989095,0.0761234782298601,40
videoSRC23_1920x1080_24.yuv,48,MCL-JCV,0.1,uniform,24.217891693115234,0.07275058799388595,0.07383579601415846,40
videoSRC24_1920x1080_24.yuv,48,MCL-JCV,0.1,uniform,-0.9507179260253906,0.0691849927070439,0.06011182495677758,40
videoSRC25_1920x1080_24.yuv,48,MCL-JCV,0.1,uniform,-0.9507179260253906,0.0339541391007063,0.02947640077240976,40
videoSRC26_1920x1080_30.yuv,48,MCL-JCV,0.1,uniform,13.027006387710571,0.07602604194543786,0.07569800393642367,40
videoSRC27_1920x1080_30.yuv,48,MCL-JCV,0.1,uniform,24.217891693115234,0.049461077804820536,0.058886074549455714,40
videoSRC28_1920x1080_30.yuv,48,MCL-JCV,0.1,uniform,24.217891693115234,0.0638846386812404,0.060242442623192005,40
videoSRC29_1920x1080_24.yuv,48,MCL-JCV,0.1,uniform,24.217891693115234,0.06196274601103778,0.054405887209433956,40
videoSRC30_1920x1080_30.yuv,48,MCL-JCV,0.1,uniform,24.217891693115234,0.06326187759806745,0.05720826130658452,40
BQTerrace_1920x1080_60.yuv,48,HEVC_B,0.1,uniform,13.027006387710571,0.05846324780365575,0.07892073793875198,40
BasketballDrive_1920x1080_50.yuv,48,HEVC_B,0.1,uniform,24.217891693115234,0.06329554681306171,0.08023123922957609,40
Cactus_1920x1080_50.yuv,48,HEVC_B,0.1,uniform,24.217891693115234,0.0779332154424956,0.08747156010286972,40
Kimono1_1920x1080_24.yuv,48,HEVC_B,0.1,uniform,13.027006387710571,0.05905318299872237,0.043409666549578674,40
ParkScene_1920x1080_24.yuv,48,HEVC_B,0.1,uniform,13.027006387710571,0.06561730111992284,0.05889412155394069,40
FourPeople_1280x720_60.yuv,48,HEVC_E,0.1,uniform,-0.9507179260253906,0.040714586083808534,0.041070329254942806,15
Johnny_1280x720_60.yuv,48,HEVC_E,0.1,uniform,13.027006387710571,0.07109259677156975,0.07693772888477213,15
KristenAndSara_1280x720_60.yuv,48,HEVC_E,0.1,uniform,13.027006387710571,0.07980727198982665,0.07624597066300964,15
BQMall_832x480_60.yuv,48,HEVC_C,0.1,uniform,13.027006387710571,0.06936834436220427,0.08172888105008269,8
BasketballDrill_832x480_50.yuv,48,HEVC_C,0.1,uniform,13.027006387710571,0.04260457865969853,0.16777534585247622,8
PartyScene_832x480_50.yuv,48,HEVC_C,0.1,uniform,13.027006387710571,0.07279306770049518,0.1102617490551765,8
RaceHorses_832x480_30.yuv,48,HEVC_C,0.1,uniform,13.027006387710571,0.06777216061025096,0.07881868408812664,8
BasketballPass_416x240_50.yuv,48,HEVC_D,0.1,uniform,13.027006387710571,-0.0044482086192598235,0.09635660928614698,2
BlowingBubbles_416x240_50.yuv,48,HEVC_D,0.1,uniform,13.027006387710571,0.04966597286640416,0.06240454822626873,2
BQSquare_416x240_60.yuv,48,HEVC_D,0.1,uniform,-0.9507179260253906,0.02182752178318757,0.0222554187068269,2
RaceHorses_416x240_30.yuv,48,HEVC_D,0.1,uniform,13.027006387710571,0.06104398844204785,0.09038128657892486,2
Beauty_1920x1080_120fps_420_8bit_YUV.yuv,63,UVG,0.1,uniform,39.12455439567566,0.04971021864438808,0.034904276989891514,40
Bosphorus_1920x1080_120fps_420_8bit_YUV.yuv,63,UVG,0.1,uniform,13.027006387710571,0.04973638603052545,0.04713742080780747,40
HoneyBee_1920x1080_120fps_420_8bit_YUV.yuv,63,UVG,0.1,uniform,13.027006387710571,0.06133684743121617,0.05421192895810378,40
Jockey_1920x1080_120fps_420_8bit_YUV.yuv,63,UVG,0.1,uniform,24.217891693115234,0.05803514067422126,0.05023038002201474,40
ReadySteadyGo_1920x1080_120fps_420_8bit_YUV.yuv,63,UVG,0.1,uniform,13.027006387710571,0.060053932321627784,0.09404424629855868,40
ShakeNDry_1920x1080_120fps_420_8bit_YUV.yuv,63,UVG,0.1,uniform,13.027006387710571,0.03934326429806082,0.034192496495357716,40
YachtRide_1920x1080_120fps_420_8bit_YUV.yuv,63,UVG,0.1,uniform,13.027006387710571,0.05469640549226717,0.0842489669296782,40
videoSRC01_1920x1080_30.yuv,63,MCL-JCV,0.1,uniform,39.12455439567566,0.048019157666552646,0.038557633246547596,40
videoSRC02_1920x1080_30.yuv,63,MCL-JCV,0.1,uniform,13.027006387710571,0.06171130075384439,0.06015403537384145,40
videoSRC03_1920x1080_30.yuv,63,MCL-JCV,0.1,uniform,13.027006387710571,0.06725920817816136,0.06569923926431187,40
videoSRC04_1920x1080_30.yuv,63,MCL-JCV,0.1,uniform,13.027006387710571,0.06353848765445627,0.0754225015530281,40
videoSRC05_1920x1080_25.yuv,63,MCL-JCV,0.1,uniform,24.217891693115234,0.0495023237474004,0.09097231865020206,40
videoSRC06_1920x1080_25.yuv,63,MCL-JCV,0.1,uniform,39.12455439567566,0.02600667613628087,0.04657304707420451,40
videoSRC07_1920x1080_25.yuv,63,MCL-JCV,0.1,uniform,24.217891693115234,0.0648836902841948,0.05278260632422871,40
videoSRC08_1920x1080_25.yuv,63,MCL-JCV,0.1,uniform,39.12455439567566,0.056620755820442695,0.06294778181375449,40
videoSRC09_1920x1080_25.yuv,63,MCL-JCV,0.1,uniform,24.217891693115234,0.07372517457062273,0.07630357111964514,40
videoSRC10_1920x1080_30.yuv,63,MCL-JCV,0.1,uniform,-0.9507179260253906,0.04739388775066925,0.055693971665824904,40
videoSRC11_1920x1080_30.yuv,63,MCL-JCV,0.1,uniform,24.217891693115234,0.06925205357216664,0.07060668727275043,40
videoSRC12_1920x1080_30.yuv,63,MCL-JCV,0.1,uniform,-0.9507179260253906,0.03955957535012282,0.037696183786088966,40
videoSRC13_1920x1080_30.yuv,63,MCL-JCV,0.1,uniform,13.027006387710571,0.0655115295949839,0.05609454940193359,40
videoSRC14_1920x1080_30.yuv,63,MCL-JCV,0.1,uniform,13.027006387710571,0.049299687821549754,0.048198436117054655,40
videoSRC15_1920x1080_30.yuv,63,MCL-JCV,0.1,uniform,24.217891693115234,0.08039228758157581,0.07755467941270666,40
videoSRC16_1920x1080_30.yuv,63,MCL-JCV,0.1,uniform,24.217891693115234,0.045943436188790744,0.04198415422305146,40
videoSRC17_1920x1080_24.yuv,63,MCL-JCV,0.1,uniform,13.027006387710571,0.06240406835273901,0.04593618097316465,40
videoSRC18_1920x1080_25.yuv,63,MCL-JCV,0.1,uniform,13.027006387710571,0.043213201022708835,0.12057367699142674,40
videoSRC19_1920x1080_30.yuv,63,MCL-JCV,0.1,uniform,13.027006387710571,0.06567728026719304,0.05924019856030327,40
videoSRC20_1920x1080_25.yuv,63,MCL-JCV,0.1,uniform,13.027006387710571,0.0721761529480011,0.11831010930695385,40
videoSRC21_1920x1080_24.yuv,63,MCL-JCV,0.1,uniform,24.217891693115234,0.042681222042149386,0.04375083909724253,40
videoSRC22_1920x1080_24.yuv,63,MCL-JCV,0.1,uniform,24.217891693115234,0.061743155572275915,0.06030877231857801,40
videoSRC23_1920x1080_24.yuv,63,MCL-JCV,0.1,uniform,24.217891693115234,0.07254212862216661,0.06813091981617703,40
videoSRC24_1920x1080_24.yuv,63,MCL-JCV,0.1,uniform,-0.9507179260253906,0.05932545520258219,0.05438823451916619,40
videoSRC25_1920x1080_24.yuv,63,MCL-JCV,0.1,uniform,-0.9507179260253906,0.032739892422218676,0.027050786012566164,40
videoSRC26_1920x1080_30.yuv,63,MCL-JCV,0.1,uniform,13.027006387710571,0.06542604601902687,0.08031769626894913,40
videoSRC27_1920x1080_30.yuv,63,MCL-JCV,0.1,uniform,24.217891693115234,0.05134390107995392,0.053577056587464256,40
videoSRC28_1920x1080_30.yuv,63,MCL-JCV,0.1,uniform,24.217891693115234,0.0824791784396371,0.06732462765689462,40
videoSRC29_1920x1080_24.yuv,63,MCL-JCV,0.1,uniform,39.12455439567566,0.08633133498300372,0.07821291375751116,40
videoSRC30_1920x1080_30.yuv,63,MCL-JCV,0.1,uniform,24.217891693115234,0.0766864354024059,0.06995951955448021,40
BQTerrace_1920x1080_60.yuv,63,HEVC_B,0.1,uniform,13.027006387710571,0.058137948568047715,0.08413906501836266,40
BasketballDrive_1920x1080_50.yuv,63,HEVC_B,0.1,uniform,24.217891693115234,0.0392738428660195,0.06796431022831939,40
Cactus_1920x1080_50.yuv,63,HEVC_B,0.1,uniform,24.217891693115234,0.0677403219319837,0.08367160124014816,40
Kimono1_1920x1080_24.yuv,63,HEVC_B,0.1,uniform,13.027006387710571,0.059877301392983195,0.04468415629778377,40
ParkScene_1920x1080_24.yuv,63,HEVC_B,0.1,uniform,-0.9507179260253906,0.025794141607956688,0.021163462327756122,40
FourPeople_1280x720_60.yuv,63,HEVC_E,0.1,uniform,-0.9507179260253906,0.03285163613253589,0.032511519805900946,15
Johnny_1280x720_60.yuv,63,HEVC_E,0.1,uniform,13.027006387710571,0.05513183892147926,0.06863511666875155,15
KristenAndSara_1280x720_60.yuv,63,HEVC_E,0.1,uniform,-0.9507179260253906,0.04030532545164011,0.03769964708646256,15
BQMall_832x480_60.yuv,63,HEVC_C,0.1,uniform,-0.9507179260253906,0.04259967524931575,0.03976382080715268,8
BasketballDrill_832x480_50.yuv,63,HEVC_C,0.1,uniform,13.027006387710571,0.009085524384030201,0.22274341072869674,8
RaceHorses_832x480_30.yuv,63,HEVC_C,0.1,uniform,-0.9507179260253906,0.03428609886548113,0.03319084383928583,8
BasketballPass_416x240_50.yuv,63,HEVC_D,0.1,uniform,24.217891693115234,0.05968454425276429,0.2914803947614928,2
BlowingBubbles_416x240_50.yuv,63,HEVC_D,0.1,uniform,13.027006387710571,0.06547583646770232,0.09844248764682106,2
RaceHorses_416x240_30.yuv,63,HEVC_D,0.1,uniform,-0.9507179260253906,0.024478144260047296,0.02222243456763806,2
Beauty_1920x1080_120fps_420_8bit_YUV.yuv,0,UVG,0.15,oracle,39.12455439567566,0.08091148795395814,0.08229179922256691,40
Bosphorus_1920x1080_120fps_420_8bit_YUV.yuv,0,UVG,0.15,oracle,39.12455439567566,0.109843875346532,0.12340274289241648,40
HoneyBee_1920x1080_120fps_420_8bit_YUV.yuv,0,UVG,0.15,oracle,29.62101250886917,0.13580489813354707,0.10579432349599927,40
Jockey_1920x1080_120fps_420_8bit_YUV.yuv,0,UVG,0.15,oracle,34.0930113196373,0.15156986362400623,0.12495638709552281,40
ReadySteadyGo_1920x1080_120fps_420_8bit_YUV.yuv,0,UVG,0.15,oracle,39.12455439567566,0.14633471004031023,0.15624953325017543,40
ShakeNDry_1920x1080_120fps_420_8bit_YUV.yuv,0,UVG,0.15,oracle,39.12455439567566,0.07391442561049448,0.08615749684847174,40
YachtRide_1920x1080_120fps_420_8bit_YUV.yuv,0,UVG,0.15,oracle,39.12455439567566,0.10892885197622486,0.1282077706456306,40
videoSRC01_1920x1080_30.yuv,0,MCL-JCV,0.15,oracle,39.12455439567566,0.11191786889207839,0.11281084095170257,40
videoSRC02_1920x1080_30.yuv,0,MCL-JCV,0.15,oracle,37.261221557855606,0.14955559885655828,0.15126610522181494,40
videoSRC03_1920x1080_30.yuv,0,MCL-JCV,0.15,oracle,39.12455439567566,0.14850820272262996,0.16724756669837149,40
videoSRC04_1920x1080_30.yuv,0,MCL-JCV,0.15,oracle,39.12455439567566,0.022088933433354694,0.04003983538861888,40
videoSRC05_1920x1080_25.yuv,0,MCL-JCV,0.15,oracle,35.39788872003555,0.14573007458902928,0.15218583851345358,40
videoSRC06_1920x1080_25.yuv,0,MCL-JCV,0.15,oracle,39.12455439567566,0.03224088419020011,0.024900584410012527,40
videoSRC07_1920x1080_25.yuv,0,MCL-JCV,0.15,oracle,39.12455439567566,0.11573114557075326,0.10866693196463473,40
videoSRC08_1920x1080_25.yuv,0,MCL-JCV,0.15,oracle,39.12455439567566,0.08800453043344487,0.08874859056497542,40
videoSRC09_1920x1080_25.yuv,0,MCL-JCV,0.15,oracle,39.12455439567566,0.10283143571382153,0.12001661422514331,40
videoSRC10_1920x1080_30.yuv,0,MCL-JCV,0.15,oracle,30.3420327603817,0.14784336373535586,0.1659766228088344,40
videoSRC11_1920x1080_30.yuv,0,MCL-JCV,0.15,oracle,39.12455439567566,0.08271465359720417,0.10288921740490053,40
videoSRC12_1920x1080_30.yuv,0,MCL-JCV,0.15,oracle,39.12455439567566,0.1037568024915999,0.11577506073790644,40
videoSRC13_1920x1080_30.yuv,0,MCL-JCV,0.15,oracle,39.12455439567566,0.055605978859048916,0.10980931904400393,40
videoSRC14_1920x1080_30.yuv,0,MCL-JCV,0.15,oracle,39.12455439567566,0.11677195797407153,0.11992287933583157,40
videoSRC15_1920x1080_30.yuv,0,MCL-JCV,0.15,oracle,39.12455439567566,0.08777389709425759,0.11144647263915886,40
videoSRC16_1920x1080_30.yuv,0,MCL-JCV,0.15,oracle,38.00655469298363,0.14687901202017353,0.12592358492476308,40
videoSRC17_1920x1080_24.yuv,0,MCL-JCV,0.15,oracle,39.12455439567566,0.06855976918494282,0.06612191226552255,40
videoSRC18_1920x1080_25.yuv,0,MCL-JCV,0.15,oracle,39.12455439567566,0.11724686045861205,0.12298658455799938,40
videoSRC19_1920x1080_30.yuv,0,MCL-JCV,0.15,oracle,39.12455439567566,0.0745683624426924,0.0746782533749979,40
videoSRC20_1920x1080_25.yuv,0,MCL-JCV,0.15,oracle,38.00655469298363,0.13395696661083528,0.12809136329999404,40
videoSRC21_1920x1080_24.yuv,0,MCL-JCV,0.15,oracle,39.12455439567566,0.02207029871673177,0.0585511196388282,40
videoSRC22_1920x1080_24.yuv,0,MCL-JCV,0.15,oracle,39.12455439567566,0.09952882662912543,0.10540536077579787,40
videoSRC23_1920x1080_24.yuv,0,MCL-JCV,0.15,oracle,39.12455439567566,0.0968228220381803,0.11403509249188204,40
videoSRC24_1920x1080_24.yuv,0,MCL-JCV,0.15,oracle,32.13569521903992,0.14750530014158644,0.13144628962745486,40
videoSRC25_1920x1080_24.yuv,0,MCL-JCV,0.15,oracle,38.37922126054764,0.13751358007712608,0.13306543146119765,40
videoSRC26_1920x1080_30.yuv,0,MCL-JCV,0.15,oracle,39.12455439567566,0.1311375174981168,0.13059835291463884,40
videoSRC27_1920x1080_30.yuv,0,MCL-JCV,0.15,oracle,39.12455439567566,0.12304989238188797,0.14466394978160935,40
videoSRC28_1920x1080_30.yuv,0,MCL-JCV,0.15,oracle,39.12455439567566,0.08446472309023867,0.12758942859357347,40
videoSRC29_1920x1080_24.yuv,0,MCL-JCV,0.15,oracle,39.12455439567566,0.026554528748609415,0.030472528798817677,40
videoSRC30_1920x1080_30.yuv,0,MCL-JCV,0.15,oracle,39.12455439567566,0.13188763853599522,0.11641022695994252,40
BQTerrace_1920x1080_60.yuv,0,HEVC_B,0.15,oracle,39.12455439567566,0.10258983867521763,0.11971255977277195,40
BasketballDrive_1920x1080_50.yuv,0,HEVC_B,0.15,oracle,36.143221855163574,0.14250445902305636,0.14678089515356163,40
Cactus_1920x1080_50.yuv,0,HEVC_B,0.15,oracle,39.12455439567566,0.1249748055096448,0.12955231067528672,40
Kimono1_1920x1080_24.yuv,0,HEVC_B,0.15,oracle,39.12455439567566,0.060235008562486994,0.05936236147662299,40
ParkScene_1920x1080_24.yuv,0,HEVC_B,0.15,oracle,39.12455439567566,0.045551741504323714,0.048133639677402584,40
FourPeople_1280x720_60.yuv,0,HEVC_E,0.15,oracle,39.12455439567566,0.12948886949966706,0.16060766120427772,15
Johnny_1280x720_60.yuv,0,HEVC_E,0.15,oracle,36.143221855163574,0.13912992165461607,0.16065669409759664,15
KristenAndSara_1280x720_60.yuv,0,HEVC_E,0.15,oracle,37.1369993686676,0.12759516677198598,0.15408976952220854,15
BQMall_832x480_60.yuv,0,HEVC_C,0.15,oracle,39.12455439567566,0.11356606947980527,0.14182263489756153,8
BasketballDrill_832x480_50.yuv,0,HEVC_C,0.15,oracle,32.13569521903992,0.1359383338215353,0.13540753285355933,8
PartyScene_832x480_50.yuv,0,HEVC_C,0.15,oracle,39.12455439567566,0.053026271524124965,0.06948338609807791,8
RaceHorses_832x480_30.yuv,0,HEVC_C,0.15,oracle,39.12455439567566,0.1446766982695335,0.16221749313272937,8
BasketballPass_416x240_50.yuv,0,HEVC_D,0.15,oracle,39.12455439567566,0.09266809287871032,0.09672854304720602,2
BlowingBubbles_416x240_50.yuv,0,HEVC_D,0.15,oracle,39.12455439567566,0.07805770360087562,0.08556953699413583,2
BQSquare_416x240_60.yuv,0,HEVC_D,0.15,oracle,39.12455439567566,0.08217431314399251,0.10199766528313603,2
RaceHorses_416x240_30.yuv,0,HEVC_D,0.15,oracle,31.671223044395447,0.11025664657251372,0.1101282724818553,2
Beauty_1920x1080_120fps_420_8bit_YUV.yuv,16,UVG,0.15,oracle,39.12455439567566,0.04401150336257254,0.04814296022141917,40
Bosphorus_1920x1080_120fps_420_8bit_YUV.yuv,16,UVG,0.15,oracle,39.12455439567566,0.12934723913555551,0.14363374414060814,40
HoneyBee_1920x1080_120fps_420_8bit_YUV.yuv,16,UVG,0.15,oracle,27.94455736875534,0.1389516809453762,0.09665898353090085,40
Jockey_1920x1080_120fps_420_8bit_YUV.yuv,16,UVG,0.15,oracle,35.77055528759956,0.13521684353375313,0.11281184416485246,40
ReadySteadyGo_1920x1080_120fps_420_8bit_YUV.yuv,16,UVG,0.15,oracle,33.81323918700219,0.1380363605971148,0.14410503714643852,40
ShakeNDry_1920x1080_120fps_420_8bit_YUV.yuv,16,UVG,0.15,oracle,39.12455439567566,0.05927740339012894,0.06188958735465633,40
YachtRide_1920x1080_120fps_420_8bit_YUV.yuv,16,UVG,0.15,oracle,36.515888422727585,0.13103283204180322,0.15288012467736678,40
videoSRC01_1920x1080_30.yuv,16,MCL-JCV,0.15,oracle,39.12455439567566,0.0955428316105992,0.0967970859865801,40
videoSRC02_1920x1080_30.yuv,16,MCL-JCV,0.15,oracle,34.0930113196373,0.15123148151130533,0.14887687751735257,40
videoSRC03_1920x1080_30.yuv,16,MCL-JCV,0.15,oracle,37.819676995277405,0.14383711121872048,0.15056224072461077,40
videoSRC04_1920x1080_30.yuv,16,MCL-JCV,0.15,oracle,39.12455439567566,0.05703442659334555,0.07394946548483006,40
videoSRC05_1920x1080_25.yuv,16,MCL-JCV,0.15,oracle,35.02522215247155,0.14166468876351648,0.15813937615382656,40
videoSRC06_1920x1080_25.yuv,16,MCL-JCV,0.15,oracle,39.12455439567566,0.04308834139587414,0.033973665926467334,40
videoSRC07_1920x1080_25.yuv,16,MCL-JCV,0.15,oracle,39.12455439567566,0.1408576793643172,0.11538346439240144,40
videoSRC08_1920x1080_25.yuv,16,MCL-JCV,0.15,oracle,39.12455439567566,0.07643486500737173,0.08059076617725935,40
videoSRC09_1920x1080_25.yuv,16,MCL-JCV,0.15,oracle,37.261221557855606,0.12628618502519814,0.13689402082085422,40
videoSRC10_1920x1080_30.yuv,16,MCL-JCV,0.15,oracle,26.63641288876534,0.14096180516282505,0.1572653247614042,40
videoSRC11_1920x1080_30.yuv,16,MCL-JCV,0.15,oracle,39.12455439567566,0.10199983339759855,0.13507317275183794,40
videoSRC12_1920x1080_30.yuv,16,MCL-JCV,0.15,oracle,39.12455439567566,0.1280185153159816,0.15380380110630654,40
videoSRC13_1920x1080_30.yuv,16,MCL-JCV,0.15,oracle,39.12455439567566,0.1270353262993276,0.25137172464157587,40
videoSRC14_1920x1080_30.yuv,16,MCL-JCV,0.15,oracle,37.3541159927845,0.13847776372830886,0.13721581865858923,40
videoSRC15_1920x1080_30.yuv,16,MCL-JCV,0.15,oracle,39.12455439567566,0.1051254640862436,0.1286184642185475,40
videoSRC16_1920x1080_30.yuv,16,MCL-JCV,0.15,oracle,39.12455439567566,0.1259793504189927,0.11515760408676101,40
videoSRC17_1920x1080_24.yuv,16,MCL-JCV,0.15,oracle,39.12455439567566,0.08941793980308829,0.08155845898273384,40
videoSRC18_1920x1080_25.yuv,16,MCL-JCV,0.15,oracle,39.12455439567566,0.12902197126214227,0.1443929384378535,40
videoSRC19_1920x1080_30.yuv,16,MCL-JCV,0.15,oracle,39.12455439567566,0.11513920041085185,0.1342407240236696,40
videoSRC20_1920x1080_25.yuv,16,MCL-JCV,0.15,oracle,37.3541159927845,0.1235964809009546,0.11929338751212981,40
videoSRC21_1920x1080_24.yuv,16,MCL-JCV,0.15,oracle,39.12455439567566,0.07775652486078233,0.08881954437627826,40
videoSRC22_1920x1080_24.yuv,16,MCL-JCV,0.15,oracle,39.12455439567566,0.12836554675007456,0.12868551140512352,40
videoSRC23_1920x1080_24.yuv,16,MCL-JCV,0.15,oracle,39.12455439567566,0.11460867223512847,0.1390036036728972,40
videoSRC24_1920x1080_24.yuv,16,MCL-JCV,0.15,oracle,31.949906349182132,0.14488943210964653,0.12891661475564575,40
videoSRC25_1920x1080_24.yuv,16,MCL-JCV,0.15,oracle,35.118116587400436,0.14028348496936957,0.13445501500277146,40
videoSRC26_1920x1080_30.yuv,16,MCL-JCV,0.15,oracle,35.49078315496445,0.14606591050369452,0.14356794823783758,40
videoSRC27_1920x1080_30.yuv,16,MCL-JCV,0.15,oracle,39.12455439567566,0.09217700764258546,0.11184854147147405,40
videoSRC28_1920x1080_30.yuv,16,MCL-JCV,0.15,oracle,39.12455439567566,0.08676719373508426,0.1161054615494308,40
videoSRC29_1920x1080_24.yuv,16,MCL-JCV,0.15,oracle,39.12455439567566,0.09076679545469563,0.09173275445789386,40
videoSRC30_1920x1080_30.yuv,16,MCL-JCV,0.15,oracle,39.12455439567566,0.12022135442972011,0.10071298419266839,40
BQTerrace_1920x1080_60.yuv,16,HEVC_B,0.15,oracle,35.02522215247155,0.134459273627949,0.16312330649924434,40
BasketballDrive_1920x1080_50.yuv,16,HEVC_B,0.15,oracle,36.143221855163574,0.14123051353915445,0.15063094737936922,40
Cactus_1920x1080_50.yuv,16,HEVC_B,0.15,oracle,38.37922126054764,0.14133230105103176,0.1431966608413049,40
Kimono1_1920x1080_24.yuv,16,HEVC_B,0.15,oracle,39.12455439567566,0.08508390971480453,0.07747948910005675,40
ParkScene_1920x1080_24.yuv,16,HEVC_B,0.15,oracle,39.12455439567566,0.06295734489718163,0.06563188507305995,40
FourPeople_1280x720_60.yuv,16,HEVC_E,0.15,oracle,36.143221855163574,0.14060190588570465,0.1632275477734808,15
Johnny_1280x720_60.yuv,16,HEVC_E,0.15,oracle,34.40338532129924,0.14069409697275356,0.1682324474168695,15
KristenAndSara_1280x720_60.yuv,16,HEVC_E,0.15,oracle,33.471537033716835,0.13684845413796565,0.15470597988565515,15
BQMall_832x480_60.yuv,16,HEVC_C,0.15,oracle,37.261221557855606,0.1339791935445211,0.15920926580590233,8
BasketballDrill_832x480_50.yuv,16,HEVC_C,0.15,oracle,26.545696705579758,0.1253076545356261,0.15187412211655982,8
PartyScene_832x480_50.yuv,16,HEVC_C,0.15,oracle,39.12455439567566,0.124002394997502,0.14716509889356644,8
RaceHorses_832x480_30.yuv,16,HEVC_C,0.15,oracle,37.261221557855606,0.1187137213321989,0.13927552678680755,8
BasketballPass_416x240_50.yuv,16,HEVC_D,0.15,oracle,24.217891693115234,0.09049302590016864,0.09821154142103694,2
BlowingBubbles_416x240_50.yuv,16,HEVC_D,0.15,oracle,31.671223044395447,0.08875099125770539,0.09651003979622175,2
BQSquare_416x240_60.yuv,16,HEVC_D,0.15,oracle,24.217891693115234,0.10071575675020399,0.11083816912648103,2
RaceHorses_416x240_30.yuv,16,HEVC_D,0.15,oracle,31.671223044395447,0.11778322770050584,0.12552041116783386,2
Beauty_1920x1080_120fps_420_8bit_YUV.yuv,32,UVG,0.15,oracle,39.12455439567566,0.0400058145020213,0.04200414018367127,40
Bosphorus_1920x1080_120fps_420_8bit_YUV.yuv,32,UVG,0.15,oracle,38.751887828111656,0.1293979908279474,0.13681903824407016,40
HoneyBee_1920x1080_120fps_420_8bit_YUV.yuv,32,UVG,0.15,oracle,27.105240970849987,0.13578720733965874,0.09056055940901331,40
Jockey_1920x1080_120fps_420_8bit_YUV.yuv,32,UVG,0.15,oracle,37.63388812541961,0.13793345009724783,0.11137019569191153,40
ReadySteadyGo_1920x1080_120fps_420_8bit_YUV.yuv,32,UVG,0.15,oracle,29.43304598331451,0.13540293316167276,0.13630091399381428,40
ShakeNDry_1920x1080_120fps_420_8bit_YUV.yuv,32,UVG,0.15,oracle,39.12455439567566,0.08612350455037125,0.07759334076061464,40
YachtRide_1920x1080_120fps_420_8bit_YUV.yuv,32,UVG,0.15,oracle,31.018784344196316,0.13405571689840823,0.14510165897477378,40
videoSRC01_1920x1080_30.yuv,32,MCL-JCV,0.15,oracle,39.12455439567566,0.08936327909913269,0.08545393647829513,40
videoSRC02_1920x1080_30.yuv,32,MCL-JCV,0.15,oracle,32.414378523826606,0.1449418192770467,0.1339267907977657,40
videoSRC03_1920x1080_30.yuv,32,MCL-JCV,0.15,oracle,35.67657202482224,0.14158761671022577,0.1513151684747811,40
videoSRC04_1920x1080_30.yuv,32,MCL-JCV,0.15,oracle,39.12455439567566,0.10308853791622864,0.13002850258173737,40
videoSRC05_1920x1080_25.yuv,32,MCL-JCV,0.15,oracle,35.02522215247155,0.13797398926468066,0.16413017671195718,40
videoSRC06_1920x1080_25.yuv,32,MCL-JCV,0.15,oracle,39.12455439567566,0.016515877994750083,0.012836248730160094,40
videoSRC07_1920x1080_25.yuv,32,MCL-JCV,0.15,oracle,38.37922126054764,0.12829482899020622,0.09733170532059177,40
videoSRC08_1920x1080_25.yuv,32,MCL-JCV,0.15,oracle,39.12455439567566,0.0765152557384441,0.07637612332327848,40
videoSRC09_1920x1080_25.yuv,32,MCL-JCV,0.15,oracle,32.04388961195945,0.1292495166078303,0.1294538829011529,40
videoSRC10_1920x1080_30.yuv,32,MCL-JCV,0.15,oracle,23.420666307210926,0.12832018692410818,0.1457049614628545,40
videoSRC11_1920x1080_30.yuv,32,MCL-JCV,0.15,oracle,39.12455439567566,0.10686073833733585,0.14732839726728741,40
videoSRC12_1920x1080_30.yuv,32,MCL-JCV,0.15,oracle,36.70167729258538,0.13749832919294774,0.1673004160674907,40
videoSRC13_1920x1080_30.yuv,32,MCL-JCV,0.15,oracle,33.9072224497795,0.12141619714517146,0.18534160961235813,40
videoSRC14_1920x1080_30.yuv,32,MCL-JCV,0.15,oracle,34.74436119198799,0.1396245021872014,0.12990179001530322,40
videoSRC15_1920x1080_30.yuv,32,MCL-JCV,0.15,oracle,39.12455439567566,0.1330629459432975,0.14848467887613026,40
videoSRC16_1920x1080_30.yuv,32,MCL-JCV,0.15,oracle,39.12455439567566,0.1070870906070711,0.09854007646901408,40
videoSRC17_1920x1080_24.yuv,32,MCL-JCV,0.15,oracle,37.72678256034852,0.13084242821365968,0.09902643039769998,40
videoSRC18_1920x1080_25.yuv,32,MCL-JCV,0.15,oracle,34.76867347955703,0.1257892796657212,0.13973729820956038,40
videoSRC19_1920x1080_30.yuv,32,MCL-JCV,0.15,oracle,37.72678256034852,0.13877386178668205,0.15206717592773344,40
videoSRC20_1920x1080_25.yuv,32,MCL-JCV,0.15,oracle,35.21101102232933,0.1278949814744508,0.12385392247428229,40
videoSRC21_1920x1080_24.yuv,32,MCL-JCV,0.15,oracle,31.01769551634789,0.14675176437767473,0.12129591486220903,40
videoSRC22_1920x1080_24.yuv,32,MCL-JCV,0.15,oracle,38.37922126054764,0.13002049546762404,0.14215426523823282,40
videoSRC23_1920x1080_24.yuv,32,MCL-JCV,0.15,oracle,37.63388812541961,0.11471548587664018,0.1326792586080927,40
videoSRC24_1920x1080_24.yuv,32,MCL-JCV,0.15,oracle,29.31692749261856,0.133666730874492,0.12887082538131978,40
videoSRC25_1920x1080_24.yuv,32,MCL-JCV,0.15,oracle,31.671223044395447,0.1396405577585522,0.14016203594839283,40
videoSRC26_1920x1080_30.yuv,32,MCL-JCV,0.15,oracle,31.483256518840786,0.13954847476820387,0.13327693637084082,40
videoSRC27_1920x1080_30.yuv,32,MCL-JCV,0.15,oracle,39.12455439567566,0.08186335384563105,0.10171609181512764,40
videoSRC28_1920x1080_30.yuv,32,MCL-JCV,0.15,oracle,39.12455439567566,0.09638940909628782,0.1128571306424675,40
videoSRC29_1920x1080_24.yuv,32,MCL-JCV,0.15,oracle,32.50836178660392,0.14946316734454554,0.13539041544429153,40
videoSRC30_1920x1080_30.yuv,32,MCL-JCV,0.15,oracle,39.12455439567566,0.12211880840911424,0.10125783354210682,40
BQTerrace_1920x1080_60.yuv,32,HEVC_B,0.15,oracle,32.13678404688836,0.12702361136640603,0.15330934657118434,40
BasketballDrive_1920x1080_50.yuv,32,HEVC_B,0.15,oracle,36.143221855163574,0.13720455159424583,0.15060003283780787,40
Cactus_1920x1080_50.yuv,32,HEVC_B,0.15,oracle,37.261221557855606,0.13637985443029138,0.13450369567333098,40
Kimono1_1920x1080_24.yuv,32,HEVC_B,0.15,oracle,37.819676995277405,0.12398245536863688,0.0965827976688658,40
ParkScene_1920x1080_24.yuv,32,HEVC_B,0.15,oracle,38.751887828111656,0.12907701383897424,0.11934790607321588,40
FourPeople_1280x720_60.yuv,32,HEVC_E,0.15,oracle,29.68221624692281,0.13441333998243155,0.140467564417861,15
Johnny_1280x720_60.yuv,32,HEVC_E,0.15,oracle,29.929934740066532,0.1366524587407081,0.1462065511421713,15
KristenAndSara_1280x720_60.yuv,32,HEVC_E,0.15,oracle,31.7317004998525,0.1270266657093378,0.13545606526423626,15
BQMall_832x480_60.yuv,32,HEVC_C,0.15,oracle,31.671223044395447,0.12466826186140574,0.1432533779812175,8
BasketballDrill_832x480_50.yuv,32,HEVC_C,0.15,oracle,26.545696705579758,0.13661911331461457,0.19568570639661687,8
PartyScene_832x480_50.yuv,32,HEVC_C,0.15,oracle,26.081224530935287,0.1139231716850512,0.13786475537085252,8
RaceHorses_832x480_30.yuv,32,HEVC_C,0.15,oracle,31.671223044395447,0.12262538326615098,0.13135383385986898,8
BasketballPass_416x240_50.yuv,32,HEVC_D,0.15,oracle,24.217891693115234,0.06475067665285648,0.1295813668072796,2
BlowingBubbles_416x240_50.yuv,32,HEVC_D,0.15,oracle,24.217891693115234,0.0792818880260383,0.08718929110337825,2
BQSquare_416x240_60.yuv,32,HEVC_D,0.15,oracle,18.622449040412903,0.12285151521609938,0.12421299655736817,2
RaceHorses_416x240_30.yuv,32,HEVC_D,0.15,oracle,24.217891693115234,0.08997605340820897,0.11762004597301257,2
Beauty_1920x1080_120fps_420_8bit_YUV.yuv,48,UVG,0.15,oracle,39.12455439567566,0.03478144700684083,0.02987801027607162,40
Bosphorus_1920x1080_120fps_420_8bit_YUV.yuv,48,UVG,0.15,oracle,36.515888422727585,0.13535254220169837,0.13086771231544958,40
HoneyBee_1920x1080_120fps_420_8bit_YUV.yuv,48,UVG,0.15,oracle,26.918363273143765,0.12694729312113956,0.08561979500224481,40
Jockey_1920x1080_120fps_420_8bit_YUV.yuv,48,UVG,0.15,oracle,37.63388812541961,0.13225398733153929,0.10559460593820091,40
ReadySteadyGo_1920x1080_120fps_420_8bit_YUV.yuv,48,UVG,0.15,oracle,24.70340967178345,0.12283217287492988,0.12265333961168068,40
ShakeNDry_1920x1080_120fps_420_8bit_YUV.yuv,48,UVG,0.15,oracle,38.37922126054764,0.11649341852829875,0.09416208658686998,40
YachtRide_1920x1080_120fps_420_8bit_YUV.yuv,48,UVG,0.15,oracle,26.451713442802426,0.12395099374077193,0.13358212947620274,40
videoSRC01_1920x1080_30.yuv,48,MCL-JCV,0.15,oracle,39.12455439567566,0.06494298778826539,0.05510294382702341,40
videoSRC02_1920x1080_30.yuv,48,MCL-JCV,0.15,oracle,29.66528177261353,0.13551365772473817,0.11981808557192153,40
videoSRC03_1920x1080_30.yuv,48,MCL-JCV,0.15,oracle,34.3020236492157,0.12754180831972323,0.12644035595091907,40
videoSRC04_1920x1080_30.yuv,48,MCL-JCV,0.15,oracle,37.261221557855606,0.13114449644726844,0.15765851529140207,40
videoSRC05_1920x1080_25.yuv,48,MCL-JCV,0.15,oracle,35.49078315496445,0.1264517050625577,0.16418968020921199,40
videoSRC06_1920x1080_25.yuv,48,MCL-JCV,0.15,oracle,39.12455439567566,0.008601664437650479,0.00688037243234163,40
videoSRC07_1920x1080_25.yuv,48,MCL-JCV,0.15,oracle,38.472115695476525,0.1348186298404274,0.09858700159742284,40
videoSRC08_1920x1080_25.yuv,48,MCL-JCV,0.15,oracle,39.12455439567566,0.06442195265288003,0.06767704727700163,40
videoSRC09_1920x1080_25.yuv,48,MCL-JCV,0.15,oracle,31.29855647683144,0.12731264029965914,0.12836384724268157,40
videoSRC10_1920x1080_30.yuv,48,MCL-JCV,0.15,oracle,24.049881547689434,0.11958880192308505,0.1336706108872363,40
videoSRC11_1920x1080_30.yuv,48,MCL-JCV,0.15,oracle,39.12455439567566,0.11561663190527952,0.14508602443160612,40
videoSRC12_1920x1080_30.yuv,48,MCL-JCV,0.15,oracle,31.506479978561398,0.1276672327118217,0.13391790002096116,40
videoSRC13_1920x1080_30.yuv,48,MCL-JCV,0.15,oracle,32.229678481817245,0.12111226278948013,0.14061786988721536,40
videoSRC14_1920x1080_30.yuv,48,MCL-JCV,0.15,oracle,33.906133621931076,0.13328471884297002,0.11962856940741773,40
videoSRC15_1920x1080_30.yuv,48,MCL-JCV,0.15,oracle,38.751887828111656,0.13643932909536155,0.13727555720115703,40
videoSRC16_1920x1080_30.yuv,48,MCL-JCV,0.15,oracle,39.12455439567566,0.1099939631085734,0.09498978551739157,40
videoSRC17_1920x1080_24.yuv,48,MCL-JCV,0.15,oracle,34.48781251907349,0.12855892145893846,0.08908171011585608,40
videoSRC18_1920x1080_25.yuv,48,MCL-JCV,0.15,oracle,30.552134513854977,0.11747310169373192,0.1563283994556599,40
videoSRC19_1920x1080_30.yuv,48,MCL-JCV,0.15,oracle,33.25369492173195,0.12943865401060908,0.12366871806966628,40
videoSRC20_1920x1080_25.yuv,48,MCL-JCV,0.15,oracle,31.087365895509723,0.11331100608242177,0.11330724853194596,40
videoSRC21_1920x1080_24.yuv,48,MCL-JCV,0.15,oracle,36.8885549902916,0.1398023438117969,0.10239146583278114,40
videoSRC22_1920x1080_24.yuv,48,MCL-JCV,0.15,oracle,38.00655469298363,0.1265279027890281,0.13398984106891731,40
videoSRC23_1920x1080_24.yuv,48,MCL-JCV,0.15,oracle,36.515888422727585,0.11886113726221031,0.12219286888536374,40
videoSRC24_1920x1080_24.yuv,48,MCL-JCV,0.15,oracle,28.08172106742859,0.12286036050049526,0.14884350990145379,40
videoSRC25_1920x1080_24.yuv,48,MCL-JCV,0.15,oracle,27.0809280872345,0.1305730925910175,0.13719549697857047,40
videoSRC26_1920x1080_30.yuv,48,MCL-JCV,0.15,oracle,28.33826974034309,0.13183828926920213,0.12535927739509134,40
videoSRC27_1920x1080_30.yuv,48,MCL-JCV,0.15,oracle,39.12455439567566,0.09148112216841649,0.10653263897238219,40
videoSRC28_1920x1080_30.yuv,48,MCL-JCV,0.15,oracle,39.12455439567566,0.12335416329637994,0.12060253671484844,40
videoSRC29_1920x1080_24.yuv,48,MCL-JCV,0.15,oracle,39.12455439567566,0.1290049002369896,0.11841690896419266,40
videoSRC30_1920x1080_30.yuv,48,MCL-JCV,0.15,oracle,38.751887828111656,0.12732506369893945,0.10741212532960986,40
BQTerrace_1920x1080_60.yuv,48,HEVC_B,0.15,oracle,30.272362381219864,0.12081084345348805,0.14903438651030854,40
BasketballDrive_1920x1080_50.yuv,48,HEVC_B,0.15,oracle,36.8885549902916,0.12330667328029733,0.14697662212069673,40
Cactus_1920x1080_50.yuv,48,HEVC_B,0.15,oracle,36.60878285765647,0.13076979441758593,0.13507843736320524,40
Kimono1_1920x1080_24.yuv,48,HEVC_B,0.15,oracle,34.48781251907349,0.1252323848430981,0.08683682277115423,40
ParkScene_1920x1080_24.yuv,48,HEVC_B,0.15,oracle,30.037948340177532,0.11843961800297216,0.10003809895351878,40
FourPeople_1280x720_60.yuv,48,HEVC_E,0.15,oracle,27.0724606513977,0.12575376447680214,0.1241542453046307,15
Johnny_1280x720_60.yuv,48,HEVC_E,0.15,oracle,30.923712253570557,0.13447533658422886,0.1436822378829561,15
KristenAndSara_1280x720_60.yuv,48,HEVC_E,0.15,oracle,31.7317004998525,0.11488476814502628,0.11484792730410476,15
BQMall_832x480_60.yuv,48,HEVC_C,0.15,oracle,26.081224530935287,0.12088842834300512,0.1487277404606786,8
BasketballDrill_832x480_50.yuv,48,HEVC_C,0.15,oracle,27.010168880224228,0.11589240082325715,0.24017388410186413,8
PartyScene_832x480_50.yuv,48,HEVC_C,0.15,oracle,22.34911471605301,0.11740274027402255,0.1637069333935699,8
RaceHorses_832x480_30.yuv,48,HEVC_C,0.15,oracle,26.545696705579758,0.11911551496348162,0.13452498761858322,8
BasketballPass_416x240_50.yuv,48,HEVC_D,0.15,oracle,24.217891693115234,0.0750732463167401,0.19217282224030896,2
BlowingBubbles_416x240_50.yuv,48,HEVC_D,0.15,oracle,24.217891693115234,0.1246782389139171,0.14235163105384885,2
BQSquare_416x240_60.yuv,48,HEVC_D,0.15,oracle,6.03814423084259,0.06261049535641053,0.06397697237848377,2
RaceHorses_416x240_30.yuv,48,HEVC_D,0.15,oracle,24.217891693115234,0.11524988619254543,0.16660542740594053,2
Beauty_1920x1080_120fps_420_8bit_YUV.yuv,63,UVG,0.15,oracle,39.12455439567566,0.04971021864438808,0.034904276989891514,40
Bosphorus_1920x1080_120fps_420_8bit_YUV.yuv,63,UVG,0.15,oracle,35.02522215247155,0.13152636375945145,0.12016606491771853,40
HoneyBee_1920x1080_120fps_420_8bit_YUV.yuv,63,UVG,0.15,oracle,27.942379713058475,0.1208465515798545,0.08905126588268786,40
Jockey_1920x1080_120fps_420_8bit_YUV.yuv,63,UVG,0.15,oracle,39.12455439567566,0.12844800193775738,0.10434662094489511,40
ReadySteadyGo_1920x1080_120fps_420_8bit_YUV.yuv,63,UVG,0.15,oracle,24.1206419467926,0.10870508318140804,0.13720984639895306,40
ShakeNDry_1920x1080_120fps_420_8bit_YUV.yuv,63,UVG,0.15,oracle,33.81323918700219,0.11720341055663226,0.08471677286736679,40
YachtRide_1920x1080_120fps_420_8bit_YUV.yuv,63,UVG,0.15,oracle,27.663696408271786,0.12026192283563643,0.1382185120211048,40
videoSRC01_1920x1080_30.yuv,63,MCL-JCV,0.15,oracle,39.12455439567566,0.048019157666552646,0.038557633246547596,40
videoSRC02_1920x1080_30.yuv,63,MCL-JCV,0.15,oracle,32.34470754861831,0.12818225435840092,0.11451485198986688,40
videoSRC03_1920x1080_30.yuv,63,MCL-JCV,0.15,oracle,33.04359316825867,0.11930578222312954,0.11038579094014977,40
videoSRC04_1920x1080_30.yuv,63,MCL-JCV,0.15,oracle,30.737923383712772,0.12242070894028066,0.14620764508206463,40
videoSRC05_1920x1080_25.yuv,63,MCL-JCV,0.15,oracle,37.63388812541961,0.11422472240296506,0.17248530187930555,40
videoSRC06_1920x1080_25.yuv,63,MCL-JCV,0.15,oracle,39.12455439567566,0.02600667613628087,0.04657304707420451,40
videoSRC07_1920x1080_25.yuv,63,MCL-JCV,0.15,oracle,38.00655469298363,0.13167735493136198,0.09843894278446896,40
videoSRC08_1920x1080_25.yuv,63,MCL-JCV,0.15,oracle,39.12455439567566,0.056620755820442695,0.06294778181375449,40
videoSRC09_1920x1080_25.yuv,63,MCL-JCV,0.15,oracle,35.02522215247155,0.12607858763279922,0.12629163480409034,40
videoSRC10_1920x1080_30.yuv,63,MCL-JCV,0.15,oracle,22.86221027374268,0.10562399595374294,0.11458696011128922,40
videoSRC11_1920x1080_30.yuv,63,MCL-JCV,0.15,oracle,36.23611629009247,0.11497244215297518,0.11996728337273765,40
videoSRC12_1920x1080_30.yuv,63,MCL-JCV,0.15,oracle,24.306430220603946,0.11102401967239964,0.10629677849919972,40
videoSRC13_1920x1080_30.yuv,63,MCL-JCV,0.15,oracle,30.295585840940475,0.11759099905407344,0.11959894362515655,40
videoSRC14_1920x1080_30.yuv,63,MCL-JCV,0.15,oracle,33.44057261943817,0.12595774501051263,0.11079685132754236,40
videoSRC15_1920x1080_30.yuv,63,MCL-JCV,0.15,oracle,35.77055528759956,0.12689590472161213,0.11807640881538362,40
videoSRC16_1920x1080_30.yuv,63,MCL-JCV,0.15,oracle,39.12455439567566,0.09882546158323849,0.08549105025943504,40
videoSRC17_1920x1080_24.yuv,63,MCL-JCV,0.15,oracle,31.808386743068695,0.12306945217536605,0.0843277585450366,40
videoSRC18_1920x1080_25.yuv,63,MCL-JCV,0.15,oracle,28.87459054589272,0.1067649644133406,0.1876873797655989,40
videoSRC19_1920x1080_30.yuv,63,MCL-JCV,0.15,oracle,27.777636647224423,0.11658785640894702,0.10229528695745671,40
videoSRC20_1920x1080_25.yuv,63,MCL-JCV,0.15,oracle,27.9888266324997,0.11431574046410883,0.15087986806896225,40
videoSRC21_1920x1080_24.yuv,63,MCL-JCV,0.15,oracle,39.12455439567566,0.0874845960927644,0.0774756780036796,40
videoSRC22_1920x1080_24.yuv,63,MCL-JCV,0.15,oracle,38.37922126054764,0.1174124107478914,0.11925371198205426,40
videoSRC23_1920x1080_24.yuv,63,MCL-JCV,0.15,oracle,36.143221855163574,0.11262527080500018,0.10587060870204823,40
videoSRC24_1920x1080_24.yuv,63,MCL-JCV,0.15,oracle,28.64017650485039,0.11090240889143016,0.1926054617787898,40
videoSRC25_1920x1080_24.yuv,63,MCL-JCV,0.15,oracle,25.58917239308357,0.1205079979241915,0.1678636259958992,40
videoSRC26_1920x1080_30.yuv,63,MCL-JCV,0.15,oracle,28.454387634992596,0.12358469788114088,0.1249049217035747,40
videoSRC27_1920x1080_30.yuv,63,MCL-JCV,0.15,oracle,39.12455439567566,0.1062786986069008,0.1142023593718875,40
videoSRC28_1920x1080_30.yuv,63,MCL-JCV,0.15,oracle,38.37922126054764,0.13182927377142553,0.1128110601916319,40
videoSRC29_1920x1080_24.yuv,63,MCL-JCV,0.15,oracle,39.12455439567566,0.08633133498300372,0.07821291375751116,40
videoSRC30_1920x1080_30.yuv,63,MCL-JCV,0.15,oracle,37.72678256034852,0.1217799160352296,0.10495429925079947,40
BQTerrace_1920x1080_60.yuv,63,HEVC_B,0.15,oracle,27.66260758042336,0.11408721802467434,0.14261582902764758,40
BasketballDrive_1920x1080_50.yuv,63,HEVC_B,0.15,oracle,38.37922126054764,0.11255248547051754,0.15487880094350714,40
Cactus_1920x1080_50.yuv,63,HEVC_B,0.15,oracle,36.60878285765647,0.12645244613404555,0.13486631886820533,40
Kimono1_1920x1080_24.yuv,63,HEVC_B,0.15,oracle,31.528614610433582,0.11521905973182643,0.07925838986057698,40
ParkScene_1920x1080_24.yuv,63,HEVC_B,0.15,oracle,24.399324059486393,0.1056933640089369,0.08604513138593717,40
FourPeople_1280x720_60.yuv,63,HEVC_E,0.15,oracle,27.81851967175801,0.12153489556339596,0.12059818711405512,15
Johnny_1280x720_60.yuv,63,HEVC_E,0.15,oracle,34.15566682815552,0.12518949303725438,0.1425498353340373,15
KristenAndSara_1280x720_60.yuv,63,HEVC_E,0.15,oracle,32.477759520212814,0.10882286171301618,0.11028577933341666,15
BQMall_832x480_60.yuv,63,HEVC_C,0.15,oracle,21.88464254140854,0.11077926973873795,0.15224654450462793,8
BasketballDrill_832x480_50.yuv,63,HEVC_C,0.15,oracle,28.40902954339981,0.10036261654465645,0.3138070061331675,8
PartyScene_832x480_50.yuv,63,HEVC_C,0.15,oracle,17.804177850484848,0.10568740902162908,0.18259744412005574,8
RaceHorses_832x480_30.yuv,63,HEVC_C,0.15,oracle,18.73856633901596,0.09600436907816104,0.12299775558054193,8
BasketballPass_416x240_50.yuv,63,HEVC_D,0.15,oracle,24.217891693115234,0.05968454425276429,0.2914803947614928,2
BlowingBubbles_416x240_50.yuv,63,HEVC_D,0.15,oracle,18.622449040412903,0.11685148371743176,0.14822261148793103,2
BQSquare_416x240_60.yuv,63,HEVC_D,0.15,oracle,-0.9507179260253906,0.027781405176250804,0.025091122569989466,2
RaceHorses_416x240_30.yuv,63,HEVC_D,0.15,oracle,13.027006387710571,0.06745289937434427,0.1341285845092699,2
Beauty_1920x1080_120fps_420_8bit_YUV.yuv,0,UVG,0.15,router,39.12455439567566,0.08091148795395814,0.08229179922256691,40
Bosphorus_1920x1080_120fps_420_8bit_YUV.yuv,0,UVG,0.15,router,39.12455439567566,0.109843875346532,0.12340274289241648,40
HoneyBee_1920x1080_120fps_420_8bit_YUV.yuv,0,UVG,0.15,router,29.06255707144737,0.13025945538472672,0.09748958402595065,40
Jockey_1920x1080_120fps_420_8bit_YUV.yuv,0,UVG,0.15,router,33.627450317144394,0.15281250858861273,0.12416541814703663,40
ReadySteadyGo_1920x1080_120fps_420_8bit_YUV.yuv,0,UVG,0.15,router,39.12455439567566,0.14633471004031023,0.15624953325017543,40
ShakeNDry_1920x1080_120fps_420_8bit_YUV.yuv,0,UVG,0.15,router,39.12455439567566,0.07391442561049448,0.08615749684847174,40
YachtRide_1920x1080_120fps_420_8bit_YUV.yuv,0,UVG,0.15,router,39.12455439567566,0.10892885197622486,0.1282077706456306,40
videoSRC01_1920x1080_30.yuv,0,MCL-JCV,0.15,router,39.12455439567566,0.11191786889207839,0.11281084095170257,40
videoSRC02_1920x1080_30.yuv,0,MCL-JCV,0.15,router,36.515888422727585,0.14795089607342804,0.14996729971515776,40
videoSRC03_1920x1080_30.yuv,0,MCL-JCV,0.15,router,39.12455439567566,0.14850820272262996,0.16724756669837149,40
videoSRC04_1920x1080_30.yuv,0,MCL-JCV,0.15,router,39.12455439567566,0.022088933433354694,0.04003983538861888,40
videoSRC05_1920x1080_25.yuv,0,MCL-JCV,0.15,router,35.39788872003555,0.14627897714351243,0.15252791386635778,40
videoSRC06_1920x1080_25.yuv,0,MCL-JCV,0.15,router,39.12455439567566,0.03224088419020011,0.024900584410012527,40
videoSRC07_1920x1080_25.yuv,0,MCL-JCV,0.15,router,39.12455439567566,0.11573114557075326,0.10866693196463473,40
videoSRC08_1920x1080_25.yuv,0,MCL-JCV,0.15,router,39.12455439567566,0.08800453043344487,0.08874859056497542,40
videoSRC09_1920x1080_25.yuv,0,MCL-JCV,0.15,router,39.12455439567566,0.10283143571382153,0.12001661422514331,40
videoSRC10_1920x1080_30.yuv,0,MCL-JCV,0.15,router,29.154362678527836,0.14775646288225075,0.16143798800744946,40
videoSRC11_1920x1080_30.yuv,0,MCL-JCV,0.15,router,39.12455439567566,0.08271465359720417,0.10288921740490053,40
videoSRC12_1920x1080_30.yuv,0,MCL-JCV,0.15,router,39.12455439567566,0.1037568024915999,0.11577506073790644,40
videoSRC13_1920x1080_30.yuv,0,MCL-JCV,0.15,router,39.12455439567566,0.055605978859048916,0.10980931904400393,40
videoSRC14_1920x1080_30.yuv,0,MCL-JCV,0.15,router,39.12455439567566,0.11677195797407153,0.11992287933583157,40
videoSRC15_1920x1080_30.yuv,0,MCL-JCV,0.15,router,39.12455439567566,0.08777389709425759,0.11144647263915886,40
videoSRC16_1920x1080_30.yuv,0,MCL-JCV,0.15,router,37.63388812541961,0.1471013164379502,0.12590644490008174,40
videoSRC17_1920x1080_24.yuv,0,MCL-JCV,0.15,router,39.12455439567566,0.06855976918494282,0.06612191226552255,40
videoSRC18_1920x1080_25.yuv,0,MCL-JCV,0.15,router,39.12455439567566,0.11724686045861205,0.12298658455799938,40
videoSRC19_1920x1080_30.yuv,0,MCL-JCV,0.15,router,39.12455439567566,0.0745683624426924,0.0746782533749979,40
videoSRC20_1920x1080_25.yuv,0,MCL-JCV,0.15,router,38.00655469298363,0.13395696661083528,0.12809136329999404,40
videoSRC21_1920x1080_24.yuv,0,MCL-JCV,0.15,router,39.12455439567566,0.02207029871673177,0.0585511196388282,40
videoSRC22_1920x1080_24.yuv,0,MCL-JCV,0.15,router,39.12455439567566,0.09952882662912543,0.10540536077579787,40
videoSRC23_1920x1080_24.yuv,0,MCL-JCV,0.15,router,39.12455439567566,0.0968228220381803,0.11403509249188204,40
videoSRC24_1920x1080_24.yuv,0,MCL-JCV,0.15,router,31.20457321405411,0.14201649427490723,0.1222036587634392,40
videoSRC25_1920x1080_24.yuv,0,MCL-JCV,0.15,router,38.00655469298363,0.13813798550874817,0.13111871067474468,40
videoSRC26_1920x1080_30.yuv,0,MCL-JCV,0.15,router,39.12455439567566,0.1311375174981168,0.13059835291463884,40
videoSRC27_1920x1080_30.yuv,0,MCL-JCV,0.15,router,39.12455439567566,0.12304989238188797,0.14466394978160935,40
videoSRC28_1920x1080_30.yuv,0,MCL-JCV,0.15,router,39.12455439567566,0.08446472309023867,0.12758942859357347,40
videoSRC29_1920x1080_24.yuv,0,MCL-JCV,0.15,router,39.12455439567566,0.026554528748609415,0.030472528798817677,40
videoSRC30_1920x1080_30.yuv,0,MCL-JCV,0.15,router,39.12455439567566,0.13188763853599522,0.11641022695994252,40
BQTerrace_1920x1080_60.yuv,0,HEVC_B,0.15,router,39.12455439567566,0.10258983867521763,0.11971255977277195,40
BasketballDrive_1920x1080_50.yuv,0,HEVC_B,0.15,router,36.143221855163574,0.14323408705675003,0.1470132915493565,40
Cactus_1920x1080_50.yuv,0,HEVC_B,0.15,router,39.12455439567566,0.1249748055096448,0.12955231067528672,40
Kimono1_1920x1080_24.yuv,0,HEVC_B,0.15,router,39.12455439567566,0.060235008562486994,0.05936236147662299,40
ParkScene_1920x1080_24.yuv,0,HEVC_B,0.15,router,39.12455439567566,0.045551741504323714,0.048133639677402584,40
FourPeople_1280x720_60.yuv,0,HEVC_E,0.15,router,39.12455439567566,0.12948886949966706,0.16060766120427772,15
Johnny_1280x720_60.yuv,0,HEVC_E,0.15,router,35.14944434165954,0.13523980572170105,0.1573396986025699,15
KristenAndSara_1280x720_60.yuv,0,HEVC_E,0.15,router,36.143221855163574,0.1239604819715045,0.1496060740915226,15
BQMall_832x480_60.yuv,0,HEVC_C,0.15,router,39.12455439567566,0.11356606947980527,0.14182263489756153,8
BasketballDrill_832x480_50.yuv,0,HEVC_C,0.15,router,29.807890206575394,0.12273784955165379,0.12193560585502183,8
PartyScene_832x480_50.yuv,0,HEVC_C,0.15,router,39.12455439567566,0.053026271524124965,0.06948338609807791,8
RaceHorses_832x480_30.yuv,0,HEVC_C,0.15,router,39.12455439567566,0.1446766982695335,0.16221749313272937,8
BasketballPass_416x240_50.yuv,0,HEVC_D,0.15,router,39.12455439567566,0.09266809287871032,0.09672854304720602,2
BlowingBubbles_416x240_50.yuv,0,HEVC_D,0.15,router,39.12455439567566,0.07805770360087562,0.08556953699413583,2
BQSquare_416x240_60.yuv,0,HEVC_D,0.15,router,39.12455439567566,0.08217431314399251,0.10199766528313603,2
RaceHorses_416x240_30.yuv,0,HEVC_D,0.15,router,31.671223044395447,0.11025664657251372,0.1101282724818553,2
Beauty_1920x1080_120fps_420_8bit_YUV.yuv,16,UVG,0.15,router,39.12455439567566,0.04401150336257254,0.04814296022141917,40
Bosphorus_1920x1080_120fps_420_8bit_YUV.yuv,16,UVG,0.15,router,39.12455439567566,0.12934723913555551,0.14363374414060814,40
HoneyBee_1920x1080_120fps_420_8bit_YUV.yuv,16,UVG,0.15,router,27.571890801191334,0.13972823528024325,0.09643838386254089,40
Jockey_1920x1080_120fps_420_8bit_YUV.yuv,16,UVG,0.15,router,35.39788872003555,0.13085749261256568,0.10895607306018462,40
ReadySteadyGo_1920x1080_120fps_420_8bit_YUV.yuv,16,UVG,0.15,router,33.161889314651496,0.14185004394604292,0.14829632038424734,40
ShakeNDry_1920x1080_120fps_420_8bit_YUV.yuv,16,UVG,0.15,router,39.12455439567566,0.05927740339012894,0.06188958735465633,40
YachtRide_1920x1080_120fps_420_8bit_YUV.yuv,16,UVG,0.15,router,36.515888422727585,0.12943386992142114,0.151087451136803,40
videoSRC01_1920x1080_30.yuv,16,MCL-JCV,0.15,router,39.12455439567566,0.0955428316105992,0.0967970859865801,40
videoSRC02_1920x1080_30.yuv,16,MCL-JCV,0.15,router,32.78922274708748,0.14754790509553906,0.14255534963793082,40
videoSRC03_1920x1080_30.yuv,16,MCL-JCV,0.15,router,37.63388812541961,0.14440098030102813,0.15096202485705845,40
videoSRC04_1920x1080_30.yuv,16,MCL-JCV,0.15,router,39.12455439567566,0.05703442659334555,0.07394946548483006,40
videoSRC05_1920x1080_25.yuv,16,MCL-JCV,0.15,router,35.02522215247155,0.14194017183579805,0.15749175039647412,40
videoSRC06_1920x1080_25.yuv,16,MCL-JCV,0.15,router,39.12455439567566,0.04308834139587414,0.033973665926467334,40
videoSRC07_1920x1080_25.yuv,16,MCL-JCV,0.15,router,39.12455439567566,0.1408576793643172,0.11538346439240144,40
videoSRC08_1920x1080_25.yuv,16,MCL-JCV,0.15,router,39.12455439567566,0.07643486500737173,0.08059076617725935,40
videoSRC09_1920x1080_25.yuv,16,MCL-JCV,0.15,router,37.261221557855606,0.12885746923485233,0.13942968908439468,40
videoSRC10_1920x1080_30.yuv,16,MCL-JCV,0.15,router,26.124404966831204,0.14232390816904003,0.1550402600840357,40
videoSRC11_1920x1080_30.yuv,16,MCL-JCV,0.15,router,39.12455439567566,0.10199983339759855,0.13507317275183794,40
videoSRC12_1920x1080_30.yuv,16,MCL-JCV,0.15,router,39.12455439567566,0.1280185153159816,0.15380380110630654,40
videoSRC13_1920x1080_30.yuv,16,MCL-JCV,0.15,router,39.12455439567566,0.1270353262993276,0.25137172464157587,40
videoSRC14_1920x1080_30.yuv,16,MCL-JCV,0.15,router,37.261221557855606,0.1395547355465051,0.13813646191561446,40
videoSRC15_1920x1080_30.yuv,16,MCL-JCV,0.15,router,39.12455439567566,0.1051254640862436,0.1286184642185475,40
videoSRC16_1920x1080_30.yuv,16,MCL-JCV,0.15,router,39.12455439567566,0.1259793504189927,0.11515760408676101,40
videoSRC17_1920x1080_24.yuv,16,MCL-JCV,0.15,router,39.12455439567566,0.08941793980308829,0.08155845898273384,40
videoSRC18_1920x1080_25.yuv,16,MCL-JCV,0.15,router,39.12455439567566,0.12902197126214227,0.1443929384378535,40
videoSRC19_1920x1080_30.yuv,16,MCL-JCV,0.15,router,39.12455439567566,0.11513920041085185,0.1342407240236696,40
videoSRC20_1920x1080_25.yuv,16,MCL-JCV,0.15,router,37.63388812541961,0.13077438525560467,0.12628055686232642,40
videoSRC21_1920x1080_24.yuv,16,MCL-JCV,0.15,router,39.12455439567566,0.07775652486078233,0.08881954437627826,40
videoSRC22_1920x1080_24.yuv,16,MCL-JCV,0.15,router,39.12455439567566,0.12836554675007456,0.12868551140512352,40
videoSRC23_1920x1080_24.yuv,16,MCL-JCV,0.15,router,39.12455439567566,0.11460867223512847,0.1390036036728972,40
videoSRC24_1920x1080_24.yuv,16,MCL-JCV,0.15,router,31.20457321405411,0.14420301079258827,0.1272712201728865,40
videoSRC25_1920x1080_24.yuv,16,MCL-JCV,0.15,router,34.65255558490753,0.13903370591208467,0.13169579641110118,40
videoSRC26_1920x1080_30.yuv,16,MCL-JCV,0.15,router,35.39788872003555,0.1501682503072582,0.1463107031568356,40
videoSRC27_1920x1080_30.yuv,16,MCL-JCV,0.15,router,39.12455439567566,0.09217700764258546,0.11184854147147405,40
videoSRC28_1920x1080_30.yuv,16,MCL-JCV,0.15,router,39.12455439567566,0.08676719373508426,0.1161054615494308,40
videoSRC29_1920x1080_24.yuv,16,MCL-JCV,0.15,router,39.12455439567566,0.09076679545469563,0.09173275445789386,40
videoSRC30_1920x1080_30.yuv,16,MCL-JCV,0.15,router,39.12455439567566,0.12022135442972011,0.10071298419266839,40
BQTerrace_1920x1080_60.yuv,16,HEVC_B,0.15,router,34.27988901734352,0.13094764798099565,0.15754904229686062,40
BasketballDrive_1920x1080_50.yuv,16,HEVC_B,0.15,router,36.143221855163574,0.14287848115350935,0.15296245507477124,40
Cactus_1920x1080_50.yuv,16,HEVC_B,0.15,router,38.00655469298363,0.14084561255008674,0.14280744087172081,40
Kimono1_1920x1080_24.yuv,16,HEVC_B,0.15,router,39.12455439567566,0.08508390971480453,0.07747948910005675,40
ParkScene_1920x1080_24.yuv,16,HEVC_B,0.15,router,39.12455439567566,0.06295734489718163,0.06563188507305995,40
FourPeople_1280x720_60.yuv,16,HEVC_E,0.15,router,35.14944434165954,0.13324952604651752,0.15501685533998,15
Johnny_1280x720_60.yuv,16,HEVC_E,0.15,router,34.15566682815552,0.14172323986185073,0.16926636846684318,15
KristenAndSara_1280x720_60.yuv,16,HEVC_E,0.15,router,32.66354878743489,0.1406833601705668,0.15511736529311548,15
BQMall_832x480_60.yuv,16,HEVC_C,0.15,router,37.261221557855606,0.13573558778545625,0.15978575352852076,8
BasketballDrill_832x480_50.yuv,16,HEVC_C,0.15,router,26.081224530935287,0.14273031706606698,0.17083658470830443,8
PartyScene_832x480_50.yuv,16,HEVC_C,0.15,router,39.12455439567566,0.124002394997502,0.14716509889356644,8
RaceHorses_832x480_30.yuv,16,HEVC_C,0.15,router,37.261221557855606,0.12413876873892274,0.14795356472886922,8
BasketballPass_416x240_50.yuv,16,HEVC_D,0.15,router,24.217891693115234,0.09049302590016864,0.09821154142103694,2
BlowingBubbles_416x240_50.yuv,16,HEVC_D,0.15,router,31.671223044395447,0.08875099125770539,0.09651003979622175,2
BQSquare_416x240_60.yuv,16,HEVC_D,0.15,router,24.217891693115234,0.10071575675020399,0.11083816912648103,2
RaceHorses_416x240_30.yuv,16,HEVC_D,0.15,router,31.671223044395447,0.11778322770050584,0.12552041116783386,2
Beauty_1920x1080_120fps_420_8bit_YUV.yuv,32,UVG,0.15,router,39.12455439567566,0.0400058145020213,0.04200414018367127,40
Bosphorus_1920x1080_120fps_420_8bit_YUV.yuv,32,UVG,0.15,router,38.751887828111656,0.12988925493894324,0.1372355485781469,40
HoneyBee_1920x1080_120fps_420_8bit_YUV.yuv,32,UVG,0.15,router,26.267013400793072,0.13295176733392067,0.08713689177016448,40
Jockey_1920x1080_120fps_420_8bit_YUV.yuv,32,UVG,0.15,router,37.63388812541961,0.13915509204673082,0.11211692846304544,40
ReadySteadyGo_1920x1080_120fps_420_8bit_YUV.yuv,32,UVG,0.15,router,28.31613510847092,0.13356974458295415,0.13439237292794814,40
ShakeNDry_1920x1080_120fps_420_8bit_YUV.yuv,32,UVG,0.15,router,39.12455439567566,0.08612350455037125,0.07759334076061464,40
YachtRide_1920x1080_120fps_420_8bit_YUV.yuv,32,UVG,0.15,router,30.64611777663231,0.13090228163136552,0.1422831482152347,40
videoSRC01_1920x1080_30.yuv,32,MCL-JCV,0.15,router,39.12455439567566,0.08936327909913269,0.08545393647829513,40
videoSRC02_1920x1080_30.yuv,32,MCL-JCV,0.15,router,27.1284644305706,0.14577714300472447,0.12717648501951118,40
videoSRC03_1920x1080_30.yuv,32,MCL-JCV,0.15,router,34.83834445476533,0.13286654738180587,0.14099800672916274,40
videoSRC04_1920x1080_30.yuv,32,MCL-JCV,0.15,router,39.12455439567566,0.10308853791622864,0.13002850258173737,40
videoSRC05_1920x1080_25.yuv,32,MCL-JCV,0.15,router,35.02522215247155,0.1395189571671691,0.16230671289091703,40
videoSRC06_1920x1080_25.yuv,32,MCL-JCV,0.15,router,39.12455439567566,0.016515877994750083,0.012836248730160094,40
videoSRC07_1920x1080_25.yuv,32,MCL-JCV,0.15,router,38.37922126054764,0.13919390950012955,0.10513157785290872,40
videoSRC08_1920x1080_25.yuv,32,MCL-JCV,0.15,router,39.12455439567566,0.0765152557384441,0.07637612332327848,40
videoSRC09_1920x1080_25.yuv,32,MCL-JCV,0.15,router,32.04388961195945,0.12855538771098254,0.12859458735615448,40
videoSRC10_1920x1080_30.yuv,32,MCL-JCV,0.15,router,22.396649271249768,0.1270766356868908,0.14891920372248535,40
videoSRC11_1920x1080_30.yuv,32,MCL-JCV,0.15,router,39.12455439567566,0.10686073833733585,0.14732839726728741,40
videoSRC12_1920x1080_30.yuv,32,MCL-JCV,0.15,router,36.143221855163574,0.13720734945567464,0.16930315369938143,40
videoSRC13_1920x1080_30.yuv,32,MCL-JCV,0.15,router,33.5345558822155,0.12709284995341713,0.20496408040721548,40
videoSRC14_1920x1080_30.yuv,32,MCL-JCV,0.15,router,33.9072224497795,0.1404282560451995,0.131694818579021,40
videoSRC15_1920x1080_30.yuv,32,MCL-JCV,0.15,router,39.12455439567566,0.1330629459432975,0.14848467887613026,40
videoSRC16_1920x1080_30.yuv,32,MCL-JCV,0.15,router,39.12455439567566,0.1070870906070711,0.09854007646901408,40
videoSRC17_1920x1080_24.yuv,32,MCL-JCV,0.15,router,37.261221557855606,0.13010113567249115,0.09846964972221883,40
videoSRC18_1920x1080_25.yuv,32,MCL-JCV,0.15,router,34.27988901734352,0.13178507480024093,0.14555530474368084,40
videoSRC19_1920x1080_30.yuv,32,MCL-JCV,0.15,router,37.63388812541961,0.1406329028107914,0.15424619013406016,40
videoSRC20_1920x1080_25.yuv,32,MCL-JCV,0.15,router,34.372783452272415,0.12578163434991407,0.1230355093849198,40
videoSRC21_1920x1080_24.yuv,32,MCL-JCV,0.15,router,26.35664135217667,0.14147277466180938,0.10902267049502967,40
videoSRC22_1920x1080_24.yuv,32,MCL-JCV,0.15,router,38.37922126054764,0.13002049546762404,0.14215426523823282,40
videoSRC23_1920x1080_24.yuv,32,MCL-JCV,0.15,router,37.63388812541961,0.11546911767373313,0.13297539084840793,40
videoSRC24_1920x1080_24.yuv,32,MCL-JCV,0.15,router,29.13004979491234,0.1353731824407409,0.12409606301825704,40
videoSRC25_1920x1080_24.yuv,32,MCL-JCV,0.15,router,31.29855647683144,0.13696699281954694,0.13443938192533977,40
videoSRC26_1920x1080_30.yuv,32,MCL-JCV,0.15,router,30.366345643997196,0.14063062206820792,0.1317948999055787,40
videoSRC27_1920x1080_30.yuv,32,MCL-JCV,0.15,router,39.12455439567566,0.08186335384563105,0.10171609181512764,40
videoSRC28_1920x1080_30.yuv,32,MCL-JCV,0.15,router,39.12455439567566,0.09638940909628782,0.1128571306424675,40
videoSRC29_1920x1080_24.yuv,32,MCL-JCV,0.15,router,30.45815125107765,0.13968748559368457,0.12568807456585773,40
videoSRC30_1920x1080_30.yuv,32,MCL-JCV,0.15,router,39.12455439567566,0.12211880840911424,0.10125783354210682,40
BQTerrace_1920x1080_60.yuv,32,HEVC_B,0.15,router,31.29855647683144,0.12154253696354425,0.14905772578487841,40
BasketballDrive_1920x1080_50.yuv,32,HEVC_B,0.15,router,36.143221855163574,0.13720455159424583,0.15060003283780787,40
Cactus_1920x1080_50.yuv,32,HEVC_B,0.15,router,36.8885549902916,0.13568721274777545,0.13427907339406175,40
Kimono1_1920x1080_24.yuv,32,HEVC_B,0.15,router,38.00655469298363,0.13011090265669864,0.09985522547130188,40
ParkScene_1920x1080_24.yuv,32,HEVC_B,0.15,router,38.751887828111656,0.12907701383897424,0.11934790607321588,40
FourPeople_1280x720_60.yuv,32,HEVC_E,0.15,router,29.68221624692281,0.1360806809409846,0.1424928329344084,15
Johnny_1280x720_60.yuv,32,HEVC_E,0.15,router,28.936157226562496,0.13786267740223393,0.14881913767229804,15
KristenAndSara_1280x720_60.yuv,32,HEVC_E,0.15,router,31.7317004998525,0.13111812292500624,0.1386881031715106,15
BQMall_832x480_60.yuv,32,HEVC_C,0.15,router,31.671223044395447,0.12466826186140574,0.1432533779812175,8
BasketballDrill_832x480_50.yuv,32,HEVC_C,0.15,router,24.217891693115234,0.15660101276816618,0.21832471351168437,8
PartyScene_832x480_50.yuv,32,HEVC_C,0.15,router,26.081224530935287,0.10412749634614002,0.12638872505340615,8
RaceHorses_832x480_30.yuv,32,HEVC_C,0.15,router,31.671223044395447,0.12262538326615098,0.13135383385986898,8
BasketballPass_416x240_50.yuv,32,HEVC_D,0.15,router,24.217891693115234,0.06475067665285648,0.1295813668072796,2
BlowingBubbles_416x240_50.yuv,32,HEVC_D,0.15,router,24.217891693115234,0.0792818880260383,0.08718929110337825,2
BQSquare_416x240_60.yuv,32,HEVC_D,0.15,router,18.622449040412903,0.12285151521609938,0.12421299655736817,2
RaceHorses_416x240_30.yuv,32,HEVC_D,0.15,router,24.217891693115234,0.08997605340820897,0.11762004597301257,2
Beauty_1920x1080_120fps_420_8bit_YUV.yuv,48,UVG,0.15,router,39.12455439567566,0.03478144700684083,0.02987801027607162,40
Bosphorus_1920x1080_120fps_420_8bit_YUV.yuv,48,UVG,0.15,router,36.515888422727585,0.13711527469226004,0.1326585205671975,40
HoneyBee_1920x1080_120fps_420_8bit_YUV.yuv,48,UVG,0.15,router,26.383131295442585,0.1256007706428466,0.08334664690218574,40
Jockey_1920x1080_120fps_420_8bit_YUV.yuv,48,UVG,0.15,router,37.63388812541961,0.1336249795570707,0.10640631575206783,40
ReadySteadyGo_1920x1080_120fps_420_8bit_YUV.yuv,48,UVG,0.15,router,23.026953935623172,0.12281512163484531,0.11314272846274065,40
ShakeNDry_1920x1080_120fps_420_8bit_YUV.yuv,48,UVG,0.15,router,38.00655469298363,0.11938456177873367,0.0957697871006502,40
YachtRide_1920x1080_120fps_420_8bit_YUV.yuv,48,UVG,0.15,router,25.031806379556652,0.12096576744667767,0.1270319893213525,40
videoSRC01_1920x1080_30.yuv,48,MCL-JCV,0.15,router,39.12455439567566,0.06494298778826539,0.05510294382702341,40
videoSRC02_1920x1080_30.yuv,48,MCL-JCV,0.15,router,23.118760138750073,0.1385794153488935,0.11479259818368348,40
videoSRC03_1920x1080_30.yuv,48,MCL-JCV,0.15,router,34.13945823907852,0.12903599711981872,0.12362638918626345,40
videoSRC04_1920x1080_30.yuv,48,MCL-JCV,0.15,router,37.261221557855606,0.13331124847776094,0.16003011389577182,40
videoSRC05_1920x1080_25.yuv,48,MCL-JCV,0.15,router,35.39788872003555,0.12915437074283456,0.15958260284161696,40
videoSRC06_1920x1080_25.yuv,48,MCL-JCV,0.15,router,39.12455439567566,0.008601664437650479,0.00688037243234163,40
videoSRC07_1920x1080_25.yuv,48,MCL-JCV,0.15,router,38.00655469298363,0.130268674438452,0.09538155725465458,40
videoSRC08_1920x1080_25.yuv,48,MCL-JCV,0.15,router,39.12455439567566,0.06442195265288003,0.06767704727700163,40
videoSRC09_1920x1080_25.yuv,48,MCL-JCV,0.15,router,30.925889909267422,0.12619208510800567,0.1267077621782775,40
videoSRC10_1920x1080_30.yuv,48,MCL-JCV,0.15,router,22.56030350923538,0.12038583837351027,0.13492661799087813,40
videoSRC11_1920x1080_30.yuv,48,MCL-JCV,0.15,router,39.12455439567566,0.11561663190527952,0.14508602443160612,40
videoSRC12_1920x1080_30.yuv,48,MCL-JCV,0.15,router,31.0409189760685,0.12721495528187377,0.1351575170976389,40
videoSRC13_1920x1080_30.yuv,48,MCL-JCV,0.15,router,32.04388961195945,0.124181447924313,0.14738434282566715,40
videoSRC14_1920x1080_30.yuv,48,MCL-JCV,0.15,router,33.650673776865005,0.13588781027862373,0.12173601781361754,40
videoSRC15_1920x1080_30.yuv,48,MCL-JCV,0.15,router,38.751887828111656,0.13643932909536155,0.13727555720115703,40
videoSRC16_1920x1080_30.yuv,48,MCL-JCV,0.15,router,39.12455439567566,0.1099939631085734,0.09498978551739157,40
videoSRC17_1920x1080_24.yuv,48,MCL-JCV,0.15,router,33.44057261943817,0.13139626733518914,0.08934794587788986,40
videoSRC18_1920x1080_25.yuv,48,MCL-JCV,0.15,router,28.897813409566876,0.11923076851657109,0.13513548687951982,40
videoSRC19_1920x1080_30.yuv,48,MCL-JCV,0.15,router,32.90534064173698,0.13392576810685553,0.1270972230493541,40
videoSRC20_1920x1080_25.yuv,48,MCL-JCV,0.15,router,30.645028352737423,0.1165500179527268,0.11177816754124592,40
videoSRC21_1920x1080_24.yuv,48,MCL-JCV,0.15,router,35.95634415745735,0.1395312395181472,0.10323331205041342,40
videoSRC22_1920x1080_24.yuv,48,MCL-JCV,0.15,router,37.75000602006913,0.12492035975397496,0.13305526710000493,40
videoSRC23_1920x1080_24.yuv,48,MCL-JCV,0.15,router,36.143221855163574,0.11445784349214724,0.11786501352466416,40
videoSRC24_1920x1080_24.yuv,48,MCL-JCV,0.15,router,26.101180315017704,0.12293078174762043,0.11734614410814004,40
videoSRC25_1920x1080_24.yuv,48,MCL-JCV,0.15,router,26.313460320234295,0.13135735474408697,0.12525577145272848,40
videoSRC26_1920x1080_30.yuv,48,MCL-JCV,0.15,router,26.10335916280746,0.13431686036487755,0.12214379814284371,40
videoSRC27_1920x1080_30.yuv,48,MCL-JCV,0.15,router,39.12455439567566,0.09148112216841649,0.10653263897238219,40
videoSRC28_1920x1080_30.yuv,48,MCL-JCV,0.15,router,39.12455439567566,0.12335416329637994,0.12060253671484844,40
videoSRC29_1920x1080_24.yuv,48,MCL-JCV,0.15,router,39.12455439567566,0.1290049002369896,0.11841690896419266,40
videoSRC30_1920x1080_30.yuv,48,MCL-JCV,0.15,router,38.751887828111656,0.13634697312223806,0.11506184133140351,40
BQTerrace_1920x1080_60.yuv,48,HEVC_B,0.15,router,29.807890206575394,0.11665697949937588,0.14580929976617796,40
BasketballDrive_1920x1080_50.yuv,48,HEVC_B,0.15,router,36.8885549902916,0.12690049615900686,0.14885113163765595,40
Cactus_1920x1080_50.yuv,48,HEVC_B,0.15,router,36.515888422727585,0.13531633074389612,0.13994331664289916,40
Kimono1_1920x1080_24.yuv,48,HEVC_B,0.15,router,33.44057261943817,0.13222577413597375,0.09023166734730381,40
ParkScene_1920x1080_24.yuv,48,HEVC_B,0.15,router,27.73336678743362,0.1230929119472084,0.10116988222787882,40
FourPeople_1280x720_60.yuv,48,HEVC_E,0.15,router,26.82474215825399,0.12969614827954284,0.12892722066950313,15
Johnny_1280x720_60.yuv,48,HEVC_E,0.15,router,30.1805567741394,0.13471608884942216,0.14396870073426982,15
KristenAndSara_1280x720_60.yuv,48,HEVC_E,0.15,router,32.477759520212814,0.12283328807368947,0.12287469539344187,15
BQMall_832x480_60.yuv,48,HEVC_C,0.15,router,26.081224530935287,0.12088842834300512,0.1487277404606786,8
BasketballDrill_832x480_50.yuv,48,HEVC_C,0.15,router,22.93514832854271,0.1393831871964066,0.18360215956875692,8
PartyScene_832x480_50.yuv,48,HEVC_C,0.15,router,20.021309703588486,0.11080383963568227,0.15402626961609656,8
RaceHorses_832x480_30.yuv,48,HEVC_C,0.15,router,26.081224530935287,0.11787907423428286,0.13137001566830264,8
BasketballPass_416x240_50.yuv,48,HEVC_D,0.15,router,24.217891693115234,0.0750732463167401,0.19217282224030896,2
BlowingBubbles_416x240_50.yuv,48,HEVC_D,0.15,router,24.217891693115234,0.1246782389139171,0.14235163105384885,2
BQSquare_416x240_60.yuv,48,HEVC_D,0.15,router,6.03814423084259,0.06261049535641053,0.06397697237848377,2
RaceHorses_416x240_30.yuv,48,HEVC_D,0.15,router,24.217891693115234,0.11524988619254543,0.16660542740594053,2
Beauty_1920x1080_120fps_420_8bit_YUV.yuv,63,UVG,0.15,router,39.12455439567566,0.04971021864438808,0.034904276989891514,40
Bosphorus_1920x1080_120fps_420_8bit_YUV.yuv,63,UVG,0.15,router,34.65255558490753,0.1298054660507564,0.11883857245064888,40
HoneyBee_1920x1080_120fps_420_8bit_YUV.yuv,63,UVG,0.15,router,25.91648086905479,0.11431323186185594,0.07852410531769038,40
Jockey_1920x1080_120fps_420_8bit_YUV.yuv,63,UVG,0.15,router,39.12455439567566,0.12844800193775738,0.10434662094489511,40
ReadySteadyGo_1920x1080_120fps_420_8bit_YUV.yuv,63,UVG,0.15,router,20.604076236486435,0.11035374267991004,0.1080166853939204,40
ShakeNDry_1920x1080_120fps_420_8bit_YUV.yuv,63,UVG,0.15,router,33.161889314651496,0.12233230553263184,0.08700121518248949,40
YachtRide_1920x1080_120fps_420_8bit_YUV.yuv,63,UVG,0.15,router,25.80036297440529,0.11793905652925893,0.12739631980343802,40
videoSRC01_1920x1080_30.yuv,63,MCL-JCV,0.15,router,39.12455439567566,0.048019157666552646,0.038557633246547596,40
videoSRC02_1920x1080_30.yuv,63,MCL-JCV,0.15,router,30.107619315385815,0.13337222472365914,0.11521831346878031,40
videoSRC03_1920x1080_30.yuv,63,MCL-JCV,0.15,router,32.76490986347198,0.11825708277123134,0.10836506248205069,40
videoSRC04_1920x1080_30.yuv,63,MCL-JCV,0.15,router,29.734952747821808,0.1173839067918832,0.12809495817563032,40
videoSRC05_1920x1080_25.yuv,63,MCL-JCV,0.15,router,37.261221557855606,0.11513648521816523,0.16991134762667315,40
videoSRC06_1920x1080_25.yuv,63,MCL-JCV,0.15,router,39.12455439567566,0.02600667613628087,0.04657304707420451,40
videoSRC07_1920x1080_25.yuv,63,MCL-JCV,0.15,router,37.63388812541961,0.13443832772158185,0.10034458041810979,40
videoSRC08_1920x1080_25.yuv,63,MCL-JCV,0.15,router,39.12455439567566,0.056620755820442695,0.06294778181375449,40
videoSRC09_1920x1080_25.yuv,63,MCL-JCV,0.15,router,34.65255558490753,0.12222158306278524,0.12095102891957765,40
videoSRC10_1920x1080_30.yuv,63,MCL-JCV,0.15,router,17.993232011795047,0.10637423650264649,0.112283431254383,40
videoSRC11_1920x1080_30.yuv,63,MCL-JCV,0.15,router,36.143221855163574,0.11404198845435852,0.1188762235496128,40
videoSRC12_1920x1080_30.yuv,63,MCL-JCV,0.15,router,15.75614497065544,0.1126175408560075,0.10663638872504322,40
videoSRC13_1920x1080_30.yuv,63,MCL-JCV,0.15,router,29.643146544694897,0.10776271924012731,0.11240726429655012,40
videoSRC14_1920x1080_30.yuv,63,MCL-JCV,0.15,router,33.137576431035995,0.126366842580298,0.10925438493794815,40
videoSRC15_1920x1080_30.yuv,63,MCL-JCV,0.15,router,35.51400661468506,0.12646904676172413,0.11607767289235937,40
videoSRC16_1920x1080_30.yuv,63,MCL-JCV,0.15,router,39.12455439567566,0.09882546158323849,0.08549105025943504,40
videoSRC17_1920x1080_24.yuv,63,MCL-JCV,0.15,router,30.156243890523914,0.12419138835190296,0.0840646753158012,40
videoSRC18_1920x1080_25.yuv,63,MCL-JCV,0.15,router,23.77228647470474,0.1085845484607033,0.1327078815180016,40
videoSRC19_1920x1080_30.yuv,63,MCL-JCV,0.15,router,23.446068018674847,0.12087415732068568,0.10359584802642985,40
videoSRC20_1920x1080_25.yuv,63,MCL-JCV,0.15,router,25.146834850311283,0.10922231225182967,0.11194115697821871,40
videoSRC21_1920x1080_24.yuv,63,MCL-JCV,0.15,router,39.12455439567566,0.0874845960927644,0.0774756780036796,40
videoSRC22_1920x1080_24.yuv,63,MCL-JCV,0.15,router,38.37922126054764,0.1174124107478914,0.11925371198205426,40
videoSRC23_1920x1080_24.yuv,63,MCL-JCV,0.15,router,36.143221855163574,0.11262527080500018,0.10587060870204823,40
videoSRC24_1920x1080_24.yuv,63,MCL-JCV,0.15,router,25.86785510182381,0.11104532797636525,0.12654054102240053,40
videoSRC25_1920x1080_24.yuv,63,MCL-JCV,0.15,router,22.281620204448704,0.1163259476329971,0.11562457194164466,40
videoSRC26_1920x1080_30.yuv,63,MCL-JCV,0.15,router,26.708261519670483,0.1244724938217168,0.11923673530210266,40
videoSRC27_1920x1080_30.yuv,63,MCL-JCV,0.15,router,39.12455439567566,0.1062786986069008,0.1142023593718875,40
videoSRC28_1920x1080_30.yuv,63,MCL-JCV,0.15,router,38.37922126054764,0.13182927377142553,0.1128110601916319,40
videoSRC29_1920x1080_24.yuv,63,MCL-JCV,0.15,router,39.12455439567566,0.08633133498300372,0.07821291375751116,40
videoSRC30_1920x1080_30.yuv,63,MCL-JCV,0.15,router,36.515888422727585,0.12152470212835347,0.1070638478506396,40
BQTerrace_1920x1080_60.yuv,63,HEVC_B,0.15,router,25.822497606277462,0.1080312190640212,0.1234939091536873,40
BasketballDrive_1920x1080_50.yuv,63,HEVC_B,0.15,router,38.37922126054764,0.11255248547051754,0.15487880094350714,40
Cactus_1920x1080_50.yuv,63,HEVC_B,0.15,router,36.515888422727585,0.12610500574192357,0.13455918591636618,40
Kimono1_1920x1080_24.yuv,63,HEVC_B,0.15,router,29.015020728111264,0.12162614455428603,0.08358055821160804,40
ParkScene_1920x1080_24.yuv,63,HEVC_B,0.15,router,22.467409074306488,0.1069560774765868,0.08467658547387202,40
FourPeople_1280x720_60.yuv,63,HEVC_E,0.15,router,24.527539412180587,0.12295951624021222,0.12247978526282566,15
Johnny_1280x720_60.yuv,63,HEVC_E,0.15,router,34.15566682815552,0.12518949303725438,0.1425498353340373,15
KristenAndSara_1280x720_60.yuv,63,HEVC_E,0.15,router,32.477759520212814,0.10882286171301618,0.11028577933341666,15
BQMall_832x480_60.yuv,63,HEVC_C,0.15,router,21.536287665367126,0.11975190816427492,0.1500438032941247,8
BasketballDrill_832x480_50.yuv,63,HEVC_C,0.15,router,26.081224530935287,0.1367846714859251,0.345365701539464,8
PartyScene_832x480_50.yuv,63,HEVC_C,0.15,router,13.72915729880333,0.09968238803443216,0.15825658672043375,8
RaceHorses_832x480_30.yuv,63,HEVC_C,0.15,router,18.39021146297455,0.0954781946254658,0.11761417998459223,8
BasketballPass_416x240_50.yuv,63,HEVC_D,0.15,router,24.217891693115234,0.05968454425276429,0.2914803947614928,2
BlowingBubbles_416x240_50.yuv,63,HEVC_D,0.15,router,18.622449040412903,0.11685148371743176,0.14822261148793103,2
BQSquare_416x240_60.yuv,63,HEVC_D,0.15,router,-0.9507179260253906,0.027781405176250804,0.025091122569989466,2
RaceHorses_416x240_30.yuv,63,HEVC_D,0.15,router,11.633586883544922,0.08123288791411408,0.11520200993814456,2
Beauty_1920x1080_120fps_420_8bit_YUV.yuv,0,UVG,0.15,dither,39.12455439567566,0.08091148795395814,0.08229179922256691,40
Bosphorus_1920x1080_120fps_420_8bit_YUV.yuv,0,UVG,0.15,dither,39.12455439567566,0.109843875346532,0.12340274289241648,40
HoneyBee_1920x1080_120fps_420_8bit_YUV.yuv,0,UVG,0.15,dither,26.826557666063312,0.14152754191096828,0.1089476711789672,40
Jockey_1920x1080_120fps_420_8bit_YUV.yuv,0,UVG,0.15,dither,29.435223639011387,0.15820193632063576,0.13012780379853695,40
ReadySteadyGo_1920x1080_120fps_420_8bit_YUV.yuv,0,UVG,0.15,dither,39.12455439567566,0.14633471004031023,0.15624953325017543,40
ShakeNDry_1920x1080_120fps_420_8bit_YUV.yuv,0,UVG,0.15,dither,39.12455439567566,0.07391442561049448,0.08615749684847174,40
YachtRide_1920x1080_120fps_420_8bit_YUV.yuv,0,UVG,0.15,dither,39.12455439567566,0.10892885197622486,0.1282077706456306,40
videoSRC01_1920x1080_30.yuv,0,MCL-JCV,0.15,dither,39.12455439567566,0.11191786889207839,0.11281084095170257,40
videoSRC02_1920x1080_30.yuv,0,MCL-JCV,0.15,dither,35.02522215247155,0.14776764425736422,0.1502792134827331,40
videoSRC03_1920x1080_30.yuv,0,MCL-JCV,0.15,dither,39.12455439567566,0.14850820272262996,0.16724756669837149,40
videoSRC04_1920x1080_30.yuv,0,MCL-JCV,0.15,dither,39.12455439567566,0.022088933433354694,0.04003983538861888,40
videoSRC05_1920x1080_25.yuv,0,MCL-JCV,0.15,dither,32.04388961195945,0.14712833245077794,0.15549711992815674,40
videoSRC06_1920x1080_25.yuv,0,MCL-JCV,0.15,dither,39.12455439567566,0.03224088419020011,0.024900584410012527,40
videoSRC07_1920x1080_25.yuv,0,MCL-JCV,0.15,dither,39.12455439567566,0.11573114557075326,0.10866693196463473,40
videoSRC08_1920x1080_25.yuv,0,MCL-JCV,0.15,dither,39.12455439567566,0.08800453043344487,0.08874859056497542,40
videoSRC09_1920x1080_25.yuv,0,MCL-JCV,0.15,dither,39.12455439567566,0.10283143571382153,0.12001661422514331,40
videoSRC10_1920x1080_30.yuv,0,MCL-JCV,0.15,dither,22.81903102993965,0.1481167344394856,0.1703529507099617,40
videoSRC11_1920x1080_30.yuv,0,MCL-JCV,0.15,dither,39.12455439567566,0.08271465359720417,0.10288921740490053,40
videoSRC12_1920x1080_30.yuv,0,MCL-JCV,0.15,dither,39.12455439567566,0.1037568024915999,0.11577506073790644,40
videoSRC13_1920x1080_30.yuv,0,MCL-JCV,0.15,dither,39.12455439567566,0.055605978859048916,0.10980931904400393,40
videoSRC14_1920x1080_30.yuv,0,MCL-JCV,0.15,dither,39.12455439567566,0.11677195797407153,0.11992287933583157,40
videoSRC15_1920x1080_30.yuv,0,MCL-JCV,0.15,dither,39.12455439567566,0.08777389709425759,0.11144647263915886,40
videoSRC16_1920x1080_30.yuv,0,MCL-JCV,0.15,dither,33.9072224497795,0.14610804734960828,0.12483834253647075,40
videoSRC17_1920x1080_24.yuv,0,MCL-JCV,0.15,dither,39.12455439567566,0.06855976918494282,0.06612191226552255,40
videoSRC18_1920x1080_25.yuv,0,MCL-JCV,0.15,dither,39.12455439567566,0.11724686045861205,0.12298658455799938,40
videoSRC19_1920x1080_30.yuv,0,MCL-JCV,0.15,dither,39.12455439567566,0.0745683624426924,0.0746782533749979,40
videoSRC20_1920x1080_25.yuv,0,MCL-JCV,0.15,dither,33.161889314651496,0.1473265549320866,0.14012449389795734,40
videoSRC21_1920x1080_24.yuv,0,MCL-JCV,0.15,dither,39.12455439567566,0.02207029871673177,0.0585511196388282,40
videoSRC22_1920x1080_24.yuv,0,MCL-JCV,0.15,dither,39.12455439567566,0.09952882662912543,0.10540536077579787,40
videoSRC23_1920x1080_24.yuv,0,MCL-JCV,0.15,dither,39.12455439567566,0.0968228220381803,0.11403509249188204,40
videoSRC24_1920x1080_24.yuv,0,MCL-JCV,0.15,dither,24.96322482824326,0.14960128031385678,0.12675425469675616,40
videoSRC25_1920x1080_24.yuv,0,MCL-JCV,0.15,dither,34.65255558490753,0.13653443483883396,0.12885441008627296,40
videoSRC26_1920x1080_30.yuv,0,MCL-JCV,0.15,dither,39.12455439567566,0.1311375174981168,0.13059835291463884,40
videoSRC27_1920x1080_30.yuv,0,MCL-JCV,0.15,dither,39.12455439567566,0.12304989238188797,0.14466394978160935,40
videoSRC28_1920x1080_30.yuv,0,MCL-JCV,0.15,dither,39.12455439567566,0.08446472309023867,0.12758942859357347,40
videoSRC29_1920x1080_24.yuv,0,MCL-JCV,0.15,dither,39.12455439567566,0.026554528748609415,0.030472528798817677,40
videoSRC30_1920x1080_30.yuv,0,MCL-JCV,0.15,dither,39.12455439567566,0.13188763853599522,0.11641022695994252,40
BQTerrace_1920x1080_60.yuv,0,HEVC_B,0.15,dither,39.12455439567566,0.10258983867521763,0.11971255977277195,40
BasketballDrive_1920x1080_50.yuv,0,HEVC_B,0.15,dither,33.161889314651496,0.15407042358975784,0.1582442761480678,40
Cactus_1920x1080_50.yuv,0,HEVC_B,0.15,dither,39.12455439567566,0.1249748055096448,0.12955231067528672,40
Kimono1_1920x1080_24.yuv,0,HEVC_B,0.15,dither,39.12455439567566,0.060235008562486994,0.05936236147662299,40
ParkScene_1920x1080_24.yuv,0,HEVC_B,0.15,dither,39.12455439567566,0.045551741504323714,0.048133639677402584,40
FourPeople_1280x720_60.yuv,0,HEVC_E,0.15,dither,39.12455439567566,0.12948886949966706,0.16060766120427772,15
Johnny_1280x720_60.yuv,0,HEVC_E,0.15,dither,32.16811180114746,0.14500983888697372,0.17084144592678996,15
KristenAndSara_1280x720_60.yuv,0,HEVC_E,0.15,dither,35.14944434165954,0.13719924967781186,0.16494348395018932,15
BQMall_832x480_60.yuv,0,HEVC_C,0.15,dither,39.12455439567566,0.11356606947980527,0.14182263489756153,8
BasketballDrill_832x480_50.yuv,0,HEVC_C,0.15,dither,29.807890206575394,0.13869127338751835,0.1379754431318787,8
PartyScene_832x480_50.yuv,0,HEVC_C,0.15,dither,39.12455439567566,0.053026271524124965,0.06948338609807791,8
RaceHorses_832x480_30.yuv,0,HEVC_C,0.15,dither,39.12455439567566,0.1446766982695335,0.16221749313272937,8
BasketballPass_416x240_50.yuv,0,HEVC_D,0.15,dither,39.12455439567566,0.09266809287871032,0.09672854304720602,2
BlowingBubbles_416x240_50.yuv,0,HEVC_D,0.15,dither,39.12455439567566,0.07805770360087562,0.08556953699413583,2
BQSquare_416x240_60.yuv,0,HEVC_D,0.15,dither,39.12455439567566,0.08217431314399251,0.10199766528313603,2
RaceHorses_416x240_30.yuv,0,HEVC_D,0.15,dither,31.671223044395447,0.11025664657251372,0.1101282724818553,2
Beauty_1920x1080_120fps_420_8bit_YUV.yuv,16,UVG,0.15,dither,39.12455439567566,0.04401150336257254,0.04814296022141917,40
Bosphorus_1920x1080_120fps_420_8bit_YUV.yuv,16,UVG,0.15,dither,39.12455439567566,0.12934723913555551,0.14363374414060814,40
HoneyBee_1920x1080_120fps_420_8bit_YUV.yuv,16,UVG,0.15,dither,25.335891395807263,0.14767443768732227,0.09930027405920328,40
Jockey_1920x1080_120fps_420_8bit_YUV.yuv,16,UVG,0.15,dither,32.41655617952347,0.1434966692533965,0.1203263109898316,40
ReadySteadyGo_1920x1080_120fps_420_8bit_YUV.yuv,16,UVG,0.15,dither,29.06255707144737,0.14740825548315264,0.1529472544525916,40
ShakeNDry_1920x1080_120fps_420_8bit_YUV.yuv,16,UVG,0.15,dither,39.12455439567566,0.05927740339012894,0.06188958735465633,40
YachtRide_1920x1080_120fps_420_8bit_YUV.yuv,16,UVG,0.15,dither,33.5345558822155,0.12987701477715685,0.15063636693193416,40
videoSRC01_1920x1080_30.yuv,16,MCL-JCV,0.15,dither,39.12455439567566,0.0955428316105992,0.0967970859865801,40
videoSRC02_1920x1080_30.yuv,16,MCL-JCV,0.15,dither,29.435223639011387,0.14627240005158873,0.1384764039073758,40
videoSRC03_1920x1080_30.yuv,16,MCL-JCV,0.15,dither,34.27988901734352,0.1461935888225684,0.15414820765045079,40
videoSRC04_1920x1080_30.yuv,16,MCL-JCV,0.15,dither,39.12455439567566,0.05703442659334555,0.07394946548483006,40
videoSRC05_1920x1080_25.yuv,16,MCL-JCV,0.15,dither,31.671223044395447,0.14669758202431313,0.1644771488019856,40
videoSRC06_1920x1080_25.yuv,16,MCL-JCV,0.15,dither,39.12455439567566,0.04308834139587414,0.033973665926467334,40
videoSRC07_1920x1080_25.yuv,16,MCL-JCV,0.15,dither,39.12455439567566,0.1408576793643172,0.11538346439240144,40
videoSRC08_1920x1080_25.yuv,16,MCL-JCV,0.15,dither,39.12455439567566,0.07643486500737173,0.08059076617725935,40
videoSRC09_1920x1080_25.yuv,16,MCL-JCV,0.15,dither,36.515888422727585,0.13145810931622393,0.14284320164523834,40
videoSRC10_1920x1080_30.yuv,16,MCL-JCV,0.15,dither,15.265183448791507,0.14083989299066607,0.141616851523942,40
videoSRC11_1920x1080_30.yuv,16,MCL-JCV,0.15,dither,39.12455439567566,0.10199983339759855,0.13507317275183794,40
videoSRC12_1920x1080_30.yuv,16,MCL-JCV,0.15,dither,39.12455439567566,0.1280185153159816,0.15380380110630654,40
videoSRC13_1920x1080_30.yuv,16,MCL-JCV,0.15,dither,39.12455439567566,0.1270353262993276,0.25137172464157587,40
videoSRC14_1920x1080_30.yuv,16,MCL-JCV,0.15,dither,35.77055528759956,0.1415500519334217,0.14063170443432682,40
videoSRC15_1920x1080_30.yuv,16,MCL-JCV,0.15,dither,39.12455439567566,0.1051254640862436,0.1286184642185475,40
videoSRC16_1920x1080_30.yuv,16,MCL-JCV,0.15,dither,39.12455439567566,0.1259793504189927,0.11515760408676101,40
videoSRC17_1920x1080_24.yuv,16,MCL-JCV,0.15,dither,39.12455439567566,0.08941793980308829,0.08155845898273384,40
videoSRC18_1920x1080_25.yuv,16,MCL-JCV,0.15,dither,39.12455439567566,0.12902197126214227,0.1443929384378535,40
videoSRC19_1920x1080_30.yuv,16,MCL-JCV,0.15,dither,39.12455439567566,0.11513920041085185,0.1342407240236696,40
videoSRC20_1920x1080_25.yuv,16,MCL-JCV,0.15,dither,32.78922274708748,0.12954741202645584,0.1242275167327378,40
videoSRC21_1920x1080_24.yuv,16,MCL-JCV,0.15,dither,39.12455439567566,0.07775652486078233,0.08881954437627826,40
videoSRC22_1920x1080_24.yuv,16,MCL-JCV,0.15,dither,39.12455439567566,0.12836554675007456,0.12868551140512352,40
videoSRC23_1920x1080_24.yuv,16,MCL-JCV,0.15,dither,39.12455439567566,0.11460867223512847,0.1390036036728972,40
videoSRC24_1920x1080_24.yuv,16,MCL-JCV,0.15,dither,24.59055826067924,0.1402632360345037,0.12207726188835721,40
videoSRC25_1920x1080_24.yuv,16,MCL-JCV,0.15,dither,32.04388961195945,0.14045393040338522,0.13418232902034077,40
videoSRC26_1920x1080_30.yuv,16,MCL-JCV,0.15,dither,31.29855647683144,0.14813014280997502,0.14502969619058348,40
videoSRC27_1920x1080_30.yuv,16,MCL-JCV,0.15,dither,39.12455439567566,0.09217700764258546,0.11184854147147405,40
videoSRC28_1920x1080_30.yuv,16,MCL-JCV,0.15,dither,39.12455439567566,0.08676719373508426,0.1161054615494308,40
videoSRC29_1920x1080_24.yuv,16,MCL-JCV,0.15,dither,39.12455439567566,0.09076679545469563,0.09173275445789386,40
videoSRC30_1920x1080_30.yuv,16,MCL-JCV,0.15,dither,39.12455439567566,0.12022135442972011,0.10071298419266839,40
BQTerrace_1920x1080_60.yuv,16,HEVC_B,0.15,dither,31.671223044395447,0.1397308318435825,0.1714112943622652,40
BasketballDrive_1920x1080_50.yuv,16,HEVC_B,0.15,dither,32.04388961195945,0.1427476828262508,0.15309246511752406,40
Cactus_1920x1080_50.yuv,16,HEVC_B,0.15,dither,36.8885549902916,0.14119120369317817,0.14322689345239326,40
Kimono1_1920x1080_24.yuv,16,HEVC_B,0.15,dither,39.12455439567566,0.08508390971480453,0.07747948910005675,40
ParkScene_1920x1080_24.yuv,16,HEVC_B,0.15,dither,39.12455439567566,0.06295734489718163,0.06563188507305995,40
FourPeople_1280x720_60.yuv,16,HEVC_E,0.15,dither,32.16811180114746,0.14316905504176797,0.16600190085537747,15
Johnny_1280x720_60.yuv,16,HEVC_E,0.15,dither,28.19300174713135,0.1309217271247821,0.15679705795722754,15
KristenAndSara_1280x720_60.yuv,16,HEVC_E,0.15,dither,24.217891693115234,0.13168510095437297,0.1490402221498215,15
BQMall_832x480_60.yuv,16,HEVC_C,0.15,dither,35.39788872003555,0.13249775056089058,0.15715281551860727,8
BasketballDrill_832x480_50.yuv,16,HEVC_C,0.15,dither,24.217891693115234,0.131629724572429,0.15953716068429458,8
PartyScene_832x480_50.yuv,16,HEVC_C,0.15,dither,39.12455439567566,0.124002394997502,0.14716509889356644,8
RaceHorses_832x480_30.yuv,16,HEVC_C,0.15,dither,37.261221557855606,0.12375026688637697,0.14623232419990018,8
BasketballPass_416x240_50.yuv,16,HEVC_D,0.15,dither,24.217891693115234,0.09049302590016864,0.09821154142103694,2
BlowingBubbles_416x240_50.yuv,16,HEVC_D,0.15,dither,31.671223044395447,0.08838737169101532,0.09236165798572671,2
BQSquare_416x240_60.yuv,16,HEVC_D,0.15,dither,24.217891693115234,0.10071575675020399,0.11083816912648103,2
RaceHorses_416x240_30.yuv,16,HEVC_D,0.15,dither,31.671223044395447,0.11778322770050584,0.12552041116783386,2
Beauty_1920x1080_120fps_420_8bit_YUV.yuv,32,UVG,0.15,dither,39.12455439567566,0.0400058145020213,0.04200414018367127,40
Bosphorus_1920x1080_120fps_420_8bit_YUV.yuv,32,UVG,0.15,dither,38.751887828111656,0.1340587350759939,0.14178862613451315,40
HoneyBee_1920x1080_120fps_420_8bit_YUV.yuv,32,UVG,0.15,dither,24.96322482824326,0.14208533829284875,0.0914554374280172,40
Jockey_1920x1080_120fps_420_8bit_YUV.yuv,32,UVG,0.15,dither,34.65255558490753,0.142104369048045,0.11426435651000588,40
ReadySteadyGo_1920x1080_120fps_420_8bit_YUV.yuv,32,UVG,0.15,dither,24.96322482824326,0.13607898073471628,0.13543237382699402,40
ShakeNDry_1920x1080_120fps_420_8bit_YUV.yuv,32,UVG,0.15,dither,39.12455439567566,0.08612350455037125,0.07759334076061464,40
YachtRide_1920x1080_120fps_420_8bit_YUV.yuv,32,UVG,0.15,dither,27.199224233627316,0.1372739642651011,0.149239273409016,40
videoSRC01_1920x1080_30.yuv,32,MCL-JCV,0.15,dither,39.12455439567566,0.08936327909913269,0.08545393647829513,40
videoSRC02_1920x1080_30.yuv,32,MCL-JCV,0.15,dither,24.96322482824326,0.14626370945186626,0.1267675737537175,40
videoSRC03_1920x1080_30.yuv,32,MCL-JCV,0.15,dither,29.06255707144737,0.13750122715590235,0.1414634405292361,40
videoSRC04_1920x1080_30.yuv,32,MCL-JCV,0.15,dither,39.12455439567566,0.10308853791622864,0.13002850258173737,40
videoSRC05_1920x1080_25.yuv,32,MCL-JCV,0.15,dither,32.04388961195945,0.1428998344572644,0.16865344744997657,40
videoSRC06_1920x1080_25.yuv,32,MCL-JCV,0.15,dither,39.12455439567566,0.016515877994750083,0.012836248730160094,40
videoSRC07_1920x1080_25.yuv,32,MCL-JCV,0.15,dither,37.261221557855606,0.1333210489323655,0.10028294905141166,40
videoSRC08_1920x1080_25.yuv,32,MCL-JCV,0.15,dither,39.12455439567566,0.0765152557384441,0.07637612332327848,40
videoSRC09_1920x1080_25.yuv,32,MCL-JCV,0.15,dither,30.55322334170342,0.13655133360754565,0.13566147822654528,40
videoSRC10_1920x1080_30.yuv,32,MCL-JCV,0.15,dither,13.027006387710571,0.12895174978839571,0.13056769168569815,40
videoSRC11_1920x1080_30.yuv,32,MCL-JCV,0.15,dither,39.12455439567566,0.10686073833733585,0.14732839726728741,40
videoSRC12_1920x1080_30.yuv,32,MCL-JCV,0.15,dither,27.199224233627316,0.1317326539321281,0.1615860782459464,40
videoSRC13_1920x1080_30.yuv,32,MCL-JCV,0.15,dither,27.571890801191334,0.13538649696484423,0.2050995769300954,40
videoSRC14_1920x1080_30.yuv,32,MCL-JCV,0.15,dither,30.55322334170342,0.13968306081541,0.131200639067508,40
videoSRC15_1920x1080_30.yuv,32,MCL-JCV,0.15,dither,39.12455439567566,0.1330629459432975,0.14848467887613026,40
videoSRC16_1920x1080_30.yuv,32,MCL-JCV,0.15,dither,39.12455439567566,0.1070870906070711,0.09854007646901408,40
videoSRC17_1920x1080_24.yuv,32,MCL-JCV,0.15,dither,35.39788872003555,0.14122857775862666,0.10579916721231086,40
videoSRC18_1920x1080_25.yuv,32,MCL-JCV,0.15,dither,30.925889909267422,0.13380300833861328,0.1482343455360038,40
videoSRC19_1920x1080_30.yuv,32,MCL-JCV,0.15,dither,34.65255558490753,0.14178672080936952,0.1567760494973669,40
videoSRC20_1920x1080_25.yuv,32,MCL-JCV,0.15,dither,29.807890206575394,0.12241462163052502,0.1204950862862546,40
videoSRC21_1920x1080_24.yuv,32,MCL-JCV,0.15,dither,27.94455736875534,0.15300361458162476,0.11713672076302828,40
videoSRC22_1920x1080_24.yuv,32,MCL-JCV,0.15,dither,37.261221557855606,0.13359186513089438,0.14445410847406492,40
videoSRC23_1920x1080_24.yuv,32,MCL-JCV,0.15,dither,36.143221855163574,0.126863842590262,0.1464684100068041,40
videoSRC24_1920x1080_24.yuv,32,MCL-JCV,0.15,dither,18.902221173048016,0.13567573440838687,0.12504076919018559,40
videoSRC25_1920x1080_24.yuv,32,MCL-JCV,0.15,dither,26.453891098499295,0.14139358036084512,0.13382157787399507,40
videoSRC26_1920x1080_30.yuv,32,MCL-JCV,0.15,dither,24.96322482824326,0.14246250500163457,0.13217062482513597,40
videoSRC27_1920x1080_30.yuv,32,MCL-JCV,0.15,dither,39.12455439567566,0.08186335384563105,0.10171609181512764,40
videoSRC28_1920x1080_30.yuv,32,MCL-JCV,0.15,dither,39.12455439567566,0.09638940909628782,0.1128571306424675,40
videoSRC29_1920x1080_24.yuv,32,MCL-JCV,0.15,dither,28.317223936319348,0.13713377026818044,0.12269090785822101,40
videoSRC30_1920x1080_30.yuv,32,MCL-JCV,0.15,dither,39.12455439567566,0.12211880840911424,0.10125783354210682,40
BQTerrace_1920x1080_60.yuv,32,HEVC_B,0.15,dither,27.571890801191334,0.13433655577073408,0.16709438154106238,40
BasketballDrive_1920x1080_50.yuv,32,HEVC_B,0.15,dither,33.161889314651496,0.14122387966884456,0.15542693797029017,40
Cactus_1920x1080_50.yuv,32,HEVC_B,0.15,dither,35.02522215247155,0.1415228366593434,0.13963979905192048,40
Kimono1_1920x1080_24.yuv,32,HEVC_B,0.15,dither,36.515888422727585,0.1346995759382835,0.10304333758967488,40
ParkScene_1920x1080_24.yuv,32,HEVC_B,0.15,dither,38.751887828111656,0.12907701383897424,0.11934790607321588,40
FourPeople_1280x720_60.yuv,32,HEVC_E,0.15,dither,24.217891693115234,0.13136505915373595,0.13952568222695305,15
Johnny_1280x720_60.yuv,32,HEVC_E,0.15,dither,24.217891693115234,0.13829075734619284,0.15033333664761983,15
KristenAndSara_1280x720_60.yuv,32,HEVC_E,0.15,dither,21.233655611673996,0.11730422649762152,0.12035067839111946,15
BQMall_832x480_60.yuv,32,HEVC_C,0.15,dither,29.807890206575394,0.1295782905536205,0.15167054896944876,8
BasketballDrill_832x480_50.yuv,32,HEVC_C,0.15,dither,24.217891693115234,0.15660101276816618,0.21832471351168437,8
PartyScene_832x480_50.yuv,32,HEVC_C,0.15,dither,24.217891693115234,0.10154754872083804,0.12345997350379889,8
RaceHorses_832x480_30.yuv,32,HEVC_C,0.15,dither,29.807890206575394,0.10941820073415853,0.11793120845005234,8
BasketballPass_416x240_50.yuv,32,HEVC_D,0.15,dither,24.217891693115234,0.06475067665285648,0.1295813668072796,2
BlowingBubbles_416x240_50.yuv,32,HEVC_D,0.15,dither,24.217891693115234,0.0792818880260383,0.08718929110337825,2
BQSquare_416x240_60.yuv,32,HEVC_D,0.15,dither,13.027006387710571,0.09441104682626185,0.09547404809570992,2
RaceHorses_416x240_30.yuv,32,HEVC_D,0.15,dither,24.217891693115234,0.08997605340820897,0.11762004597301257,2
Beauty_1920x1080_120fps_420_8bit_YUV.yuv,48,UVG,0.15,dither,39.12455439567566,0.03478144700684083,0.02987801027607162,40
Bosphorus_1920x1080_120fps_420_8bit_YUV.yuv,48,UVG,0.15,dither,32.78922274708748,0.13403910277097913,0.12969567151725414,40
HoneyBee_1920x1080_120fps_420_8bit_YUV.yuv,48,UVG,0.15,dither,24.96322482824326,0.13883520731217322,0.09008183458880836,40
Jockey_1920x1080_120fps_420_8bit_YUV.yuv,48,UVG,0.15,dither,35.39788872003555,0.13957878191197812,0.11075967310439694,40
ReadySteadyGo_1920x1080_120fps_420_8bit_YUV.yuv,48,UVG,0.15,dither,20.021309703588486,0.12903230480200711,0.12685449224558454,40
ShakeNDry_1920x1080_120fps_420_8bit_YUV.yuv,48,UVG,0.15,dither,37.63388812541961,0.1180556537143513,0.09457568981817843,40
YachtRide_1920x1080_120fps_420_8bit_YUV.yuv,48,UVG,0.15,dither,23.098803162574765,0.12393695216027809,0.13213878595225736,40
videoSRC01_1920x1080_30.yuv,48,MCL-JCV,0.15,dither,39.12455439567566,0.06494298778826539,0.05510294382702341,40
videoSRC02_1920x1080_30.yuv,48,MCL-JCV,0.15,dither,20.3010818362236,0.1371171058028829,0.11323544502617722,40
videoSRC03_1920x1080_30.yuv,48,MCL-JCV,0.15,dither,26.453891098499295,0.1305322953398066,0.12087870834292147,40
videoSRC04_1920x1080_30.yuv,48,MCL-JCV,0.15,dither,33.9072224497795,0.13243334051594285,0.16102784214754706,40
videoSRC05_1920x1080_25.yuv,48,MCL-JCV,0.15,dither,32.78922274708748,0.13436832029548348,0.16974423597289245,40
videoSRC06_1920x1080_25.yuv,48,MCL-JCV,0.15,dither,39.12455439567566,0.008601664437650479,0.00688037243234163,40
videoSRC07_1920x1080_25.yuv,48,MCL-JCV,0.15,dither,37.261221557855606,0.12928922511218452,0.09432004270150429,40
videoSRC08_1920x1080_25.yuv,48,MCL-JCV,0.15,dither,39.12455439567566,0.06442195265288003,0.06767704727700163,40
videoSRC09_1920x1080_25.yuv,48,MCL-JCV,0.15,dither,29.06255707144737,0.13089490045936317,0.12982487893057737,40
videoSRC10_1920x1080_30.yuv,48,MCL-JCV,0.15,dither,13.027006387710571,0.11744690689527784,0.12321025296890298,40
videoSRC11_1920x1080_30.yuv,48,MCL-JCV,0.15,dither,39.12455439567566,0.11561663190527952,0.14508602443160612,40
videoSRC12_1920x1080_30.yuv,48,MCL-JCV,0.15,dither,24.217891693115234,0.1296665286337687,0.1371362146519175,40
videoSRC13_1920x1080_30.yuv,48,MCL-JCV,0.15,dither,25.70855796337128,0.1245665024588542,0.14611182074408902,40
videoSRC14_1920x1080_30.yuv,48,MCL-JCV,0.15,dither,29.435223639011387,0.13767148958787254,0.12408384322709054,40
videoSRC15_1920x1080_30.yuv,48,MCL-JCV,0.15,dither,37.261221557855606,0.13496151770612508,0.1359625035909957,40
videoSRC16_1920x1080_30.yuv,48,MCL-JCV,0.15,dither,39.12455439567566,0.1099939631085734,0.09498978551739157,40
videoSRC17_1920x1080_24.yuv,48,MCL-JCV,0.15,dither,27.199224233627316,0.14199226109129431,0.09288796558544732,40
videoSRC18_1920x1080_25.yuv,48,MCL-JCV,0.15,dither,26.081224530935287,0.12486800806121356,0.16174283775744414,40
videoSRC19_1920x1080_30.yuv,48,MCL-JCV,0.15,dither,26.826557666063312,0.13568464553959572,0.1295166877885876,40
videoSRC20_1920x1080_25.yuv,48,MCL-JCV,0.15,dither,26.453891098499295,0.12308896066446245,0.13187775719745076,40
videoSRC21_1920x1080_24.yuv,48,MCL-JCV,0.15,dither,34.65255558490753,0.13736379901961215,0.10420984900232355,40
videoSRC22_1920x1080_24.yuv,48,MCL-JCV,0.15,dither,35.02522215247155,0.12942461910399267,0.13522481123349905,40
videoSRC23_1920x1080_24.yuv,48,MCL-JCV,0.15,dither,32.78922274708748,0.12404339442985188,0.1276557520202175,40
videoSRC24_1920x1080_24.yuv,48,MCL-JCV,0.15,dither,16.66404411196709,0.1284846790601853,0.15144208055047415,40
videoSRC25_1920x1080_24.yuv,48,MCL-JCV,0.15,dither,22.259486764669422,0.13593184932730115,0.13166758105616339,40
videoSRC26_1920x1080_30.yuv,48,MCL-JCV,0.15,dither,22.259486764669422,0.13675797859106592,0.1242660363409982,40
videoSRC27_1920x1080_30.yuv,48,MCL-JCV,0.15,dither,39.12455439567566,0.09148112216841649,0.10653263897238219,40
videoSRC28_1920x1080_30.yuv,48,MCL-JCV,0.15,dither,39.12455439567566,0.12335416329637994,0.12060253671484844,40
videoSRC29_1920x1080_24.yuv,48,MCL-JCV,0.15,dither,39.12455439567566,0.1290049002369896,0.11841690896419266,40
videoSRC30_1920x1080_30.yuv,48,MCL-JCV,0.15,dither,38.37922126054764,0.13588422971761832,0.11440860134145225,40
BQTerrace_1920x1080_60.yuv,48,HEVC_B,0.15,dither,26.081224530935287,0.11639034645472328,0.14748646841365343,40
BasketballDrive_1920x1080_50.yuv,48,HEVC_B,0.15,dither,34.65255558490753,0.12643031520222311,0.14729652281352656,40
Cactus_1920x1080_50.yuv,48,HEVC_B,0.15,dither,34.27988901734352,0.13831721323473836,0.14369013655418428,40
Kimono1_1920x1080_24.yuv,48,HEVC_B,0.15,dither,27.199224233627316,0.14128736134361977,0.09270966312190154,40
ParkScene_1920x1080_24.yuv,48,HEVC_B,0.15,dither,22.53925889730454,0.1291263473877067,0.1062331816718256,40
FourPeople_1280x720_60.yuv,48,HEVC_E,0.15,dither,19.741537570953373,0.12952337592381646,0.12640802859867506,15
Johnny_1280x720_60.yuv,48,HEVC_E,0.15,dither,25.21166920661926,0.13153452740455746,0.14037780494578556,15
KristenAndSara_1280x720_60.yuv,48,HEVC_E,0.15,dither,24.217891693115234,0.1274131731044153,0.12531523829149194,15
BQMall_832x480_60.yuv,48,HEVC_C,0.15,dither,24.217891693115234,0.11792667338105059,0.14475744889184483,8
BasketballDrill_832x480_50.yuv,48,HEVC_C,0.15,dither,24.217891693115234,0.1333822235340373,0.2544278529767183,8
PartyScene_832x480_50.yuv,48,HEVC_C,0.15,dither,20.021309703588486,0.11324622793297326,0.15903260009724818,8
RaceHorses_832x480_30.yuv,48,HEVC_C,0.15,dither,26.081224530935287,0.11787907423428286,0.13137001566830264,8
BasketballPass_416x240_50.yuv,48,HEVC_D,0.15,dither,24.217891693115234,0.0750732463167401,0.19217282224030896,2
BlowingBubbles_416x240_50.yuv,48,HEVC_D,0.15,dither,24.217891693115234,0.1246782389139171,0.14235163105384885,2
BQSquare_416x240_60.yuv,48,HEVC_D,0.15,dither,6.03814423084259,0.06261049535641053,0.06397697237848377,2
RaceHorses_416x240_30.yuv,48,HEVC_D,0.15,dither,24.217891693115234,0.11524988619254543,0.16660542740594053,2
Beauty_1920x1080_120fps_420_8bit_YUV.yuv,63,UVG,0.15,dither,39.12455439567566,0.04971021864438808,0.034904276989891514,40
Bosphorus_1920x1080_120fps_420_8bit_YUV.yuv,63,UVG,0.15,dither,29.807890206575394,0.12803713406265324,0.11606506675110495,40
HoneyBee_1920x1080_120fps_420_8bit_YUV.yuv,63,UVG,0.15,dither,25.335891395807263,0.13155954936784542,0.09142361720930126,40
Jockey_1920x1080_120fps_420_8bit_YUV.yuv,63,UVG,0.15,dither,39.12455439567566,0.12844800193775738,0.10434662094489511,40
ReadySteadyGo_1920x1080_120fps_420_8bit_YUV.yuv,63,UVG,0.15,dither,20.021309703588486,0.11252045997603566,0.137787760780121,40
ShakeNDry_1920x1080_120fps_420_8bit_YUV.yuv,63,UVG,0.15,dither,30.925889909267422,0.11844889149607386,0.0832884759246042,40
YachtRide_1920x1080_120fps_420_8bit_YUV.yuv,63,UVG,0.15,dither,24.59055826067924,0.11888519647427548,0.13637265752062433,40
videoSRC01_1920x1080_30.yuv,63,MCL-JCV,0.15,dither,39.12455439567566,0.048019157666552646,0.038557633246547596,40
videoSRC02_1920x1080_30.yuv,63,MCL-JCV,0.15,dither,25.335891395807263,0.14080643022575495,0.11781426194269073,40
videoSRC03_1920x1080_30.yuv,63,MCL-JCV,0.15,dither,25.335891395807263,0.12354611918761435,0.11503566189528414,40
videoSRC04_1920x1080_30.yuv,63,MCL-JCV,0.15,dither,24.96322482824326,0.11776276880584144,0.15673002697187854,40
videoSRC05_1920x1080_25.yuv,63,MCL-JCV,0.15,dither,34.65255558490753,0.11442795726571102,0.17025115843677696,40
videoSRC06_1920x1080_25.yuv,63,MCL-JCV,0.15,dither,39.12455439567566,0.02600667613628087,0.04657304707420451,40
videoSRC07_1920x1080_25.yuv,63,MCL-JCV,0.15,dither,36.515888422727585,0.12816030349799687,0.09589500993122613,40
videoSRC08_1920x1080_25.yuv,63,MCL-JCV,0.15,dither,39.12455439567566,0.056620755820442695,0.06294778181375449,40
videoSRC09_1920x1080_25.yuv,63,MCL-JCV,0.15,dither,32.78922274708748,0.1284096427477964,0.12759556172602515,40
videoSRC10_1920x1080_30.yuv,63,MCL-JCV,0.15,dither,10.93034774065018,0.11297714558782564,0.1203812160932145,40
videoSRC11_1920x1080_30.yuv,63,MCL-JCV,0.15,dither,31.671223044395447,0.11654222062730293,0.1238208529589997,40
videoSRC12_1920x1080_30.yuv,63,MCL-JCV,0.15,dither,14.14609491825104,0.11562782084027115,0.10828665134188498,40
videoSRC13_1920x1080_30.yuv,63,MCL-JCV,0.15,dither,24.59055826067924,0.1139539153694536,0.11670145659663689,40
videoSRC14_1920x1080_30.yuv,63,MCL-JCV,0.15,dither,29.435223639011387,0.1316880623823215,0.11810942052123607,40
videoSRC15_1920x1080_30.yuv,63,MCL-JCV,0.15,dither,32.04388961195945,0.1259196985724798,0.11911826207433052,40
videoSRC16_1920x1080_30.yuv,63,MCL-JCV,0.15,dither,39.12455439567566,0.09882546158323849,0.08549105025943504,40
videoSRC17_1920x1080_24.yuv,63,MCL-JCV,0.15,dither,23.93811956048012,0.13185212078233682,0.08967206507377057,40
videoSRC18_1920x1080_25.yuv,63,MCL-JCV,0.15,dither,24.217891693115234,0.10515630352591168,0.17684029838475368,40
videoSRC19_1920x1080_30.yuv,63,MCL-JCV,0.15,dither,21.140398234128956,0.12361979587166456,0.10692500286442197,40
videoSRC20_1920x1080_25.yuv,63,MCL-JCV,0.15,dither,21.140398234128956,0.12140780180248777,0.163523069659,40
videoSRC21_1920x1080_24.yuv,63,MCL-JCV,0.15,dither,39.12455439567566,0.0874845960927644,0.0774756780036796,40
videoSRC22_1920x1080_24.yuv,63,MCL-JCV,0.15,dither,36.8885549902916,0.12040592719095156,0.12140623650358151,40
videoSRC23_1920x1080_24.yuv,63,MCL-JCV,0.15,dither,32.78922274708748,0.12321886015356448,0.11889786116267231,40
videoSRC24_1920x1080_24.yuv,63,MCL-JCV,0.15,dither,18.902221173048016,0.12039257145138205,0.1960887333443182,40
videoSRC25_1920x1080_24.yuv,63,MCL-JCV,0.15,dither,16.943816244602207,0.12483419576295805,0.1471664692345911,40
videoSRC26_1920x1080_30.yuv,63,MCL-JCV,0.15,dither,23.658347427845005,0.13403756925760676,0.1330336401158405,40
videoSRC27_1920x1080_30.yuv,63,MCL-JCV,0.15,dither,39.12455439567566,0.1062786986069008,0.1142023593718875,40
videoSRC28_1920x1080_30.yuv,63,MCL-JCV,0.15,dither,36.8885549902916,0.13722284913112434,0.11857236988441144,40
videoSRC29_1920x1080_24.yuv,63,MCL-JCV,0.15,dither,39.12455439567566,0.08633133498300372,0.07821291375751116,40
videoSRC30_1920x1080_30.yuv,63,MCL-JCV,0.15,dither,31.671223044395447,0.12604683350901885,0.10870496273723518,40
BQTerrace_1920x1080_60.yuv,63,HEVC_B,0.15,dither,22.81903102993965,0.11362598842139403,0.14374145491560597,40
BasketballDrive_1920x1080_50.yuv,63,HEVC_B,0.15,dither,38.00655469298363,0.11888497443697083,0.16144115722732266,40
Cactus_1920x1080_50.yuv,63,HEVC_B,0.15,dither,34.65255558490753,0.13425120333963808,0.143210004957389,40
Kimono1_1920x1080_24.yuv,63,HEVC_B,0.15,dither,23.93811956048012,0.1305148412680351,0.08867095773680234,40
ParkScene_1920x1080_24.yuv,63,HEVC_B,0.15,dither,14.705639183521269,0.11552801400117413,0.09803292408205522,40
FourPeople_1280x720_60.yuv,63,HEVC_E,0.15,dither,21.233655611673996,0.11998178102234429,0.11662800546677232,15
Johnny_1280x720_60.yuv,63,HEVC_E,0.15,dither,29.186779260635376,0.1273031147165848,0.14615458385507196,15
KristenAndSara_1280x720_60.yuv,63,HEVC_E,0.15,dither,21.233655611673996,0.10638304061326703,0.10128839187168381,15
BQMall_832x480_60.yuv,63,HEVC_C,0.15,dither,21.42017036676407,0.1262630352101993,0.1721404703651359,8
BasketballDrill_832x480_50.yuv,63,HEVC_C,0.15,dither,26.081224530935287,0.13858238201510625,0.3518572120173147,8
PartyScene_832x480_50.yuv,63,HEVC_C,0.15,dither,13.027006387710571,0.08868884571359104,0.1653209001939473,8
RaceHorses_832x480_30.yuv,63,HEVC_C,0.15,dither,17.22358837723732,0.10576936406522046,0.13306672012586063,8
BasketballPass_416x240_50.yuv,63,HEVC_D,0.15,dither,24.217891693115234,0.05968454425276429,0.2914803947614928,2
BlowingBubbles_416x240_50.yuv,63,HEVC_D,0.15,dither,18.622449040412903,0.11685148371743176,0.14822261148793103,2
BQSquare_416x240_60.yuv,63,HEVC_D,0.15,dither,-0.9507179260253906,0.027781405176250804,0.025091122569989466,2
RaceHorses_416x240_30.yuv,63,HEVC_D,0.15,dither,13.027006387710571,0.06745289937434427,0.1341285845092699,2
Beauty_1920x1080_120fps_420_8bit_YUV.yuv,0,UVG,0.15,uniform,39.12455439567566,0.08091148795395814,0.08229179922256691,40
Bosphorus_1920x1080_120fps_420_8bit_YUV.yuv,0,UVG,0.15,uniform,39.12455439567566,0.109843875346532,0.12340274289241648,40
HoneyBee_1920x1080_120fps_420_8bit_YUV.yuv,0,UVG,0.15,uniform,24.217891693115234,0.11033659776279955,0.08409279467835518,40
Jockey_1920x1080_120fps_420_8bit_YUV.yuv,0,UVG,0.15,uniform,24.217891693115234,0.11476669566094706,0.09112637781561261,40
ReadySteadyGo_1920x1080_120fps_420_8bit_YUV.yuv,0,UVG,0.15,uniform,39.12455439567566,0.14633471004031023,0.15624953325017543,40
ShakeNDry_1920x1080_120fps_420_8bit_YUV.yuv,0,UVG,0.15,uniform,39.12455439567566,0.07391442561049448,0.08615749684847174,40
YachtRide_1920x1080_120fps_420_8bit_YUV.yuv,0,UVG,0.15,uniform,39.12455439567566,0.10892885197622486,0.1282077706456306,40
videoSRC01_1920x1080_30.yuv,0,MCL-JCV,0.15,uniform,39.12455439567566,0.11191786889207839,0.11281084095170257,40
videoSRC02_1920x1080_30.yuv,0,MCL-JCV,0.15,uniform,24.217891693115234,0.06348988498488117,0.06400954262869618,40
videoSRC03_1920x1080_30.yuv,0,MCL-JCV,0.15,uniform,39.12455439567566,0.14850820272262996,0.16724756669837149,40
videoSRC04_1920x1080_30.yuv,0,MCL-JCV,0.15,uniform,39.12455439567566,0.022088933433354694,0.04003983538861888,40
videoSRC05_1920x1080_25.yuv,0,MCL-JCV,0.15,uniform,24.217891693115234,0.10001938562772159,0.1039846745996229,40
videoSRC06_1920x1080_25.yuv,0,MCL-JCV,0.15,uniform,39.12455439567566,0.03224088419020011,0.024900584410012527,40
videoSRC07_1920x1080_25.yuv,0,MCL-JCV,0.15,uniform,39.12455439567566,0.11573114557075326,0.10866693196463473,40
videoSRC08_1920x1080_25.yuv,0,MCL-JCV,0.15,uniform,39.12455439567566,0.08800453043344487,0.08874859056497542,40
videoSRC09_1920x1080_25.yuv,0,MCL-JCV,0.15,uniform,39.12455439567566,0.10283143571382153,0.12001661422514331,40
videoSRC10_1920x1080_30.yuv,0,MCL-JCV,0.15,uniform,13.027006387710571,0.10392464901463544,0.11070275081574721,40
videoSRC11_1920x1080_30.yuv,0,MCL-JCV,0.15,uniform,39.12455439567566,0.08271465359720417,0.10288921740490053,40
videoSRC12_1920x1080_30.yuv,0,MCL-JCV,0.15,uniform,39.12455439567566,0.1037568024915999,0.11577506073790644,40
videoSRC13_1920x1080_30.yuv,0,MCL-JCV,0.15,uniform,39.12455439567566,0.055605978859048916,0.10980931904400393,40
videoSRC14_1920x1080_30.yuv,0,MCL-JCV,0.15,uniform,39.12455439567566,0.11677195797407153,0.11992287933583157,40
videoSRC15_1920x1080_30.yuv,0,MCL-JCV,0.15,uniform,39.12455439567566,0.08777389709425759,0.11144647263915886,40
videoSRC16_1920x1080_30.yuv,0,MCL-JCV,0.15,uniform,24.217891693115234,0.0925539526540592,0.07778106758787828,40
videoSRC17_1920x1080_24.yuv,0,MCL-JCV,0.15,uniform,39.12455439567566,0.06855976918494282,0.06612191226552255,40
videoSRC18_1920x1080_25.yuv,0,MCL-JCV,0.15,uniform,39.12455439567566,0.11724686045861205,0.12298658455799938,40
videoSRC19_1920x1080_30.yuv,0,MCL-JCV,0.15,uniform,39.12455439567566,0.0745683624426924,0.0746782533749979,40
videoSRC20_1920x1080_25.yuv,0,MCL-JCV,0.15,uniform,24.217891693115234,0.07638517775460636,0.07190209089827704,40
videoSRC21_1920x1080_24.yuv,0,MCL-JCV,0.15,uniform,39.12455439567566,0.02207029871673177,0.0585511196388282,40
videoSRC22_1920x1080_24.yuv,0,MCL-JCV,0.15,uniform,39.12455439567566,0.09952882662912543,0.10540536077579787,40
videoSRC23_1920x1080_24.yuv,0,MCL-JCV,0.15,uniform,39.12455439567566,0.0968228220381803,0.11403509249188204,40
videoSRC24_1920x1080_24.yuv,0,MCL-JCV,0.15,uniform,24.217891693115234,0.1401957458206325,0.11619898166497222,40
videoSRC25_1920x1080_24.yuv,0,MCL-JCV,0.15,uniform,24.217891693115234,0.06733603608100647,0.06370178001325044,40
videoSRC26_1920x1080_30.yuv,0,MCL-JCV,0.15,uniform,39.12455439567566,0.1311375174981168,0.13059835291463884,40
videoSRC27_1920x1080_30.yuv,0,MCL-JCV,0.15,uniform,39.12455439567566,0.12304989238188797,0.14466394978160935,40
videoSRC28_1920x1080_30.yuv,0,MCL-JCV,0.15,uniform,39.12455439567566,0.08446472309023867,0.12758942859357347,40
videoSRC29_1920x1080_24.yuv,0,MCL-JCV,0.15,uniform,39.12455439567566,0.026554528748609415,0.030472528798817677,40
videoSRC30_1920x1080_30.yuv,0,MCL-JCV,0.15,uniform,39.12455439567566,0.13188763853599522,0.11641022695994252,40
BQTerrace_1920x1080_60.yuv,0,HEVC_B,0.15,uniform,39.12455439567566,0.10258983867521763,0.11971255977277195,40
BasketballDrive_1920x1080_50.yuv,0,HEVC_B,0.15,uniform,24.217891693115234,0.08976407766785696,0.09235136194426019,40
Cactus_1920x1080_50.yuv,0,HEVC_B,0.15,uniform,39.12455439567566,0.1249748055096448,0.12955231067528672,40
Kimono1_1920x1080_24.yuv,0,HEVC_B,0.15,uniform,39.12455439567566,0.060235008562486994,0.05936236147662299,40
ParkScene_1920x1080_24.yuv,0,HEVC_B,0.15,uniform,39.12455439567566,0.045551741504323714,0.048133639677402584,40
FourPeople_1280x720_60.yuv,0,HEVC_E,0.15,uniform,39.12455439567566,0.12948886949966706,0.16060766120427772,15
Johnny_1280x720_60.yuv,0,HEVC_E,0.15,uniform,24.217891693115234,0.08654011488799843,0.10546372569685047,15
KristenAndSara_1280x720_60.yuv,0,HEVC_E,0.15,uniform,24.217891693115234,0.09148109383419359,0.11197038849741148,15
BQMall_832x480_60.yuv,0,HEVC_C,0.15,uniform,39.12455439567566,0.11356606947980527,0.14182263489756153,8
BasketballDrill_832x480_50.yuv,0,HEVC_C,0.15,uniform,24.217891693115234,0.10335360280107819,0.10252797538920788,8
PartyScene_832x480_50.yuv,0,HEVC_C,0.15,uniform,39.12455439567566,0.053026271524124965,0.06948338609807791,8
RaceHorses_832x480_30.yuv,0,HEVC_C,0.15,uniform,39.12455439567566,0.1446766982695335,0.16221749313272937,8
BasketballPass_416x240_50.yuv,0,HEVC_D,0.15,uniform,39.12455439567566,0.09266809287871032,0.09672854304720602,2
BlowingBubbles_416x240_50.yuv,0,HEVC_D,0.15,uniform,39.12455439567566,0.07805770360087562,0.08556953699413583,2
BQSquare_416x240_60.yuv,0,HEVC_D,0.15,uniform,39.12455439567566,0.08217431314399251,0.10199766528313603,2
RaceHorses_416x240_30.yuv,0,HEVC_D,0.15,uniform,24.217891693115234,0.07025170355835336,0.07058508127508745,2
Beauty_1920x1080_120fps_420_8bit_YUV.yuv,16,UVG,0.15,uniform,39.12455439567566,0.04401150336257254,0.04814296022141917,40
Bosphorus_1920x1080_120fps_420_8bit_YUV.yuv,16,UVG,0.15,uniform,39.12455439567566,0.12934723913555551,0.14363374414060814,40
HoneyBee_1920x1080_120fps_420_8bit_YUV.yuv,16,UVG,0.15,uniform,24.217891693115234,0.13146289760176783,0.08905582922960775,40
Jockey_1920x1080_120fps_420_8bit_YUV.yuv,16,UVG,0.15,uniform,24.217891693115234,0.09365387183759091,0.07590261830161182,40
ReadySteadyGo_1920x1080_120fps_420_8bit_YUV.yuv,16,UVG,0.15,uniform,24.217891693115234,0.10919331745237029,0.11321143118227894,40
ShakeNDry_1920x1080_120fps_420_8bit_YUV.yuv,16,UVG,0.15,uniform,39.12455439567566,0.05927740339012894,0.06188958735465633,40
YachtRide_1920x1080_120fps_420_8bit_YUV.yuv,16,UVG,0.15,uniform,24.217891693115234,0.08101564539428903,0.09531874673977114,40
videoSRC01_1920x1080_30.yuv,16,MCL-JCV,0.15,uniform,39.12455439567566,0.0955428316105992,0.0967970859865801,40
videoSRC02_1920x1080_30.yuv,16,MCL-JCV,0.15,uniform,24.217891693115234,0.10560457542765063,0.09813193438890977,40
videoSRC03_1920x1080_30.yuv,16,MCL-JCV,0.15,uniform,24.217891693115234,0.08428177578002749,0.09237917841326748,40
videoSRC04_1920x1080_30.yuv,16,MCL-JCV,0.15,uniform,39.12455439567566,0.05703442659334555,0.07394946548483006,40
videoSRC05_1920x1080_25.yuv,16,MCL-JCV,0.15,uniform,24.217891693115234,0.08931573759257934,0.1020958352039898,40
videoSRC06_1920x1080_25.yuv,16,MCL-JCV,0.15,uniform,39.12455439567566,0.04308834139587414,0.033973665926467334,40
videoSRC07_1920x1080_25.yuv,16,MCL-JCV,0.15,uniform,39.12455439567566,0.1408576793643172,0.11538346439240144,40
videoSRC08_1920x1080_25.yuv,16,MCL-JCV,0.15,uniform,39.12455439567566,0.07643486500737173,0.08059076617725935,40
videoSRC09_1920x1080_25.yuv,16,MCL-JCV,0.15,uniform,24.217891693115234,0.06984431605283642,0.07546942514115784,40
videoSRC10_1920x1080_30.yuv,16,MCL-JCV,0.15,uniform,13.027006387710571,0.12424728422297823,0.12173065679935746,40
videoSRC11_1920x1080_30.yuv,16,MCL-JCV,0.15,uniform,39.12455439567566,0.10199983339759855,0.13507317275183794,40
videoSRC12_1920x1080_30.yuv,16,MCL-JCV,0.15,uniform,39.12455439567566,0.1280185153159816,0.15380380110630654,40
videoSRC13_1920x1080_30.yuv,16,MCL-JCV,0.15,uniform,39.12455439567566,0.1270353262993276,0.25137172464157587,40
videoSRC14_1920x1080_30.yuv,16,MCL-JCV,0.15,uniform,24.217891693115234,0.08316453739189039,0.08179578700580237,40
videoSRC15_1920x1080_30.yuv,16,MCL-JCV,0.15,uniform,39.12455439567566,0.1051254640862436,0.1286184642185475,40
videoSRC16_1920x1080_30.yuv,16,MCL-JCV,0.15,uniform,39.12455439567566,0.1259793504189927,0.11515760408676101,40
videoSRC17_1920x1080_24.yuv,16,MCL-JCV,0.15,uniform,39.12455439567566,0.08941793980308829,0.08155845898273384,40
videoSRC18_1920x1080_25.yuv,16,MCL-JCV,0.15,uniform,39.12455439567566,0.12902197126214227,0.1443929384378535,40
videoSRC19_1920x1080_30.yuv,16,MCL-JCV,0.15,uniform,39.12455439567566,0.11513920041085185,0.1342407240236696,40
videoSRC20_1920x1080_25.yuv,16,MCL-JCV,0.15,uniform,24.217891693115234,0.07235343605926038,0.07030252640579704,40
videoSRC21_1920x1080_24.yuv,16,MCL-JCV,0.15,uniform,39.12455439567566,0.07775652486078233,0.08881954437627826,40
videoSRC22_1920x1080_24.yuv,16,MCL-JCV,0.15,uniform,39.12455439567566,0.12836554675007456,0.12868551140512352,40
videoSRC23_1920x1080_24.yuv,16,MCL-JCV,0.15,uniform,39.12455439567566,0.11460867223512847,0.1390036036728972,40
videoSRC24_1920x1080_24.yuv,16,MCL-JCV,0.15,uniform,24.217891693115234,0.13991696426505332,0.12222767105711085,40
videoSRC25_1920x1080_24.yuv,16,MCL-JCV,0.15,uniform,24.217891693115234,0.08001388382058024,0.07580992580095369,40
videoSRC26_1920x1080_30.yuv,16,MCL-JCV,0.15,uniform,24.217891693115234,0.09089350901805435,0.08783311390595117,40
videoSRC27_1920x1080_30.yuv,16,MCL-JCV,0.15,uniform,39.12455439567566,0.09217700764258546,0.11184854147147405,40
videoSRC28_1920x1080_30.yuv,16,MCL-JCV,0.15,uniform,39.12455439567566,0.08676719373508426,0.1161054615494308,40
videoSRC29_1920x1080_24.yuv,16,MCL-JCV,0.15,uniform,39.12455439567566,0.09076679545469563,0.09173275445789386,40
videoSRC30_1920x1080_30.yuv,16,MCL-JCV,0.15,uniform,39.12455439567566,0.12022135442972011,0.10071298419266839,40
BQTerrace_1920x1080_60.yuv,16,HEVC_B,0.15,uniform,24.217891693115234,0.08256867337985875,0.10225902713582613,40
BasketballDrive_1920x1080_50.yuv,16,HEVC_B,0.15,uniform,24.217891693115234,0.08474626283277042,0.09180076546860505,40
Cactus_1920x1080_50.yuv,16,HEVC_B,0.15,uniform,24.217891693115234,0.07578496715491394,0.07620276196087872,40
Kimono1_1920x1080_24.yuv,16,HEVC_B,0.15,uniform,39.12455439567566,0.08508390971480453,0.07747948910005675,40
ParkScene_1920x1080_24.yuv,16,HEVC_B,0.15,uniform,39.12455439567566,0.06295734489718163,0.06563188507305995,40
FourPeople_1280x720_60.yuv,16,HEVC_E,0.15,uniform,24.217891693115234,0.08799525498330821,0.10247908187841404,15
Johnny_1280x720_60.yuv,16,HEVC_E,0.15,uniform,24.217891693115234,0.10419548651468087,0.1268430998410679,15
KristenAndSara_1280x720_60.yuv,16,HEVC_E,0.15,uniform,24.217891693115234,0.13168510095437297,0.1490402221498215,15
BQMall_832x480_60.yuv,16,HEVC_C,0.15,uniform,24.217891693115234,0.07559753094333355,0.08785065899437683,8
BasketballDrill_832x480_50.yuv,16,HEVC_C,0.15,uniform,24.217891693115234,0.131629724572429,0.15953716068429458,8
PartyScene_832x480_50.yuv,16,HEVC_C,0.15,uniform,39.12455439567566,0.124002394997502,0.14716509889356644,8
RaceHorses_832x480_30.yuv,16,HEVC_C,0.15,uniform,24.217891693115234,0.060649624985551154,0.07140986960213525,8
BasketballPass_416x240_50.yuv,16,HEVC_D,0.15,uniform,24.217891693115234,0.09049302590016864,0.09821154142103694,2
BlowingBubbles_416x240_50.yuv,16,HEVC_D,0.15,uniform,24.217891693115234,0.0530221751996572,0.05648950151355692,2
BQSquare_416x240_60.yuv,16,HEVC_D,0.15,uniform,24.217891693115234,0.10071575675020399,0.11083816912648103,2
RaceHorses_416x240_30.yuv,16,HEVC_D,0.15,uniform,24.217891693115234,0.07874573144949341,0.08647866851997676,2
Beauty_1920x1080_120fps_420_8bit_YUV.yuv,32,UVG,0.15,uniform,39.12455439567566,0.0400058145020213,0.04200414018367127,40
Bosphorus_1920x1080_120fps_420_8bit_YUV.yuv,32,UVG,0.15,uniform,24.217891693115234,0.060064702603946876,0.06506873397695045,40
HoneyBee_1920x1080_120fps_420_8bit_YUV.yuv,32,UVG,0.15,uniform,24.217891693115234,0.13112853330175334,0.08501010239604767,40
Jockey_1920x1080_120fps_420_8bit_YUV.yuv,32,UVG,0.15,uniform,24.217891693115234,0.07577682330514653,0.05978227183680218,40
ReadySteadyGo_1920x1080_120fps_420_8bit_YUV.yuv,32,UVG,0.15,uniform,24.217891693115234,0.13169930926613813,0.13112463604369395,40
ShakeNDry_1920x1080_120fps_420_8bit_YUV.yuv,32,UVG,0.15,uniform,39.12455439567566,0.08612350455037125,0.07759334076061464,40
YachtRide_1920x1080_120fps_420_8bit_YUV.yuv,32,UVG,0.15,uniform,24.217891693115234,0.10751831836759757,0.11750875376239378,40
videoSRC01_1920x1080_30.yuv,32,MCL-JCV,0.15,uniform,39.12455439567566,0.08936327909913269,0.08545393647829513,40
videoSRC02_1920x1080_30.yuv,32,MCL-JCV,0.15,uniform,24.217891693115234,0.1413960959533151,0.12261276059518167,40
videoSRC03_1920x1080_30.yuv,32,MCL-JCV,0.15,uniform,24.217891693115234,0.10450504611498784,0.10732795952620933,40
videoSRC04_1920x1080_30.yuv,32,MCL-JCV,0.15,uniform,39.12455439567566,0.10308853791622864,0.13002850258173737,40
videoSRC05_1920x1080_25.yuv,32,MCL-JCV,0.15,uniform,24.217891693115234,0.0819378559587064,0.10125831249231965,40
videoSRC06_1920x1080_25.yuv,32,MCL-JCV,0.15,uniform,39.12455439567566,0.016515877994750083,0.012836248730160094,40
videoSRC07_1920x1080_25.yuv,32,MCL-JCV,0.15,uniform,24.217891693115234,0.06804572200043355,0.05122146643333991,40
videoSRC08_1920x1080_25.yuv,32,MCL-JCV,0.15,uniform,39.12455439567566,0.0765152557384441,0.07637612332327848,40
videoSRC09_1920x1080_25.yuv,32,MCL-JCV,0.15,uniform,24.217891693115234,0.09198456479644548,0.09248109640224556,40
videoSRC10_1920x1080_30.yuv,32,MCL-JCV,0.15,uniform,13.027006387710571,0.12895174978839571,0.13056769168569815,40
videoSRC11_1920x1080_30.yuv,32,MCL-JCV,0.15,uniform,39.12455439567566,0.10686073833733585,0.14732839726728741,40
videoSRC12_1920x1080_30.yuv,32,MCL-JCV,0.15,uniform,24.217891693115234,0.09342835896227189,0.11403167924627411,40
videoSRC13_1920x1080_30.yuv,32,MCL-JCV,0.15,uniform,24.217891693115234,0.09906582648322354,0.15269606163983696,40
videoSRC14_1920x1080_30.yuv,32,MCL-JCV,0.15,uniform,24.217891693115234,0.10292573125215677,0.096233051856224,40
videoSRC15_1920x1080_30.yuv,32,MCL-JCV,0.15,uniform,39.12455439567566,0.1330629459432975,0.14848467887613026,40
videoSRC16_1920x1080_30.yuv,32,MCL-JCV,0.15,uniform,39.12455439567566,0.1070870906070711,0.09854007646901408,40
videoSRC17_1920x1080_24.yuv,32,MCL-JCV,0.15,uniform,24.217891693115234,0.08915147927150194,0.06566676602578525,40
videoSRC18_1920x1080_25.yuv,32,MCL-JCV,0.15,uniform,24.217891693115234,0.08680630151137428,0.09915081076240284,40
videoSRC19_1920x1080_30.yuv,32,MCL-JCV,0.15,uniform,24.217891693115234,0.07932227418556585,0.08602964262239965,40
videoSRC20_1920x1080_25.yuv,32,MCL-JCV,0.15,uniform,24.217891693115234,0.08461831603091505,0.08529478508276611,40
videoSRC21_1920x1080_24.yuv,32,MCL-JCV,0.15,uniform,24.217891693115234,0.10846278564474814,0.08510790241467703,40
videoSRC22_1920x1080_24.yuv,32,MCL-JCV,0.15,uniform,24.217891693115234,0.07356507265468916,0.07982042698090908,40
videoSRC23_1920x1080_24.yuv,32,MCL-JCV,0.15,uniform,24.217891693115234,0.06704094447636236,0.07752438245352522,40
videoSRC24_1920x1080_24.yuv,32,MCL-JCV,0.15,uniform,13.027006387710571,0.10402832483872236,0.09641832751378132,40
videoSRC25_1920x1080_24.yuv,32,MCL-JCV,0.15,uniform,24.217891693115234,0.10809972775607699,0.1065017903504355,40
videoSRC26_1920x1080_30.yuv,32,MCL-JCV,0.15,uniform,24.217891693115234,0.12906700701823767,0.11912281220195808,40
videoSRC27_1920x1080_30.yuv,32,MCL-JCV,0.15,uniform,39.12455439567566,0.08186335384563105,0.10171609181512764,40
videoSRC28_1920x1080_30.yuv,32,MCL-JCV,0.15,uniform,39.12455439567566,0.09638940909628782,0.1128571306424675,40
videoSRC29_1920x1080_24.yuv,32,MCL-JCV,0.15,uniform,24.217891693115234,0.0997927881417434,0.08941462943522538,40
videoSRC30_1920x1080_30.yuv,32,MCL-JCV,0.15,uniform,39.12455439567566,0.12211880840911424,0.10125783354210682,40
BQTerrace_1920x1080_60.yuv,32,HEVC_B,0.15,uniform,24.217891693115234,0.09515835538179086,0.1199707764793132,40
BasketballDrive_1920x1080_50.yuv,32,HEVC_B,0.15,uniform,24.217891693115234,0.07884446982371457,0.090171400273789,40
Cactus_1920x1080_50.yuv,32,HEVC_B,0.15,uniform,24.217891693115234,0.07922762230793595,0.08096890682757163,40
Kimono1_1920x1080_24.yuv,32,HEVC_B,0.15,uniform,24.217891693115234,0.08345124038004675,0.06256048389504798,40
ParkScene_1920x1080_24.yuv,32,HEVC_B,0.15,uniform,24.217891693115234,0.07178278844479999,0.06657222719288569,40
FourPeople_1280x720_60.yuv,32,HEVC_E,0.15,uniform,24.217891693115234,0.13136505915373595,0.13952568222695305,15
Johnny_1280x720_60.yuv,32,HEVC_E,0.15,uniform,24.217891693115234,0.13829075734619284,0.15033333664761983,15
KristenAndSara_1280x720_60.yuv,32,HEVC_E,0.15,uniform,13.027006387710571,0.0922929004026469,0.09089508310156447,15
BQMall_832x480_60.yuv,32,HEVC_C,0.15,uniform,24.217891693115234,0.09125389653739444,0.10486460322469071,8
BasketballDrill_832x480_50.yuv,32,HEVC_C,0.15,uniform,24.217891693115234,0.15660101276816618,0.21832471351168437,8
PartyScene_832x480_50.yuv,32,HEVC_C,0.15,uniform,24.217891693115234,0.10154754872083804,0.12345997350379889,8
RaceHorses_832x480_30.yuv,32,HEVC_C,0.15,uniform,24.217891693115234,0.09046722782417654,0.09753608687754678,8
BasketballPass_416x240_50.yuv,32,HEVC_D,0.15,uniform,24.217891693115234,0.06475067665285648,0.1295813668072796,2
BlowingBubbles_416x240_50.yuv,32,HEVC_D,0.15,uniform,24.217891693115234,0.0792818880260383,0.08718929110337825,2
BQSquare_416x240_60.yuv,32,HEVC_D,0.15,uniform,13.027006387710571,0.09441104682626185,0.09547404809570992,2
RaceHorses_416x240_30.yuv,32,HEVC_D,0.15,uniform,24.217891693115234,0.08997605340820897,0.11762004597301257,2
Beauty_1920x1080_120fps_420_8bit_YUV.yuv,48,UVG,0.15,uniform,39.12455439567566,0.03478144700684083,0.02987801027607162,40
Bosphorus_1920x1080_120fps_420_8bit_YUV.yuv,48,UVG,0.15,uniform,24.217891693115234,0.07700473912690416,0.07899549555956042,40
HoneyBee_1920x1080_120fps_420_8bit_YUV.yuv,48,UVG,0.15,uniform,24.217891693115234,0.12696804816542495,0.08306255166694854,40
Jockey_1920x1080_120fps_420_8bit_YUV.yuv,48,UVG,0.15,uniform,24.217891693115234,0.06996416555733477,0.057745042933831314,40
ReadySteadyGo_1920x1080_120fps_420_8bit_YUV.yuv,48,UVG,0.15,uniform,13.027006387710571,0.08080410558536812,0.08562377742844518,40
ShakeNDry_1920x1080_120fps_420_8bit_YUV.yuv,48,UVG,0.15,uniform,24.217891693115234,0.06117469864829668,0.05194258655398443,40
YachtRide_1920x1080_120fps_420_8bit_YUV.yuv,48,UVG,0.15,uniform,13.027006387710571,0.06708147491206248,0.08007712389103006,40
videoSRC01_1920x1080_30.yuv,48,MCL-JCV,0.15,uniform,39.12455439567566,0.06494298778826539,0.05510294382702341,40
videoSRC02_1920x1080_30.yuv,48,MCL-JCV,0.15,uniform,13.027006387710571,0.08284120354148077,0.07233907213928603,40
videoSRC03_1920x1080_30.yuv,48,MCL-JCV,0.15,uniform,24.217891693115234,0.11643195900921871,0.1071063151554199,40
videoSRC04_1920x1080_30.yuv,48,MCL-JCV,0.15,uniform,24.217891693115234,0.0618341093461416,0.08518190932299063,40
videoSRC05_1920x1080_25.yuv,48,MCL-JCV,0.15,uniform,24.217891693115234,0.0721840276048214,0.0997026655204678,40
videoSRC06_1920x1080_25.yuv,48,MCL-JCV,0.15,uniform,39.12455439567566,0.008601664437650479,0.00688037243234163,40
videoSRC07_1920x1080_25.yuv,48,MCL-JCV,0.15,uniform,24.217891693115234,0.06456393956617579,0.04856174696435289,40
videoSRC08_1920x1080_25.yuv,48,MCL-JCV,0.15,uniform,39.12455439567566,0.06442195265288003,0.06767704727700163,40
videoSRC09_1920x1080_25.yuv,48,MCL-JCV,0.15,uniform,24.217891693115234,0.09454258027806722,0.09602235279821514,40
videoSRC10_1920x1080_30.yuv,48,MCL-JCV,0.15,uniform,13.027006387710571,0.11744690689527784,0.12321025296890298,40
videoSRC11_1920x1080_30.yuv,48,MCL-JCV,0.15,uniform,39.12455439567566,0.11561663190527952,0.14508602443160612,40
videoSRC12_1920x1080_30.yuv,48,MCL-JCV,0.15,uniform,24.217891693115234,0.1296665286337687,0.1371362146519175,40
videoSRC13_1920x1080_30.yuv,48,MCL-JCV,0.15,uniform,24.217891693115234,0.1052768423352331,0.12376818943107537,40
videoSRC14_1920x1080_30.yuv,48,MCL-JCV,0.15,uniform,24.217891693115234,0.10224362311993507,0.09207486234812734,40
videoSRC15_1920x1080_30.yuv,48,MCL-JCV,0.15,uniform,24.217891693115234,0.06649145224924966,0.06830726888873784,40
videoSRC16_1920x1080_30.yuv,48,MCL-JCV,0.15,uniform,39.12455439567566,0.1099939631085734,0.09498978551739157,40
videoSRC17_1920x1080_24.yuv,48,MCL-JCV,0.15,uniform,24.217891693115234,0.12498825184866225,0.08149483808504243,40
videoSRC18_1920x1080_25.yuv,48,MCL-JCV,0.15,uniform,24.217891693115234,0.09866903369683461,0.13402793492655718,40
videoSRC19_1920x1080_30.yuv,48,MCL-JCV,0.15,uniform,24.217891693115234,0.10715697108305874,0.10087018448900409,40
videoSRC20_1920x1080_25.yuv,48,MCL-JCV,0.15,uniform,24.217891693115234,0.10622288248811412,0.11570306048533041,40
videoSRC21_1920x1080_24.yuv,48,MCL-JCV,0.15,uniform,24.217891693115234,0.08759882017032428,0.06425532581709348,40
videoSRC22_1920x1080_24.yuv,48,MCL-JCV,0.15,uniform,24.217891693115234,0.07436955845989095,0.0761234782298601,40
videoSRC23_1920x1080_24.yuv,48,MCL-JCV,0.15,uniform,24.217891693115234,0.07275058799388595,0.07383579601415846,40
videoSRC24_1920x1080_24.yuv,48,MCL-JCV,0.15,uniform,13.027006387710571,0.10199232260354638,0.1303024583560628,40
videoSRC25_1920x1080_24.yuv,48,MCL-JCV,0.15,uniform,13.027006387710571,0.09887027549005636,0.10194600861979808,40
videoSRC26_1920x1080_30.yuv,48,MCL-JCV,0.15,uniform,13.027006387710571,0.07602604194543786,0.07569800393642367,40
videoSRC27_1920x1080_30.yuv,48,MCL-JCV,0.15,uniform,39.12455439567566,0.09148112216841649,0.10653263897238219,40
videoSRC28_1920x1080_30.yuv,48,MCL-JCV,0.15,uniform,39.12455439567566,0.12335416329637994,0.12060253671484844,40
videoSRC29_1920x1080_24.yuv,48,MCL-JCV,0.15,uniform,39.12455439567566,0.1290049002369896,0.11841690896419266,40
videoSRC30_1920x1080_30.yuv,48,MCL-JCV,0.15,uniform,24.217891693115234,0.06326187759806745,0.05720826130658452,40
BQTerrace_1920x1080_60.yuv,48,HEVC_B,0.15,uniform,24.217891693115234,0.09699243381422322,0.12588799263320993,40
BasketballDrive_1920x1080_50.yuv,48,HEVC_B,0.15,uniform,24.217891693115234,0.06329554681306171,0.08023123922957609,40
Cactus_1920x1080_50.yuv,48,HEVC_B,0.15,uniform,24.217891693115234,0.0779332154424956,0.08747156010286972,40
Kimono1_1920x1080_24.yuv,48,HEVC_B,0.15,uniform,24.217891693115234,0.12414762312037315,0.0813156391185359,40
ParkScene_1920x1080_24.yuv,48,HEVC_B,0.15,uniform,13.027006387710571,0.06561730111992284,0.05889412155394069,40
FourPeople_1280x720_60.yuv,48,HEVC_E,0.15,uniform,13.027006387710571,0.09489961264423821,0.0885832409555718,15
Johnny_1280x720_60.yuv,48,HEVC_E,0.15,uniform,24.217891693115234,0.1141884069488481,0.1229906648506045,15
KristenAndSara_1280x720_60.yuv,48,HEVC_E,0.15,uniform,24.217891693115234,0.1274131731044153,0.12531523829149194,15
BQMall_832x480_60.yuv,48,HEVC_C,0.15,uniform,24.217891693115234,0.11792667338105059,0.14475744889184483,8
BasketballDrill_832x480_50.yuv,48,HEVC_C,0.15,uniform,24.217891693115234,0.1333822235340373,0.2544278529767183,8
PartyScene_832x480_50.yuv,48,HEVC_C,0.15,uniform,13.027006387710571,0.07279306770049518,0.1102617490551765,8
RaceHorses_832x480_30.yuv,48,HEVC_C,0.15,uniform,24.217891693115234,0.11122711996759037,0.12430610783043505,8
BasketballPass_416x240_50.yuv,48,HEVC_D,0.15,uniform,24.217891693115234,0.0750732463167401,0.19217282224030896,2
BlowingBubbles_416x240_50.yuv,48,HEVC_D,0.15,uniform,24.217891693115234,0.1246782389139171,0.14235163105384885,2
BQSquare_416x240_60.yuv,48,HEVC_D,0.15,uniform,-0.9507179260253906,0.02182752178318757,0.0222554187068269,2
RaceHorses_416x240_30.yuv,48,HEVC_D,0.15,uniform,24.217891693115234,0.11524988619254543,0.16660542740594053,2
Beauty_1920x1080_120fps_420_8bit_YUV.yuv,63,UVG,0.15,uniform,39.12455439567566,0.04971021864438808,0.034904276989891514,40
Bosphorus_1920x1080_120fps_420_8bit_YUV.yuv,63,UVG,0.15,uniform,24.217891693115234,0.08324276222942775,0.08320762637666235,40
HoneyBee_1920x1080_120fps_420_8bit_YUV.yuv,63,UVG,0.15,uniform,24.217891693115234,0.11628540926369361,0.08080100400251666,40
Jockey_1920x1080_120fps_420_8bit_YUV.yuv,63,UVG,0.15,uniform,39.12455439567566,0.12844800193775738,0.10434662094489511,40
ReadySteadyGo_1920x1080_120fps_420_8bit_YUV.yuv,63,UVG,0.15,uniform,13.027006387710571,0.060053932321627784,0.09404424629855868,40
ShakeNDry_1920x1080_120fps_420_8bit_YUV.yuv,63,UVG,0.15,uniform,24.217891693115234,0.08186824372443768,0.05885321622513118,40
YachtRide_1920x1080_120fps_420_8bit_YUV.yuv,63,UVG,0.15,uniform,24.217891693115234,0.11517173909819865,0.13280093954164585,40
videoSRC01_1920x1080_30.yuv,63,MCL-JCV,0.15,uniform,39.12455439567566,0.048019157666552646,0.038557633246547596,40
videoSRC02_1920x1080_30.yuv,63,MCL-JCV,0.15,uniform,24.217891693115234,0.12368976091974887,0.1049585365601331,40
videoSRC03_1920x1080_30.yuv,63,MCL-JCV,0.15,uniform,24.217891693115234,0.119557250854684,0.11084527662749366,40
videoSRC04_1920x1080_30.yuv,63,MCL-JCV,0.15,uniform,24.217891693115234,0.11511803778243884,0.15446132859446493,40
videoSRC05_1920x1080_25.yuv,63,MCL-JCV,0.15,uniform,24.217891693115234,0.0495023237474004,0.09097231865020206,40
videoSRC06_1920x1080_25.yuv,63,MCL-JCV,0.15,uniform,39.12455439567566,0.02600667613628087,0.04657304707420451,40
videoSRC07_1920x1080_25.yuv,63,MCL-JCV,0.15,uniform,24.217891693115234,0.0648836902841948,0.05278260632422871,40
videoSRC08_1920x1080_25.yuv,63,MCL-JCV,0.15,uniform,39.12455439567566,0.056620755820442695,0.06294778181375449,40
videoSRC09_1920x1080_25.yuv,63,MCL-JCV,0.15,uniform,24.217891693115234,0.07372517457062273,0.07630357111964514,40
videoSRC10_1920x1080_30.yuv,63,MCL-JCV,0.15,uniform,-0.9507179260253906,0.04739388775066925,0.055693971665824904,40
videoSRC11_1920x1080_30.yuv,63,MCL-JCV,0.15,uniform,24.217891693115234,0.06925205357216664,0.07060668727275043,40
videoSRC12_1920x1080_30.yuv,63,MCL-JCV,0.15,uniform,13.027006387710571,0.10302922646117056,0.09588052200022901,40
videoSRC13_1920x1080_30.yuv,63,MCL-JCV,0.15,uniform,24.217891693115234,0.10761462798662333,0.11053240008482845,40
videoSRC14_1920x1080_30.yuv,63,MCL-JCV,0.15,uniform,24.217891693115234,0.09451405319524105,0.08588013428838082,40
videoSRC15_1920x1080_30.yuv,63,MCL-JCV,0.15,uniform,24.217891693115234,0.08039228758157581,0.07755467941270666,40
videoSRC16_1920x1080_30.yuv,63,MCL-JCV,0.15,uniform,39.12455439567566,0.09882546158323849,0.08549105025943504,40
videoSRC17_1920x1080_24.yuv,63,MCL-JCV,0.15,uniform,13.027006387710571,0.06240406835273901,0.04593618097316465,40
videoSRC18_1920x1080_25.yuv,63,MCL-JCV,0.15,uniform,24.217891693115234,0.10515630352591168,0.17684029838475368,40
videoSRC19_1920x1080_30.yuv,63,MCL-JCV,0.15,uniform,13.027006387710571,0.06567728026719304,0.05924019856030327,40
videoSRC20_1920x1080_25.yuv,63,MCL-JCV,0.15,uniform,13.027006387710571,0.0721761529480011,0.11831010930695385,40
videoSRC21_1920x1080_24.yuv,63,MCL-JCV,0.15,uniform,39.12455439567566,0.0874845960927644,0.0774756780036796,40
videoSRC22_1920x1080_24.yuv,63,MCL-JCV,0.15,uniform,24.217891693115234,0.061743155572275915,0.06030877231857801,40
videoSRC23_1920x1080_24.yuv,63,MCL-JCV,0.15,uniform,24.217891693115234,0.07254212862216661,0.06813091981617703,40
videoSRC24_1920x1080_24.yuv,63,MCL-JCV,0.15,uniform,13.027006387710571,0.08086937294586204,0.15832719513041127,40
videoSRC25_1920x1080_24.yuv,63,MCL-JCV,0.15,uniform,13.027006387710571,0.10560017256224644,0.12772848749268206,40
videoSRC26_1920x1080_30.yuv,63,MCL-JCV,0.15,uniform,13.027006387710571,0.06542604601902687,0.08031769626894913,40
videoSRC27_1920x1080_30.yuv,63,MCL-JCV,0.15,uniform,39.12455439567566,0.1062786986069008,0.1142023593718875,40
videoSRC28_1920x1080_30.yuv,63,MCL-JCV,0.15,uniform,24.217891693115234,0.0824791784396371,0.06732462765689462,40
videoSRC29_1920x1080_24.yuv,63,MCL-JCV,0.15,uniform,39.12455439567566,0.08633133498300372,0.07821291375751116,40
videoSRC30_1920x1080_30.yuv,63,MCL-JCV,0.15,uniform,24.217891693115234,0.0766864354024059,0.06995951955448021,40
BQTerrace_1920x1080_60.yuv,63,HEVC_B,0.15,uniform,13.027006387710571,0.058137948568047715,0.08413906501836266,40
BasketballDrive_1920x1080_50.yuv,63,HEVC_B,0.15,uniform,24.217891693115234,0.0392738428660195,0.06796431022831939,40
Cactus_1920x1080_50.yuv,63,HEVC_B,0.15,uniform,24.217891693115234,0.0677403219319837,0.08367160124014816,40
Kimono1_1920x1080_24.yuv,63,HEVC_B,0.15,uniform,13.027006387710571,0.059877301392983195,0.04468415629778377,40
ParkScene_1920x1080_24.yuv,63,HEVC_B,0.15,uniform,13.027006387710571,0.09267332250323226,0.08188730694863722,40
FourPeople_1280x720_60.yuv,63,HEVC_E,0.15,uniform,13.027006387710571,0.09000547591377854,0.08306964665644756,15
Johnny_1280x720_60.yuv,63,HEVC_E,0.15,uniform,24.217891693115234,0.08738229329131592,0.10273499681563436,15
KristenAndSara_1280x720_60.yuv,63,HEVC_E,0.15,uniform,13.027006387710571,0.09282465982999656,0.08514007507831423,15
BQMall_832x480_60.yuv,63,HEVC_C,0.15,uniform,13.027006387710571,0.07490315527719198,0.10581230060317637,8
BasketballDrill_832x480_50.yuv,63,HEVC_C,0.15,uniform,24.217891693115234,0.11855044317402255,0.3261943353323318,8
PartyScene_832x480_50.yuv,63,HEVC_C,0.15,uniform,13.027006387710571,0.08868884571359104,0.1653209001939473,8
RaceHorses_832x480_30.yuv,63,HEVC_C,0.15,uniform,13.027006387710571,0.09054942284733276,0.11278502876388785,8
BasketballPass_416x240_50.yuv,63,HEVC_D,0.15,uniform,24.217891693115234,0.05968454425276429,0.2914803947614928,2
BlowingBubbles_416x240_50.yuv,63,HEVC_D,0.15,uniform,13.027006387710571,0.06547583646770232,0.09844248764682106,2
BQSquare_416x240_60.yuv,63,HEVC_D,0.15,uniform,-0.9507179260253906,0.027781405176250804,0.025091122569989466,2
RaceHorses_416x240_30.yuv,63,HEVC_D,0.15,uniform,13.027006387710571,0.06745289937434427,0.1341285845092699,2
Beauty_1920x1080_120fps_420_8bit_YUV.yuv,0,UVG,0.2,oracle,39.12455439567566,0.08091148795395814,0.08229179922256691,40
Bosphorus_1920x1080_120fps_420_8bit_YUV.yuv,0,UVG,0.2,oracle,39.12455439567566,0.109843875346532,0.12340274289241648,40
HoneyBee_1920x1080_120fps_420_8bit_YUV.yuv,0,UVG,0.2,oracle,34.65255558490753,0.1801020117215726,0.13796987497092772,40
Jockey_1920x1080_120fps_420_8bit_YUV.yuv,0,UVG,0.2,oracle,38.37922126054764,0.2053921245254696,0.17282728790871715,40
ReadySteadyGo_1920x1080_120fps_420_8bit_YUV.yuv,0,UVG,0.2,oracle,39.12455439567566,0.14633471004031023,0.15624953325017543,40
ShakeNDry_1920x1080_120fps_420_8bit_YUV.yuv,0,UVG,0.2,oracle,39.12455439567566,0.07391442561049448,0.08615749684847174,40
YachtRide_1920x1080_120fps_420_8bit_YUV.yuv,0,UVG,0.2,oracle,39.12455439567566,0.10892885197622486,0.1282077706456306,40
videoSRC01_1920x1080_30.yuv,0,MCL-JCV,0.2,oracle,39.12455439567566,0.11191786889207839,0.11281084095170257,40
videoSRC02_1920x1080_30.yuv,0,MCL-JCV,0.2,oracle,39.12455439567566,0.17464680060032226,0.1768422608582796,40
videoSRC03_1920x1080_30.yuv,0,MCL-JCV,0.2,oracle,39.12455439567566,0.14850820272262996,0.16724756669837149,40
videoSRC04_1920x1080_30.yuv,0,MCL-JCV,0.2,oracle,39.12455439567566,0.022088933433354694,0.04003983538861888,40
videoSRC05_1920x1080_25.yuv,0,MCL-JCV,0.2,oracle,39.12455439567566,0.19813605448558747,0.20905489733496552,40
videoSRC06_1920x1080_25.yuv,0,MCL-JCV,0.2,oracle,39.12455439567566,0.03224088419020011,0.024900584410012527,40
videoSRC07_1920x1080_25.yuv,0,MCL-JCV,0.2,oracle,39.12455439567566,0.11573114557075326,0.10866693196463473,40
videoSRC08_1920x1080_25.yuv,0,MCL-JCV,0.2,oracle,39.12455439567566,0.08800453043344487,0.08874859056497542,40
videoSRC09_1920x1080_25.yuv,0,MCL-JCV,0.2,oracle,39.12455439567566,0.10283143571382153,0.12001661422514331,40
videoSRC10_1920x1080_30.yuv,0,MCL-JCV,0.2,oracle,34.86156791448594,0.19867805934479785,0.22726067046924925,40
videoSRC11_1920x1080_30.yuv,0,MCL-JCV,0.2,oracle,39.12455439567566,0.08271465359720417,0.10288921740490053,40
videoSRC12_1920x1080_30.yuv,0,MCL-JCV,0.2,oracle,39.12455439567566,0.1037568024915999,0.11577506073790644,40
videoSRC13_1920x1080_30.yuv,0,MCL-JCV,0.2,oracle,39.12455439567566,0.055605978859048916,0.10980931904400393,40
videoSRC14_1920x1080_30.yuv,0,MCL-JCV,0.2,oracle,39.12455439567566,0.11677195797407153,0.11992287933583157,40
videoSRC15_1920x1080_30.yuv,0,MCL-JCV,0.2,oracle,39.12455439567566,0.08777389709425759,0.11144647263915886,40
videoSRC16_1920x1080_30.yuv,0,MCL-JCV,0.2,oracle,39.12455439567566,0.16502806827968244,0.14172133525790542,40
videoSRC17_1920x1080_24.yuv,0,MCL-JCV,0.2,oracle,39.12455439567566,0.06855976918494282,0.06612191226552255,40
videoSRC18_1920x1080_25.yuv,0,MCL-JCV,0.2,oracle,39.12455439567566,0.11724686045861205,0.12298658455799938,40
videoSRC19_1920x1080_30.yuv,0,MCL-JCV,0.2,oracle,39.12455439567566,0.0745683624426924,0.0746782533749979,40
videoSRC20_1920x1080_25.yuv,0,MCL-JCV,0.2,oracle,39.12455439567566,0.18260786219683853,0.17527663837079643,40
videoSRC21_1920x1080_24.yuv,0,MCL-JCV,0.2,oracle,39.12455439567566,0.02207029871673177,0.0585511196388282,40
videoSRC22_1920x1080_24.yuv,0,MCL-JCV,0.2,oracle,39.12455439567566,0.09952882662912543,0.10540536077579787,40
videoSRC23_1920x1080_24.yuv,0,MCL-JCV,0.2,oracle,39.12455439567566,0.0968228220381803,0.11403509249188204,40
videoSRC24_1920x1080_24.yuv,0,MCL-JCV,0.2,oracle,35.49078315496445,0.19410450230371157,0.1711047395263563,40
videoSRC25_1920x1080_24.yuv,0,MCL-JCV,0.2,oracle,39.12455439567566,0.1512317619770954,0.14407022162144756,40
videoSRC26_1920x1080_30.yuv,0,MCL-JCV,0.2,oracle,39.12455439567566,0.1311375174981168,0.13059835291463884,40
videoSRC27_1920x1080_30.yuv,0,MCL-JCV,0.2,oracle,39.12455439567566,0.12304989238188797,0.14466394978160935,40
videoSRC28_1920x1080_30.yuv,0,MCL-JCV,0.2,oracle,39.12455439567566,0.08446472309023867,0.12758942859357347,40
videoSRC29_1920x1080_24.yuv,0,MCL-JCV,0.2,oracle,39.12455439567566,0.026554528748609415,0.030472528798817677,40
videoSRC30_1920x1080_30.yuv,0,MCL-JCV,0.2,oracle,39.12455439567566,0.13188763853599522,0.11641022695994252,40
BQTerrace_1920x1080_60.yuv,0,HEVC_B,0.2,oracle,39.12455439567566,0.10258983867521763,0.11971255977277195,40
BasketballDrive_1920x1080_50.yuv,0,HEVC_B,0.2,oracle,38.751887828111656,0.1946664479539968,0.20251489333652728,40
Cactus_1920x1080_50.yuv,0,HEVC_B,0.2,oracle,39.12455439567566,0.1249748055096448,0.12955231067528672,40
Kimono1_1920x1080_24.yuv,0,HEVC_B,0.2,oracle,39.12455439567566,0.060235008562486994,0.05936236147662299,40
ParkScene_1920x1080_24.yuv,0,HEVC_B,0.2,oracle,39.12455439567566,0.045551741504323714,0.048133639677402584,40
FourPeople_1280x720_60.yuv,0,HEVC_E,0.2,oracle,39.12455439567566,0.12948886949966706,0.16060766120427772,15
Johnny_1280x720_60.yuv,0,HEVC_E,0.2,oracle,39.12455439567566,0.18192846977077,0.21129207136709738,15
KristenAndSara_1280x720_60.yuv,0,HEVC_E,0.2,oracle,39.12455439567566,0.17138010908195545,0.2014610847060183,15
BQMall_832x480_60.yuv,0,HEVC_C,0.2,oracle,39.12455439567566,0.11356606947980527,0.14182263489756153,8
BasketballDrill_832x480_50.yuv,0,HEVC_C,0.2,oracle,35.86236089468002,0.18092051810689247,0.18114128002901708,8
PartyScene_832x480_50.yuv,0,HEVC_C,0.2,oracle,39.12455439567566,0.053026271524124965,0.06948338609807791,8
RaceHorses_832x480_30.yuv,0,HEVC_C,0.2,oracle,39.12455439567566,0.1446766982695335,0.16221749313272937,8
BasketballPass_416x240_50.yuv,0,HEVC_D,0.2,oracle,39.12455439567566,0.09266809287871032,0.09672854304720602,2
BlowingBubbles_416x240_50.yuv,0,HEVC_D,0.2,oracle,39.12455439567566,0.07805770360087562,0.08556953699413583,2
BQSquare_416x240_60.yuv,0,HEVC_D,0.2,oracle,39.12455439567566,0.08217431314399251,0.10199766528313603,2
RaceHorses_416x240_30.yuv,0,HEVC_D,0.2,oracle,39.12455439567566,0.1764226216711234,0.17634835808481952,2
Beauty_1920x1080_120fps_420_8bit_YUV.yuv,16,UVG,0.2,oracle,39.12455439567566,0.04401150336257254,0.04814296022141917,40
Bosphorus_1920x1080_120fps_420_8bit_YUV.yuv,16,UVG,0.2,oracle,39.12455439567566,0.12934723913555551,0.14363374414060814,40
HoneyBee_1920x1080_120fps_420_8bit_YUV.yuv,16,UVG,0.2,oracle,33.161889314651496,0.18962269396892803,0.13252480594159977,40
Jockey_1920x1080_120fps_420_8bit_YUV.yuv,16,UVG,0.2,oracle,39.12455439567566,0.19001626879784186,0.16004635460854644,40
ReadySteadyGo_1920x1080_120fps_420_8bit_YUV.yuv,16,UVG,0.2,oracle,37.72678256034852,0.1877858344719585,0.19568829274800947,40
ShakeNDry_1920x1080_120fps_420_8bit_YUV.yuv,16,UVG,0.2,oracle,39.12455439567566,0.05927740339012894,0.06188958735465633,40
YachtRide_1920x1080_120fps_420_8bit_YUV.yuv,16,UVG,0.2,oracle,39.12455439567566,0.16388639393278842,0.1899282540294891,40
videoSRC01_1920x1080_30.yuv,16,MCL-JCV,0.2,oracle,39.12455439567566,0.0955428316105992,0.0967970859865801,40
videoSRC02_1920x1080_30.yuv,16,MCL-JCV,0.2,oracle,38.37922126054764,0.20044475107788826,0.19422389568858023,40
videoSRC03_1920x1080_30.yuv,16,MCL-JCV,0.2,oracle,39.12455439567566,0.18219653146021758,0.1902374466877106,40
videoSRC04_1920x1080_30.yuv,16,MCL-JCV,0.2,oracle,39.12455439567566,0.05703442659334555,0.07394946548483006,40
videoSRC05_1920x1080_25.yuv,16,MCL-JCV,0.2,oracle,38.37922126054764,0.19239254344527487,0.21108827998502733,40
videoSRC06_1920x1080_25.yuv,16,MCL-JCV,0.2,oracle,39.12455439567566,0.04308834139587414,0.033973665926467334,40
videoSRC07_1920x1080_25.yuv,16,MCL-JCV,0.2,oracle,39.12455439567566,0.1408576793643172,0.11538346439240144,40
videoSRC08_1920x1080_25.yuv,16,MCL-JCV,0.2,oracle,39.12455439567566,0.07643486500737173,0.08059076617725935,40
videoSRC09_1920x1080_25.yuv,16,MCL-JCV,0.2,oracle,39.12455439567566,0.14580464323448347,0.15831739406687717,40
videoSRC10_1920x1080_30.yuv,16,MCL-JCV,0.2,oracle,31.52970343828201,0.1928039192386333,0.21710084862743173,40
videoSRC11_1920x1080_30.yuv,16,MCL-JCV,0.2,oracle,39.12455439567566,0.10199983339759855,0.13507317275183794,40
videoSRC12_1920x1080_30.yuv,16,MCL-JCV,0.2,oracle,39.12455439567566,0.1280185153159816,0.15380380110630654,40
videoSRC13_1920x1080_30.yuv,16,MCL-JCV,0.2,oracle,39.12455439567566,0.1270353262993276,0.25137172464157587,40
videoSRC14_1920x1080_30.yuv,16,MCL-JCV,0.2,oracle,39.12455439567566,0.16639291916064172,0.16538506434140032,40
videoSRC15_1920x1080_30.yuv,16,MCL-JCV,0.2,oracle,39.12455439567566,0.1051254640862436,0.1286184642185475,40
videoSRC16_1920x1080_30.yuv,16,MCL-JCV,0.2,oracle,39.12455439567566,0.1259793504189927,0.11515760408676101,40
videoSRC17_1920x1080_24.yuv,16,MCL-JCV,0.2,oracle,39.12455439567566,0.08941793980308829,0.08155845898273384,40
videoSRC18_1920x1080_25.yuv,16,MCL-JCV,0.2,oracle,39.12455439567566,0.12902197126214227,0.1443929384378535,40
videoSRC19_1920x1080_30.yuv,16,MCL-JCV,0.2,oracle,39.12455439567566,0.11513920041085185,0.1342407240236696,40
videoSRC20_1920x1080_25.yuv,16,MCL-JCV,0.2,oracle,39.12455439567566,0.1831096715477446,0.1746254221197603,40
videoSRC21_1920x1080_24.yuv,16,MCL-JCV,0.2,oracle,39.12455439567566,0.07775652486078233,0.08881954437627826,40
videoSRC22_1920x1080_24.yuv,16,MCL-JCV,0.2,oracle,39.12455439567566,0.12836554675007456,0.12868551140512352,40
videoSRC23_1920x1080_24.yuv,16,MCL-JCV,0.2,oracle,39.12455439567566,0.11460867223512847,0.1390036036728972,40
videoSRC24_1920x1080_24.yuv,16,MCL-JCV,0.2,oracle,35.49078315496445,0.1968405743119854,0.1750184602249334,40
videoSRC25_1920x1080_24.yuv,16,MCL-JCV,0.2,oracle,38.751887828111656,0.19091800762820063,0.17984936600173995,40
videoSRC26_1920x1080_30.yuv,16,MCL-JCV,0.2,oracle,38.751887828111656,0.19239809151889606,0.1891350713138138,40
videoSRC27_1920x1080_30.yuv,16,MCL-JCV,0.2,oracle,39.12455439567566,0.09217700764258546,0.11184854147147405,40
videoSRC28_1920x1080_30.yuv,16,MCL-JCV,0.2,oracle,39.12455439567566,0.08676719373508426,0.1161054615494308,40
videoSRC29_1920x1080_24.yuv,16,MCL-JCV,0.2,oracle,39.12455439567566,0.09076679545469563,0.09173275445789386,40
videoSRC30_1920x1080_30.yuv,16,MCL-JCV,0.2,oracle,39.12455439567566,0.12022135442972011,0.10071298419266839,40
BQTerrace_1920x1080_60.yuv,16,HEVC_B,0.2,oracle,38.751887828111656,0.1825909397271204,0.21751126194093473,40
BasketballDrive_1920x1080_50.yuv,16,HEVC_B,0.2,oracle,38.751887828111656,0.19603466317586032,0.2104197499450251,40
Cactus_1920x1080_50.yuv,16,HEVC_B,0.2,oracle,39.12455439567566,0.15855506638539724,0.16126462321871315,40
Kimono1_1920x1080_24.yuv,16,HEVC_B,0.2,oracle,39.12455439567566,0.08508390971480453,0.07747948910005675,40
ParkScene_1920x1080_24.yuv,16,HEVC_B,0.2,oracle,39.12455439567566,0.06295734489718163,0.06563188507305995,40
FourPeople_1280x720_60.yuv,16,HEVC_E,0.2,oracle,39.12455439567566,0.18137398183366132,0.20845026142023926,15
Johnny_1280x720_60.yuv,16,HEVC_E,0.2,oracle,37.1369993686676,0.1816053473510895,0.2119123241991261,15
KristenAndSara_1280x720_60.yuv,16,HEVC_E,0.2,oracle,37.1369993686676,0.1922219255613186,0.21697021650074078,15
BQMall_832x480_60.yuv,16,HEVC_C,0.2,oracle,39.12455439567566,0.14959926869333195,0.17698812978265366,8
BasketballDrill_832x480_50.yuv,16,HEVC_C,0.2,oracle,32.13569521903992,0.1765451585503858,0.20348928051765114,8
PartyScene_832x480_50.yuv,16,HEVC_C,0.2,oracle,39.12455439567566,0.124002394997502,0.14716509889356644,8
RaceHorses_832x480_30.yuv,16,HEVC_C,0.2,oracle,39.12455439567566,0.13825458390730302,0.16358443234230435,8
BasketballPass_416x240_50.yuv,16,HEVC_D,0.2,oracle,31.671223044395447,0.16492504558296395,0.1756796517899062,2
BlowingBubbles_416x240_50.yuv,16,HEVC_D,0.2,oracle,39.12455439567566,0.12377383733979908,0.1317386721675149,2
BQSquare_416x240_60.yuv,16,HEVC_D,0.2,oracle,31.671223044395447,0.15760637266842153,0.164916944998577,2
RaceHorses_416x240_30.yuv,16,HEVC_D,0.2,oracle,39.12455439567566,0.19142307954193705,0.20402813614516901,2
Beauty_1920x1080_120fps_420_8bit_YUV.yuv,32,UVG,0.2,oracle,39.12455439567566,0.0400058145020213,0.04200414018367127,40
Bosphorus_1920x1080_120fps_420_8bit_YUV.yuv,32,UVG,0.2,oracle,39.12455439567566,0.13516348610502918,0.14286423112356061,40
HoneyBee_1920x1080_120fps_420_8bit_YUV.yuv,32,UVG,0.2,oracle,32.04388961195945,0.18114182412492866,0.12136712629206414,40
Jockey_1920x1080_120fps_420_8bit_YUV.yuv,32,UVG,0.2,oracle,39.12455439567566,0.16167873536129979,0.12990745021260608,40
ReadySteadyGo_1920x1080_120fps_420_8bit_YUV.yuv,32,UVG,0.2,oracle,34.18590575456619,0.18106271025994272,0.18077056041958173,40
ShakeNDry_1920x1080_120fps_420_8bit_YUV.yuv,32,UVG,0.2,oracle,39.12455439567566,0.08612350455037125,0.07759334076061464,40
YachtRide_1920x1080_120fps_420_8bit_YUV.yuv,32,UVG,0.2,oracle,35.77055528759956,0.17130148583725874,0.18693405862834567,40
videoSRC01_1920x1080_30.yuv,32,MCL-JCV,0.2,oracle,39.12455439567566,0.08936327909913269,0.08545393647829513,40
videoSRC02_1920x1080_30.yuv,32,MCL-JCV,0.2,oracle,35.95634415745735,0.1924326637845369,0.1742814484540105,40
videoSRC03_1920x1080_30.yuv,32,MCL-JCV,0.2,oracle,38.09944912791252,0.18752380327210574,0.19562723208348132,40
videoSRC04_1920x1080_30.yuv,32,MCL-JCV,0.2,oracle,39.12455439567566,0.10308853791622864,0.13002850258173737,40
videoSRC05_1920x1080_25.yuv,32,MCL-JCV,0.2,oracle,38.751887828111656,0.19381867064798539,0.22256544804658773,40
videoSRC06_1920x1080_25.yuv,32,MCL-JCV,0.2,oracle,39.12455439567566,0.016515877994750083,0.012836248730160094,40
videoSRC07_1920x1080_25.yuv,32,MCL-JCV,0.2,oracle,39.12455439567566,0.14230302585699628,0.10746570195657767,40
videoSRC08_1920x1080_25.yuv,32,MCL-JCV,0.2,oracle,39.12455439567566,0.0765152557384441,0.07637612332327848,40
videoSRC09_1920x1080_25.yuv,32,MCL-JCV,0.2,oracle,37.63388812541961,0.17382900476418636,0.17278973621665727,40
videoSRC10_1920x1080_30.yuv,32,MCL-JCV,0.2,oracle,28.267509937286373,0.17428768147029144,0.197048923526836,40
videoSRC11_1920x1080_30.yuv,32,MCL-JCV,0.2,oracle,39.12455439567566,0.10686073833733585,0.14732839726728741,40
videoSRC12_1920x1080_30.yuv,32,MCL-JCV,0.2,oracle,38.751887828111656,0.18802959389487325,0.2317171419013775,40
videoSRC13_1920x1080_30.yuv,32,MCL-JCV,0.2,oracle,38.00655469298363,0.17555812570327523,0.2615894437277859,40
videoSRC14_1920x1080_30.yuv,32,MCL-JCV,0.2,oracle,38.00655469298363,0.18473671056029317,0.1725303019734099,40
videoSRC15_1920x1080_30.yuv,32,MCL-JCV,0.2,oracle,39.12455439567566,0.1330629459432975,0.14848467887613026,40
videoSRC16_1920x1080_30.yuv,32,MCL-JCV,0.2,oracle,39.12455439567566,0.1070870906070711,0.09854007646901408,40
videoSRC17_1920x1080_24.yuv,32,MCL-JCV,0.2,oracle,39.12455439567566,0.1664708813340449,0.12312580877473067,40
videoSRC18_1920x1080_25.yuv,32,MCL-JCV,0.2,oracle,38.751887828111656,0.17467119483940718,0.19084087151085782,40
videoSRC19_1920x1080_30.yuv,32,MCL-JCV,0.2,oracle,39.12455439567566,0.16391265416372847,0.18105069041373412,40
videoSRC20_1920x1080_25.yuv,32,MCL-JCV,0.2,oracle,38.37922126054764,0.1764196793053126,0.17050668367927813,40
videoSRC21_1920x1080_24.yuv,32,MCL-JCV,0.2,oracle,35.02522215247155,0.19708827519338332,0.1522381092777607,40
videoSRC22_1920x1080_24.yuv,32,MCL-JCV,0.2,oracle,39.12455439567566,0.1586212097539606,0.1711023446004276,40
videoSRC23_1920x1080_24.yuv,32,MCL-JCV,0.2,oracle,39.12455439567566,0.13868138680454475,0.1608616725399017,40
videoSRC24_1920x1080_24.yuv,32,MCL-JCV,0.2,oracle,33.184023946523666,0.18038149152852667,0.1719908948235016,40
videoSRC25_1920x1080_24.yuv,32,MCL-JCV,0.2,oracle,35.39788872003555,0.18966756221829528,0.1867536945889583,40
videoSRC26_1920x1080_30.yuv,32,MCL-JCV,0.2,oracle,35.118116587400436,0.1911300213438984,0.1804812099156905,40
videoSRC27_1920x1080_30.yuv,32,MCL-JCV,0.2,oracle,39.12455439567566,0.08186335384563105,0.10171609181512764,40
videoSRC28_1920x1080_30.yuv,32,MCL-JCV,0.2,oracle,39.12455439567566,0.09638940909628782,0.1128571306424675,40
videoSRC29_1920x1080_24.yuv,32,MCL-JCV,0.2,oracle,35.583677589893334,0.1850745202420473,0.16702999301898558,40
videoSRC30_1920x1080_30.yuv,32,MCL-JCV,0.2,oracle,39.12455439567566,0.12211880840911424,0.10125783354210682,40
BQTerrace_1920x1080_60.yuv,32,HEVC_B,0.2,oracle,36.515888422727585,0.17122017001362208,0.2062792505777864,40
BasketballDrive_1920x1080_50.yuv,32,HEVC_B,0.2,oracle,38.751887828111656,0.1873967869738767,0.20451911599475636,40
Cactus_1920x1080_50.yuv,32,HEVC_B,0.2,oracle,39.12455439567566,0.18039399074216428,0.1768500985209016,40
Kimono1_1920x1080_24.yuv,32,HEVC_B,0.2,oracle,39.12455439567566,0.15799089880175113,0.11881731394502992,40
ParkScene_1920x1080_24.yuv,32,HEVC_B,0.2,oracle,39.12455439567566,0.14481324639368334,0.13312559521870782,40
FourPeople_1280x720_60.yuv,32,HEVC_E,0.2,oracle,34.40338532129924,0.184713712234187,0.1960702221864068,15
Johnny_1280x720_60.yuv,32,HEVC_E,0.2,oracle,34.15566682815552,0.18113938602389718,0.1981627261731589,15
KristenAndSara_1280x720_60.yuv,32,HEVC_E,0.2,oracle,35.39716283480326,0.17860520773473357,0.18653583173022525,15
BQMall_832x480_60.yuv,32,HEVC_C,0.2,oracle,35.39788872003555,0.15873224652862278,0.1839544677664975,8
BasketballDrill_832x480_50.yuv,32,HEVC_C,0.2,oracle,32.13569521903992,0.18491454756802356,0.24185928345288232,8
PartyScene_832x480_50.yuv,32,HEVC_C,0.2,oracle,31.671223044395447,0.14122474411519798,0.16834651017314428,8
RaceHorses_832x480_30.yuv,32,HEVC_C,0.2,oracle,37.261221557855606,0.1602268389607471,0.16862554978895616,8
BasketballPass_416x240_50.yuv,32,HEVC_D,0.2,oracle,31.671223044395447,0.16109128692808905,0.24265043321167923,2
BlowingBubbles_416x240_50.yuv,32,HEVC_D,0.2,oracle,31.671223044395447,0.12422621961862979,0.13288784386152486,2
BQSquare_416x240_60.yuv,32,HEVC_D,0.2,oracle,24.217891693115234,0.15793374841982885,0.17142811106429434,2
RaceHorses_416x240_30.yuv,32,HEVC_D,0.2,oracle,31.671223044395447,0.14974307143335955,0.18175899986723465,2
Beauty_1920x1080_120fps_420_8bit_YUV.yuv,48,UVG,0.2,oracle,39.12455439567566,0.03478144700684083,0.02987801027607162,40
Bosphorus_1920x1080_120fps_420_8bit_YUV.yuv,48,UVG,0.2,oracle,39.12455439567566,0.16937228822209072,0.1622045640957097,40
HoneyBee_1920x1080_120fps_420_8bit_YUV.yuv,48,UVG,0.2,oracle,32.50945061445236,0.17539016086462797,0.11451163543070209,40
Jockey_1920x1080_120fps_420_8bit_YUV.yuv,48,UVG,0.2,oracle,39.12455439567566,0.15451252038099772,0.12179747617497583,40
ReadySteadyGo_1920x1080_120fps_420_8bit_YUV.yuv,48,UVG,0.2,oracle,30.08548468351364,0.17176894714548357,0.16654313532945508,40
ShakeNDry_1920x1080_120fps_420_8bit_YUV.yuv,48,UVG,0.2,oracle,39.12455439567566,0.12184663492381868,0.09759264211673013,40
YachtRide_1920x1080_120fps_420_8bit_YUV.yuv,48,UVG,0.2,oracle,31.577239781618115,0.16995493309669585,0.17684154716663159,40
videoSRC01_1920x1080_30.yuv,48,MCL-JCV,0.2,oracle,39.12455439567566,0.06494298778826539,0.05510294382702341,40
videoSRC02_1920x1080_30.yuv,48,MCL-JCV,0.2,oracle,34.371694624423974,0.1843718107545948,0.15667582496114818,40
videoSRC03_1920x1080_30.yuv,48,MCL-JCV,0.2,oracle,37.07434386014938,0.17556856322083475,0.1699951288457413,40
videoSRC04_1920x1080_30.yuv,48,MCL-JCV,0.2,oracle,39.12455439567566,0.16950612105130064,0.20098710953926258,40
videoSRC05_1920x1080_25.yuv,48,MCL-JCV,0.2,oracle,39.12455439567566,0.17720787391074272,0.21727924324756742,40
videoSRC06_1920x1080_25.yuv,48,MCL-JCV,0.2,oracle,39.12455439567566,0.008601664437650479,0.00688037243234163,40
videoSRC07_1920x1080_25.yuv,48,MCL-JCV,0.2,oracle,39.12455439567566,0.1379854929457343,0.10070027789964087,40
videoSRC08_1920x1080_25.yuv,48,MCL-JCV,0.2,oracle,39.12455439567566,0.06442195265288003,0.06767704727700163,40
videoSRC09_1920x1080_25.yuv,48,MCL-JCV,0.2,oracle,36.8885549902916,0.1754854351334953,0.17322980453135273,40
videoSRC10_1920x1080_30.yuv,48,MCL-JCV,0.2,oracle,28.919948637485504,0.16714723936835266,0.18531823926542046,40
videoSRC11_1920x1080_30.yuv,48,MCL-JCV,0.2,oracle,39.12455439567566,0.11561663190527952,0.14508602443160612,40
videoSRC12_1920x1080_30.yuv,48,MCL-JCV,0.2,oracle,35.14134004712105,0.17557994859446796,0.1881487140057203,40
videoSRC13_1920x1080_30.yuv,48,MCL-JCV,0.2,oracle,36.143221855163574,0.16326088327463542,0.19059002562237737,40
videoSRC14_1920x1080_30.yuv,48,MCL-JCV,0.2,oracle,37.63388812541961,0.18397131316859536,0.1634615291758692,40
videoSRC15_1920x1080_30.yuv,48,MCL-JCV,0.2,oracle,39.12455439567566,0.14288096133542483,0.1438730086338893,40
videoSRC16_1920x1080_30.yuv,48,MCL-JCV,0.2,oracle,39.12455439567566,0.1099939631085734,0.09498978551739157,40
videoSRC17_1920x1080_24.yuv,48,MCL-JCV,0.2,oracle,37.819676995277405,0.1826609284218023,0.12103968824028755,40
videoSRC18_1920x1080_25.yuv,48,MCL-JCV,0.2,oracle,35.863449722528465,0.1590104969098771,0.20157766573963443,40
videoSRC19_1920x1080_30.yuv,48,MCL-JCV,0.2,oracle,36.98144942522049,0.18010848059937704,0.17236197860833613,40
videoSRC20_1920x1080_25.yuv,48,MCL-JCV,0.2,oracle,35.97956761717796,0.158955800116064,0.16218980107048253,40
videoSRC21_1920x1080_24.yuv,48,MCL-JCV,0.2,oracle,39.12455439567566,0.17542289549984796,0.1280862594827994,40
videoSRC22_1920x1080_24.yuv,48,MCL-JCV,0.2,oracle,39.12455439567566,0.15556229301397126,0.16350546207628014,40
videoSRC23_1920x1080_24.yuv,48,MCL-JCV,0.2,oracle,39.12455439567566,0.15221963699927638,0.15652695629533042,40
videoSRC24_1920x1080_24.yuv,48,MCL-JCV,0.2,oracle,32.81135737895966,0.17756215840959744,0.19945866923434608,40
videoSRC25_1920x1080_24.yuv,48,MCL-JCV,0.2,oracle,32.04388961195945,0.18433367694890468,0.18365256518580964,40
videoSRC26_1920x1080_30.yuv,48,MCL-JCV,0.2,oracle,32.69523948431014,0.18045414068632235,0.16620425424359553,40
videoSRC27_1920x1080_30.yuv,48,MCL-JCV,0.2,oracle,39.12455439567566,0.09148112216841649,0.10653263897238219,40
videoSRC28_1920x1080_30.yuv,48,MCL-JCV,0.2,oracle,39.12455439567566,0.12335416329637994,0.12060253671484844,40
videoSRC29_1920x1080_24.yuv,48,MCL-JCV,0.2,oracle,39.12455439567566,0.1290049002369896,0.11841690896419266,40
videoSRC30_1920x1080_30.yuv,48,MCL-JCV,0.2,oracle,39.12455439567566,0.13748941973939752,0.11572329693247951,40
BQTerrace_1920x1080_60.yuv,48,HEVC_B,0.2,oracle,35.118116587400436,0.16480770148994242,0.198351704277286,40
BasketballDrive_1920x1080_50.yuv,48,HEVC_B,0.2,oracle,39.12455439567566,0.1661645977700265,0.1925579420662018,40
Cactus_1920x1080_50.yuv,48,HEVC_B,0.2,oracle,38.751887828111656,0.16975128394673117,0.1724852109385253,40
Kimono1_1920x1080_24.yuv,48,HEVC_B,0.2,oracle,37.72678256034852,0.1834847033171716,0.12133438482166525,40
ParkScene_1920x1080_24.yuv,48,HEVC_B,0.2,oracle,34.20804038643836,0.16819967881898545,0.13881893202339057,40
FourPeople_1280x720_60.yuv,48,HEVC_E,0.2,oracle,31.66977127393087,0.17292451582186763,0.17009702891873246,15
Johnny_1280x720_60.yuv,48,HEVC_E,0.2,oracle,35.14944434165954,0.17974242875948646,0.19124910944747597,15
KristenAndSara_1280x720_60.yuv,48,HEVC_E,0.2,oracle,35.45909206072489,0.16134958177645195,0.16476075252622735,15
BQMall_832x480_60.yuv,48,HEVC_C,0.2,oracle,31.671223044395447,0.15939178694355505,0.19226728780317615,8
BasketballDrill_832x480_50.yuv,48,HEVC_C,0.2,oracle,32.13569521903992,0.17635774331769036,0.3014099031842079,8
PartyScene_832x480_50.yuv,48,HEVC_C,0.2,oracle,26.545696705579758,0.16176856438633486,0.21416505921375517,8
RaceHorses_832x480_30.yuv,48,HEVC_C,0.2,oracle,31.671223044395447,0.1405309933143925,0.15459253049470334,8
BasketballPass_416x240_50.yuv,48,HEVC_D,0.2,oracle,24.217891693115234,0.0750732463167401,0.19217282224030896,2
BlowingBubbles_416x240_50.yuv,48,HEVC_D,0.2,oracle,24.217891693115234,0.1246782389139171,0.14235163105384885,2
BQSquare_416x240_60.yuv,48,HEVC_D,0.2,oracle,13.027006387710571,0.11699201616290522,0.12342461738782617,2
RaceHorses_416x240_30.yuv,48,HEVC_D,0.2,oracle,24.217891693115234,0.11524988619254543,0.16660542740594053,2
Beauty_1920x1080_120fps_420_8bit_YUV.yuv,63,UVG,0.2,oracle,39.12455439567566,0.04971021864438808,0.034904276989891514,40
Bosphorus_1920x1080_120fps_420_8bit_YUV.yuv,63,UVG,0.2,oracle,38.37922126054764,0.17864464492190854,0.15721019526259994,40
HoneyBee_1920x1080_120fps_420_8bit_YUV.yuv,63,UVG,0.2,oracle,34.00011688470841,0.16834690073690398,0.11743196563894998,40
Jockey_1920x1080_120fps_420_8bit_YUV.yuv,63,UVG,0.2,oracle,39.12455439567566,0.12844800193775738,0.10434662094489511,40
ReadySteadyGo_1920x1080_120fps_420_8bit_YUV.yuv,63,UVG,0.2,oracle,29.43413481116295,0.1543155420975006,0.17603651521836383,40
ShakeNDry_1920x1080_120fps_420_8bit_YUV.yuv,63,UVG,0.2,oracle,38.751887828111656,0.15560936950983228,0.10785430946074825,40
YachtRide_1920x1080_120fps_420_8bit_YUV.yuv,63,UVG,0.2,oracle,32.50945061445236,0.16586131433365262,0.18033234487179328,40
videoSRC01_1920x1080_30.yuv,63,MCL-JCV,0.2,oracle,39.12455439567566,0.048019157666552646,0.038557633246547596,40
videoSRC02_1920x1080_30.yuv,63,MCL-JCV,0.2,oracle,35.95634415745735,0.17347680364431617,0.14713096759550837,40
videoSRC03_1920x1080_30.yuv,63,MCL-JCV,0.2,oracle,36.32901072502136,0.16501937544237608,0.155296364595074,40
videoSRC04_1920x1080_30.yuv,63,MCL-JCV,0.2,oracle,34.372783452272415,0.16867999197180808,0.19769567651637487,40
videoSRC05_1920x1080_25.yuv,63,MCL-JCV,0.2,oracle,39.12455439567566,0.14158903160323566,0.20424735993737642,40
videoSRC06_1920x1080_25.yuv,63,MCL-JCV,0.2,oracle,39.12455439567566,0.02600667613628087,0.04657304707420451,40
videoSRC07_1920x1080_25.yuv,63,MCL-JCV,0.2,oracle,39.12455439567566,0.14367393879637352,0.10650204515259531,40
videoSRC08_1920x1080_25.yuv,63,MCL-JCV,0.2,oracle,39.12455439567566,0.056620755820442695,0.06294778181375449,40
videoSRC09_1920x1080_25.yuv,63,MCL-JCV,0.2,oracle,39.12455439567566,0.1727538722372386,0.1688537916990711,40
videoSRC10_1920x1080_30.yuv,63,MCL-JCV,0.2,oracle,28.151391446590424,0.1557193588972712,0.1647517994640495,40
videoSRC11_1920x1080_30.yuv,63,MCL-JCV,0.2,oracle,39.12455439567566,0.15975969287341063,0.1701195647789291,40
videoSRC12_1920x1080_30.yuv,63,MCL-JCV,0.2,oracle,29.13004979491234,0.16140559066388835,0.15315225628872042,40
videoSRC13_1920x1080_30.yuv,63,MCL-JCV,0.2,oracle,34.65255558490753,0.15262727744828872,0.15743053752440517,40
videoSRC14_1920x1080_30.yuv,63,MCL-JCV,0.2,oracle,37.63388812541961,0.17520305711854967,0.15451286712180945,40
videoSRC15_1920x1080_30.yuv,63,MCL-JCV,0.2,oracle,39.12455439567566,0.17307669926142663,0.16122214526673417,40
videoSRC16_1920x1080_30.yuv,63,MCL-JCV,0.2,oracle,39.12455439567566,0.09882546158323849,0.08549105025943504,40
videoSRC17_1920x1080_24.yuv,63,MCL-JCV,0.2,oracle,35.79268991947174,0.16907491673374273,0.11455993555419752,40
videoSRC18_1920x1080_25.yuv,63,MCL-JCV,0.2,oracle,33.906133621931076,0.14914295452306203,0.2351433946724697,40
videoSRC19_1920x1080_30.yuv,63,MCL-JCV,0.2,oracle,32.62447968125344,0.1595038871652688,0.13801204876228468,40
videoSRC20_1920x1080_25.yuv,63,MCL-JCV,0.2,oracle,33.30014184117317,0.1624873158265362,0.19902325650256358,40
videoSRC21_1920x1080_24.yuv,63,MCL-JCV,0.2,oracle,39.12455439567566,0.0874845960927644,0.0774756780036796,40
videoSRC22_1920x1080_24.yuv,63,MCL-JCV,0.2,oracle,39.12455439567566,0.13665402138055113,0.1383946122104689,40
videoSRC23_1920x1080_24.yuv,63,MCL-JCV,0.2,oracle,39.12455439567566,0.15232257381789444,0.14508744274918683,40
videoSRC24_1920x1080_24.yuv,63,MCL-JCV,0.2,oracle,33.160800486803055,0.16267899496222915,0.24953638169701975,40
videoSRC25_1920x1080_24.yuv,63,MCL-JCV,0.2,oracle,29.573476165533062,0.16589018327345204,0.21217009689945598,40
videoSRC26_1920x1080_30.yuv,63,MCL-JCV,0.2,oracle,32.69523948431014,0.17615173754241126,0.17101823330799704,40
videoSRC27_1920x1080_30.yuv,63,MCL-JCV,0.2,oracle,39.12455439567566,0.1062786986069008,0.1142023593718875,40
videoSRC28_1920x1080_30.yuv,63,MCL-JCV,0.2,oracle,39.12455439567566,0.14705990756138135,0.12628606302261858,40
videoSRC29_1920x1080_24.yuv,63,MCL-JCV,0.2,oracle,39.12455439567566,0.08633133498300372,0.07821291375751116,40
videoSRC30_1920x1080_30.yuv,63,MCL-JCV,0.2,oracle,39.12455439567566,0.15232840290279578,0.12952191839406169,40
BQTerrace_1920x1080_60.yuv,63,HEVC_B,0.2,oracle,32.04280078411102,0.15974604451028507,0.18808611229049177,40
BasketballDrive_1920x1080_50.yuv,63,HEVC_B,0.2,oracle,39.12455439567566,0.12884411298809872,0.17434423565356383,40
Cactus_1920x1080_50.yuv,63,HEVC_B,0.2,oracle,38.751887828111656,0.1708908188622465,0.17659422512686263,40
Kimono1_1920x1080_24.yuv,63,HEVC_B,0.2,oracle,36.14213302731514,0.17245107278804708,0.11729478256112458,40
ParkScene_1920x1080_24.yuv,63,HEVC_B,0.2,oracle,28.943172097206116,0.15233773687907476,0.12191598466743159,40
FourPeople_1280x720_60.yuv,63,HEVC_E,0.2,oracle,32.16811180114746,0.16550589670121488,0.16506636339018144,15
Johnny_1280x720_60.yuv,63,HEVC_E,0.2,oracle,38.13077688217164,0.17555628530507464,0.19608366633804764,15
KristenAndSara_1280x720_60.yuv,63,HEVC_E,0.2,oracle,35.45909206072489,0.15141374791875575,0.15585352879485015,15
BQMall_832x480_60.yuv,63,HEVC_C,0.2,oracle,27.94455736875534,0.1691958035842911,0.22433705305807905,8
BasketballDrill_832x480_50.yuv,63,HEVC_C,0.2,oracle,32.13569521903992,0.14367156382284305,0.3685487880549587,8
PartyScene_832x480_50.yuv,63,HEVC_C,0.2,oracle,22.34911471605301,0.15023024874161853,0.24079727885818158,8
RaceHorses_832x480_30.yuv,63,HEVC_C,0.2,oracle,26.545696705579758,0.1521971849974597,0.1890203551978331,8
BasketballPass_416x240_50.yuv,63,HEVC_D,0.2,oracle,24.217891693115234,0.05968454425276429,0.2914803947614928,2
BlowingBubbles_416x240_50.yuv,63,HEVC_D,0.2,oracle,24.217891693115234,0.1735541064633621,0.21072370699833698,2
BQSquare_416x240_60.yuv,63,HEVC_D,0.2,oracle,-0.9507179260253906,0.027781405176250804,0.025091122569989466,2
RaceHorses_416x240_30.yuv,63,HEVC_D,0.2,oracle,18.622449040412903,0.10915086029308158,0.1808116490305025,2
Beauty_1920x1080_120fps_420_8bit_YUV.yuv,0,UVG,0.2,router,39.12455439567566,0.08091148795395814,0.08229179922256691,40
Bosphorus_1920x1080_120fps_420_8bit_YUV.yuv,0,UVG,0.2,router,39.12455439567566,0.109843875346532,0.12340274289241648,40
HoneyBee_1920x1080_120fps_420_8bit_YUV.yuv,0,UVG,0.2,router,33.5345558822155,0.17492764006571307,0.13047086693124044,40
Jockey_1920x1080_120fps_420_8bit_YUV.yuv,0,UVG,0.2,router,38.37922126054764,0.2053921245254696,0.17282728790871715,40
ReadySteadyGo_1920x1080_120fps_420_8bit_YUV.yuv,0,UVG,0.2,router,39.12455439567566,0.14633471004031023,0.15624953325017543,40
ShakeNDry_1920x1080_120fps_420_8bit_YUV.yuv,0,UVG,0.2,router,39.12455439567566,0.07391442561049448,0.08615749684847174,40
YachtRide_1920x1080_120fps_420_8bit_YUV.yuv,0,UVG,0.2,router,39.12455439567566,0.10892885197622486,0.1282077706456306,40
videoSRC01_1920x1080_30.yuv,0,MCL-JCV,0.2,router,39.12455439567566,0.11191786889207839,0.11281084095170257,40
videoSRC02_1920x1080_30.yuv,0,MCL-JCV,0.2,router,39.12455439567566,0.17464680060032226,0.1768422608582796,40
videoSRC03_1920x1080_30.yuv,0,MCL-JCV,0.2,router,39.12455439567566,0.14850820272262996,0.16724756669837149,40
videoSRC04_1920x1080_30.yuv,0,MCL-JCV,0.2,router,39.12455439567566,0.022088933433354694,0.04003983538861888,40
videoSRC05_1920x1080_25.yuv,0,MCL-JCV,0.2,router,39.12455439567566,0.19813605448558747,0.20905489733496552,40
videoSRC06_1920x1080_25.yuv,0,MCL-JCV,0.2,router,39.12455439567566,0.03224088419020011,0.024900584410012527,40
videoSRC07_1920x1080_25.yuv,0,MCL-JCV,0.2,router,39.12455439567566,0.11573114557075326,0.10866693196463473,40
videoSRC08_1920x1080_25.yuv,0,MCL-JCV,0.2,router,39.12455439567566,0.08800453043344487,0.08874859056497542,40
videoSRC09_1920x1080_25.yuv,0,MCL-JCV,0.2,router,39.12455439567566,0.10283143571382153,0.12001661422514331,40
videoSRC10_1920x1080_30.yuv,0,MCL-JCV,0.2,router,33.9072224497795,0.196679540201893,0.22479291425220538,40
videoSRC11_1920x1080_30.yuv,0,MCL-JCV,0.2,router,39.12455439567566,0.08271465359720417,0.10288921740490053,40
videoSRC12_1920x1080_30.yuv,0,MCL-JCV,0.2,router,39.12455439567566,0.1037568024915999,0.11577506073790644,40
videoSRC13_1920x1080_30.yuv,0,MCL-JCV,0.2,router,39.12455439567566,0.055605978859048916,0.10980931904400393,40
videoSRC14_1920x1080_30.yuv,0,MCL-JCV,0.2,router,39.12455439567566,0.11677195797407153,0.11992287933583157,40
videoSRC15_1920x1080_30.yuv,0,MCL-JCV,0.2,router,39.12455439567566,0.08777389709425759,0.11144647263915886,40
videoSRC16_1920x1080_30.yuv,0,MCL-JCV,0.2,router,39.12455439567566,0.16502806827968244,0.14172133525790542,40
videoSRC17_1920x1080_24.yuv,0,MCL-JCV,0.2,router,39.12455439567566,0.06855976918494282,0.06612191226552255,40
videoSRC18_1920x1080_25.yuv,0,MCL-JCV,0.2,router,39.12455439567566,0.11724686045861205,0.12298658455799938,40
videoSRC19_1920x1080_30.yuv,0,MCL-JCV,0.2,router,39.12455439567566,0.0745683624426924,0.0746782533749979,40
videoSRC20_1920x1080_25.yuv,0,MCL-JCV,0.2,router,39.12455439567566,0.18260786219683853,0.17527663837079643,40
videoSRC21_1920x1080_24.yuv,0,MCL-JCV,0.2,router,39.12455439567566,0.02207029871673177,0.0585511196388282,40
videoSRC22_1920x1080_24.yuv,0,MCL-JCV,0.2,router,39.12455439567566,0.09952882662912543,0.10540536077579787,40
videoSRC23_1920x1080_24.yuv,0,MCL-JCV,0.2,router,39.12455439567566,0.0968228220381803,0.11403509249188204,40
videoSRC24_1920x1080_24.yuv,0,MCL-JCV,0.2,router,35.02522215247155,0.19275071719719541,0.16711701374806864,40
videoSRC25_1920x1080_24.yuv,0,MCL-JCV,0.2,router,39.12455439567566,0.1512317619770954,0.14407022162144756,40
videoSRC26_1920x1080_30.yuv,0,MCL-JCV,0.2,router,39.12455439567566,0.1311375174981168,0.13059835291463884,40
videoSRC27_1920x1080_30.yuv,0,MCL-JCV,0.2,router,39.12455439567566,0.12304989238188797,0.14466394978160935,40
videoSRC28_1920x1080_30.yuv,0,MCL-JCV,0.2,router,39.12455439567566,0.08446472309023867,0.12758942859357347,40
videoSRC29_1920x1080_24.yuv,0,MCL-JCV,0.2,router,39.12455439567566,0.026554528748609415,0.030472528798817677,40
videoSRC30_1920x1080_30.yuv,0,MCL-JCV,0.2,router,39.12455439567566,0.13188763853599522,0.11641022695994252,40
BQTerrace_1920x1080_60.yuv,0,HEVC_B,0.2,router,39.12455439567566,0.10258983867521763,0.11971255977277195,40
BasketballDrive_1920x1080_50.yuv,0,HEVC_B,0.2,router,38.751887828111656,0.1946664479539968,0.20251489333652728,40
Cactus_1920x1080_50.yuv,0,HEVC_B,0.2,router,39.12455439567566,0.1249748055096448,0.12955231067528672,40
Kimono1_1920x1080_24.yuv,0,HEVC_B,0.2,router,39.12455439567566,0.060235008562486994,0.05936236147662299,40
ParkScene_1920x1080_24.yuv,0,HEVC_B,0.2,router,39.12455439567566,0.045551741504323714,0.048133639677402584,40
FourPeople_1280x720_60.yuv,0,HEVC_E,0.2,router,39.12455439567566,0.12948886949966706,0.16060766120427772,15
Johnny_1280x720_60.yuv,0,HEVC_E,0.2,router,39.12455439567566,0.18192846977077,0.21129207136709738,15
KristenAndSara_1280x720_60.yuv,0,HEVC_E,0.2,router,39.12455439567566,0.17138010908195545,0.2014610847060183,15
BQMall_832x480_60.yuv,0,HEVC_C,0.2,router,39.12455439567566,0.11356606947980527,0.14182263489756153,8
BasketballDrill_832x480_50.yuv,0,HEVC_C,0.2,router,35.39788872003555,0.17620069400825955,0.17618081178495615,8
PartyScene_832x480_50.yuv,0,HEVC_C,0.2,router,39.12455439567566,0.053026271524124965,0.06948338609807791,8
RaceHorses_832x480_30.yuv,0,HEVC_C,0.2,router,39.12455439567566,0.1446766982695335,0.16221749313272937,8
BasketballPass_416x240_50.yuv,0,HEVC_D,0.2,router,39.12455439567566,0.09266809287871032,0.09672854304720602,2
BlowingBubbles_416x240_50.yuv,0,HEVC_D,0.2,router,39.12455439567566,0.07805770360087562,0.08556953699413583,2
BQSquare_416x240_60.yuv,0,HEVC_D,0.2,router,39.12455439567566,0.08217431314399251,0.10199766528313603,2
RaceHorses_416x240_30.yuv,0,HEVC_D,0.2,router,39.12455439567566,0.1764226216711234,0.17634835808481952,2
Beauty_1920x1080_120fps_420_8bit_YUV.yuv,16,UVG,0.2,router,39.12455439567566,0.04401150336257254,0.04814296022141917,40
Bosphorus_1920x1080_120fps_420_8bit_YUV.yuv,16,UVG,0.2,router,39.12455439567566,0.12934723913555551,0.14363374414060814,40
HoneyBee_1920x1080_120fps_420_8bit_YUV.yuv,16,UVG,0.2,router,32.41655617952347,0.19142307844894152,0.13109386555783686,40
Jockey_1920x1080_120fps_420_8bit_YUV.yuv,16,UVG,0.2,router,39.12455439567566,0.19001626879784186,0.16004635460854644,40
ReadySteadyGo_1920x1080_120fps_420_8bit_YUV.yuv,16,UVG,0.2,router,37.63388812541961,0.18940731960691254,0.1973117161734521,40
ShakeNDry_1920x1080_120fps_420_8bit_YUV.yuv,16,UVG,0.2,router,39.12455439567566,0.05927740339012894,0.06188958735465633,40
YachtRide_1920x1080_120fps_420_8bit_YUV.yuv,16,UVG,0.2,router,39.12455439567566,0.16388639393278842,0.1899282540294891,40
videoSRC01_1920x1080_30.yuv,16,MCL-JCV,0.2,router,39.12455439567566,0.0955428316105992,0.0967970859865801,40
videoSRC02_1920x1080_30.yuv,16,MCL-JCV,0.2,router,37.63388812541961,0.19133388499204065,0.1855579398099536,40
videoSRC03_1920x1080_30.yuv,16,MCL-JCV,0.2,router,39.12455439567566,0.18219653146021758,0.1902374466877106,40
videoSRC04_1920x1080_30.yuv,16,MCL-JCV,0.2,router,39.12455439567566,0.05703442659334555,0.07394946548483006,40
videoSRC05_1920x1080_25.yuv,16,MCL-JCV,0.2,router,38.37922126054764,0.1927328959114084,0.21281272741323676,40
videoSRC06_1920x1080_25.yuv,16,MCL-JCV,0.2,router,39.12455439567566,0.04308834139587414,0.033973665926467334,40
videoSRC07_1920x1080_25.yuv,16,MCL-JCV,0.2,router,39.12455439567566,0.1408576793643172,0.11538346439240144,40
videoSRC08_1920x1080_25.yuv,16,MCL-JCV,0.2,router,39.12455439567566,0.07643486500737173,0.08059076617725935,40
videoSRC09_1920x1080_25.yuv,16,MCL-JCV,0.2,router,39.12455439567566,0.14580464323448347,0.15831739406687717,40
videoSRC10_1920x1080_30.yuv,16,MCL-JCV,0.2,router,29.806801378726956,0.190323015398915,0.20305683120697893,40
videoSRC11_1920x1080_30.yuv,16,MCL-JCV,0.2,router,39.12455439567566,0.10199983339759855,0.13507317275183794,40
videoSRC12_1920x1080_30.yuv,16,MCL-JCV,0.2,router,39.12455439567566,0.1280185153159816,0.15380380110630654,40
videoSRC13_1920x1080_30.yuv,16,MCL-JCV,0.2,router,39.12455439567566,0.1270353262993276,0.25137172464157587,40
videoSRC14_1920x1080_30.yuv,16,MCL-JCV,0.2,router,39.12455439567566,0.16639291916064172,0.16538506434140032,40
videoSRC15_1920x1080_30.yuv,16,MCL-JCV,0.2,router,39.12455439567566,0.1051254640862436,0.1286184642185475,40
videoSRC16_1920x1080_30.yuv,16,MCL-JCV,0.2,router,39.12455439567566,0.1259793504189927,0.11515760408676101,40
videoSRC17_1920x1080_24.yuv,16,MCL-JCV,0.2,router,39.12455439567566,0.08941793980308829,0.08155845898273384,40
videoSRC18_1920x1080_25.yuv,16,MCL-JCV,0.2,router,39.12455439567566,0.12902197126214227,0.1443929384378535,40
videoSRC19_1920x1080_30.yuv,16,MCL-JCV,0.2,router,39.12455439567566,0.11513920041085185,0.1342407240236696,40
videoSRC20_1920x1080_25.yuv,16,MCL-JCV,0.2,router,39.12455439567566,0.1831096715477446,0.1746254221197603,40
videoSRC21_1920x1080_24.yuv,16,MCL-JCV,0.2,router,39.12455439567566,0.07775652486078233,0.08881954437627826,40
videoSRC22_1920x1080_24.yuv,16,MCL-JCV,0.2,router,39.12455439567566,0.12836554675007456,0.12868551140512352,40
videoSRC23_1920x1080_24.yuv,16,MCL-JCV,0.2,router,39.12455439567566,0.11460867223512847,0.1390036036728972,40
videoSRC24_1920x1080_24.yuv,16,MCL-JCV,0.2,router,35.02522215247155,0.19317663020679737,0.17008544813278093,40
videoSRC25_1920x1080_24.yuv,16,MCL-JCV,0.2,router,38.00655469298363,0.18011007147869282,0.1701146043246382,40
videoSRC26_1920x1080_30.yuv,16,MCL-JCV,0.2,router,38.751887828111656,0.19239809151889606,0.1891350713138138,40
videoSRC27_1920x1080_30.yuv,16,MCL-JCV,0.2,router,39.12455439567566,0.09217700764258546,0.11184854147147405,40
videoSRC28_1920x1080_30.yuv,16,MCL-JCV,0.2,router,39.12455439567566,0.08676719373508426,0.1161054615494308,40
videoSRC29_1920x1080_24.yuv,16,MCL-JCV,0.2,router,39.12455439567566,0.09076679545469563,0.09173275445789386,40
videoSRC30_1920x1080_30.yuv,16,MCL-JCV,0.2,router,39.12455439567566,0.12022135442972011,0.10071298419266839,40
BQTerrace_1920x1080_60.yuv,16,HEVC_B,0.2,router,38.751887828111656,0.18624389181024784,0.22222220511173774,40
BasketballDrive_1920x1080_50.yuv,16,HEVC_B,0.2,router,38.751887828111656,0.1972812209242701,0.21233912505933006,40
Cactus_1920x1080_50.yuv,16,HEVC_B,0.2,router,39.12455439567566,0.15855506638539724,0.16126462321871315,40
Kimono1_1920x1080_24.yuv,16,HEVC_B,0.2,router,39.12455439567566,0.08508390971480453,0.07747948910005675,40
ParkScene_1920x1080_24.yuv,16,HEVC_B,0.2,router,39.12455439567566,0.06295734489718163,0.06563188507305995,40
FourPeople_1280x720_60.yuv,16,HEVC_E,0.2,router,39.12455439567566,0.18137398183366132,0.20845026142023926,15
Johnny_1280x720_60.yuv,16,HEVC_E,0.2,router,37.1369993686676,0.18437738752072869,0.21588684884602571,15
KristenAndSara_1280x720_60.yuv,16,HEVC_E,0.2,router,36.143221855163574,0.17968177648774336,0.2035914693084493,15
BQMall_832x480_60.yuv,16,HEVC_C,0.2,router,39.12455439567566,0.14959926869333195,0.17698812978265366,8
BasketballDrill_832x480_50.yuv,16,HEVC_C,0.2,router,31.671223044395447,0.1805704089914848,0.20938264991523425,8
PartyScene_832x480_50.yuv,16,HEVC_C,0.2,router,39.12455439567566,0.124002394997502,0.14716509889356644,8
RaceHorses_832x480_30.yuv,16,HEVC_C,0.2,router,39.12455439567566,0.13825458390730302,0.16358443234230435,8
BasketballPass_416x240_50.yuv,16,HEVC_D,0.2,router,31.671223044395447,0.16492504558296395,0.1756796517899062,2
BlowingBubbles_416x240_50.yuv,16,HEVC_D,0.2,router,39.12455439567566,0.12377383733979908,0.1317386721675149,2
BQSquare_416x240_60.yuv,16,HEVC_D,0.2,router,31.671223044395447,0.16484982136053605,0.18078799606217544,2
RaceHorses_416x240_30.yuv,16,HEVC_D,0.2,router,39.12455439567566,0.19142307954193705,0.20402813614516901,2
Beauty_1920x1080_120fps_420_8bit_YUV.yuv,32,UVG,0.2,router,39.12455439567566,0.0400058145020213,0.04200414018367127,40
Bosphorus_1920x1080_120fps_420_8bit_YUV.yuv,32,UVG,0.2,router,39.12455439567566,0.13516348610502918,0.14286423112356061,40
HoneyBee_1920x1080_120fps_420_8bit_YUV.yuv,32,UVG,0.2,router,32.04388961195945,0.17949554751750468,0.11811079586865247,40
Jockey_1920x1080_120fps_420_8bit_YUV.yuv,32,UVG,0.2,router,39.12455439567566,0.16167873536129979,0.12990745021260608,40
ReadySteadyGo_1920x1080_120fps_420_8bit_YUV.yuv,32,UVG,0.2,router,33.9072224497795,0.18557429811472687,0.18465234185138968,40
ShakeNDry_1920x1080_120fps_420_8bit_YUV.yuv,32,UVG,0.2,router,39.12455439567566,0.08612350455037125,0.07759334076061464,40
YachtRide_1920x1080_120fps_420_8bit_YUV.yuv,32,UVG,0.2,router,35.39788872003555,0.1677278454874413,0.1829349444342938,40
videoSRC01_1920x1080_30.yuv,32,MCL-JCV,0.2,router,39.12455439567566,0.08936327909913269,0.08545393647829513,40
videoSRC02_1920x1080_30.yuv,32,MCL-JCV,0.2,router,35.02522215247155,0.18837415883154263,0.1670762202442191,40
videoSRC03_1920x1080_30.yuv,32,MCL-JCV,0.2,router,38.00655469298363,0.18831244835328745,0.19425303028522478,40
videoSRC04_1920x1080_30.yuv,32,MCL-JCV,0.2,router,39.12455439567566,0.10308853791622864,0.13002850258173737,40
videoSRC05_1920x1080_25.yuv,32,MCL-JCV,0.2,router,38.751887828111656,0.19460645241655344,0.22303180952358304,40
videoSRC06_1920x1080_25.yuv,32,MCL-JCV,0.2,router,39.12455439567566,0.016515877994750083,0.012836248730160094,40
videoSRC07_1920x1080_25.yuv,32,MCL-JCV,0.2,router,39.12455439567566,0.14230302585699628,0.10746570195657767,40
videoSRC08_1920x1080_25.yuv,32,MCL-JCV,0.2,router,39.12455439567566,0.0765152557384441,0.07637612332327848,40
videoSRC09_1920x1080_25.yuv,32,MCL-JCV,0.2,router,37.63388812541961,0.17529169465607813,0.17375447117697007,40
videoSRC10_1920x1080_30.yuv,32,MCL-JCV,0.2,router,27.52217680215836,0.17255174687464897,0.19349451080082503,40
videoSRC11_1920x1080_30.yuv,32,MCL-JCV,0.2,router,39.12455439567566,0.10686073833733585,0.14732839726728741,40
videoSRC12_1920x1080_30.yuv,32,MCL-JCV,0.2,router,38.751887828111656,0.18802959389487325,0.2317171419013775,40
videoSRC13_1920x1080_30.yuv,32,MCL-JCV,0.2,router,37.63388812541961,0.17051556493151898,0.27272784328414446,40
videoSRC14_1920x1080_30.yuv,32,MCL-JCV,0.2,router,38.00655469298363,0.18473671056029317,0.1725303019734099,40
videoSRC15_1920x1080_30.yuv,32,MCL-JCV,0.2,router,39.12455439567566,0.1330629459432975,0.14848467887613026,40
videoSRC16_1920x1080_30.yuv,32,MCL-JCV,0.2,router,39.12455439567566,0.1070870906070711,0.09854007646901408,40
videoSRC17_1920x1080_24.yuv,32,MCL-JCV,0.2,router,39.12455439567566,0.1664708813340449,0.12312580877473067,40
videoSRC18_1920x1080_25.yuv,32,MCL-JCV,0.2,router,38.751887828111656,0.17467119483940718,0.19084087151085782,40
videoSRC19_1920x1080_30.yuv,32,MCL-JCV,0.2,router,39.12455439567566,0.16391265416372847,0.18105069041373412,40
videoSRC20_1920x1080_25.yuv,32,MCL-JCV,0.2,router,38.00655469298363,0.16566627180511703,0.1599737597783033,40
videoSRC21_1920x1080_24.yuv,32,MCL-JCV,0.2,router,32.50836178660392,0.20964956034745807,0.15180223105208057,40
videoSRC22_1920x1080_24.yuv,32,MCL-JCV,0.2,router,39.12455439567566,0.1586212097539606,0.1711023446004276,40
videoSRC23_1920x1080_24.yuv,32,MCL-JCV,0.2,router,39.12455439567566,0.13868138680454475,0.1608616725399017,40
videoSRC24_1920x1080_24.yuv,32,MCL-JCV,0.2,router,32.975011616945274,0.18181400719596427,0.1710797865707221,40
videoSRC25_1920x1080_24.yuv,32,MCL-JCV,0.2,router,35.39788872003555,0.19007062353970647,0.18747975451296384,40
videoSRC26_1920x1080_30.yuv,32,MCL-JCV,0.2,router,34.65255558490753,0.19301549610670082,0.18082313656242377,40
videoSRC27_1920x1080_30.yuv,32,MCL-JCV,0.2,router,39.12455439567566,0.08186335384563105,0.10171609181512764,40
videoSRC28_1920x1080_30.yuv,32,MCL-JCV,0.2,router,39.12455439567566,0.09638940909628782,0.1128571306424675,40
videoSRC29_1920x1080_24.yuv,32,MCL-JCV,0.2,router,33.72034475207328,0.16571993319710554,0.1490306960835781,40
videoSRC30_1920x1080_30.yuv,32,MCL-JCV,0.2,router,39.12455439567566,0.12211880840911424,0.10125783354210682,40
BQTerrace_1920x1080_60.yuv,32,HEVC_B,0.2,router,36.143221855163574,0.16358170735284627,0.19670512798365536,40
BasketballDrive_1920x1080_50.yuv,32,HEVC_B,0.2,router,38.751887828111656,0.19055427900071187,0.20821283199884988,40
Cactus_1920x1080_50.yuv,32,HEVC_B,0.2,router,39.12455439567566,0.18039399074216428,0.1768500985209016,40
Kimono1_1920x1080_24.yuv,32,HEVC_B,0.2,router,39.12455439567566,0.15799089880175113,0.11881731394502992,40
ParkScene_1920x1080_24.yuv,32,HEVC_B,0.2,router,39.12455439567566,0.14481324639368334,0.13312559521870782,40
FourPeople_1280x720_60.yuv,32,HEVC_E,0.2,router,34.15566682815552,0.1827495390574269,0.19511628438954887,15
Johnny_1280x720_60.yuv,32,HEVC_E,0.2,router,34.15566682815552,0.18113938602389718,0.1981627261731589,15
KristenAndSara_1280x720_60.yuv,32,HEVC_E,0.2,router,34.15566682815552,0.16989716684952363,0.1798042870052825,15
BQMall_832x480_60.yuv,32,HEVC_C,0.2,router,35.39788872003555,0.15873224652862278,0.1839544677664975,8
BasketballDrill_832x480_50.yuv,32,HEVC_C,0.2,router,29.807890206575394,0.1873118037360479,0.2503950024312829,8
PartyScene_832x480_50.yuv,32,HEVC_C,0.2,router,31.671223044395447,0.15940455352658445,0.18841093206917492,8
RaceHorses_832x480_30.yuv,32,HEVC_C,0.2,router,37.261221557855606,0.1602268389607471,0.16862554978895616,8
BasketballPass_416x240_50.yuv,32,HEVC_D,0.2,router,31.671223044395447,0.16109128692808905,0.24265043321167923,2
BlowingBubbles_416x240_50.yuv,32,HEVC_D,0.2,router,31.671223044395447,0.14427956792964136,0.1585794771531539,2
BQSquare_416x240_60.yuv,32,HEVC_D,0.2,router,24.217891693115234,0.15793374841982885,0.17142811106429434,2
RaceHorses_416x240_30.yuv,32,HEVC_D,0.2,router,31.671223044395447,0.14974307143335955,0.18175899986723465,2
Beauty_1920x1080_120fps_420_8bit_YUV.yuv,48,UVG,0.2,router,39.12455439567566,0.03478144700684083,0.02987801027607162,40
Bosphorus_1920x1080_120fps_420_8bit_YUV.yuv,48,UVG,0.2,router,39.12455439567566,0.16937228822209072,0.1622045640957097,40
HoneyBee_1920x1080_120fps_420_8bit_YUV.yuv,48,UVG,0.2,router,32.41655617952347,0.17518445118447895,0.11383893050930993,40
Jockey_1920x1080_120fps_420_8bit_YUV.yuv,48,UVG,0.2,router,39.12455439567566,0.15451252038099772,0.12179747617497583,40
ReadySteadyGo_1920x1080_120fps_420_8bit_YUV.yuv,48,UVG,0.2,router,29.20080959796906,0.17175003083820445,0.1613363453701382,40
ShakeNDry_1920x1080_120fps_420_8bit_YUV.yuv,48,UVG,0.2,router,39.12455439567566,0.12184663492381868,0.09759264211673013,40
YachtRide_1920x1080_120fps_420_8bit_YUV.yuv,48,UVG,0.2,router,31.042007803916928,0.1676622490960603,0.17353834591540362,40
videoSRC01_1920x1080_30.yuv,48,MCL-JCV,0.2,router,39.12455439567566,0.06494298778826539,0.05510294382702341,40
videoSRC02_1920x1080_30.yuv,48,MCL-JCV,0.2,router,31.78734093904495,0.18269909180028163,0.15062502915942844,40
videoSRC03_1920x1080_30.yuv,48,MCL-JCV,0.2,router,37.07434386014938,0.17556856322083475,0.1699951288457413,40
videoSRC04_1920x1080_30.yuv,48,MCL-JCV,0.2,router,39.12455439567566,0.16950612105130064,0.20098710953926258,40
videoSRC05_1920x1080_25.yuv,48,MCL-JCV,0.2,router,39.12455439567566,0.17720787391074272,0.21727924324756742,40
videoSRC06_1920x1080_25.yuv,48,MCL-JCV,0.2,router,39.12455439567566,0.008601664437650479,0.00688037243234163,40
videoSRC07_1920x1080_25.yuv,48,MCL-JCV,0.2,router,39.12455439567566,0.1379854929457343,0.10070027789964087,40
videoSRC08_1920x1080_25.yuv,48,MCL-JCV,0.2,router,39.12455439567566,0.06442195265288003,0.06767704727700163,40
videoSRC09_1920x1080_25.yuv,48,MCL-JCV,0.2,router,36.515888422727585,0.17379804509442695,0.1695660863149797,40
videoSRC10_1920x1080_30.yuv,48,MCL-JCV,0.2,router,26.730395555496212,0.16654158113805062,0.18836556913129243,40
videoSRC11_1920x1080_30.yuv,48,MCL-JCV,0.2,router,39.12455439567566,0.11561663190527952,0.14508602443160612,40
videoSRC12_1920x1080_30.yuv,48,MCL-JCV,0.2,router,35.14134004712105,0.17758248385257286,0.19159342413696834,40
videoSRC13_1920x1080_30.yuv,48,MCL-JCV,0.2,router,35.77055528759956,0.16328962071649183,0.19882602493636625,40
videoSRC14_1920x1080_30.yuv,48,MCL-JCV,0.2,router,37.63388812541961,0.18397131316859536,0.1634615291758692,40
videoSRC15_1920x1080_30.yuv,48,MCL-JCV,0.2,router,39.12455439567566,0.14288096133542483,0.1438730086338893,40
videoSRC16_1920x1080_30.yuv,48,MCL-JCV,0.2,router,39.12455439567566,0.1099939631085734,0.09498978551739157,40
videoSRC17_1920x1080_24.yuv,48,MCL-JCV,0.2,router,37.261221557855606,0.18134517077529277,0.1196702603736739,40
videoSRC18_1920x1080_25.yuv,48,MCL-JCV,0.2,router,35.14134004712105,0.1637296544891359,0.1925879649451545,40
videoSRC19_1920x1080_30.yuv,48,MCL-JCV,0.2,router,36.515888422727585,0.17774086761016183,0.16983327268425086,40
videoSRC20_1920x1080_25.yuv,48,MCL-JCV,0.2,router,35.886673182249076,0.16653098855312765,0.16641244887070172,40
videoSRC21_1920x1080_24.yuv,48,MCL-JCV,0.2,router,39.12455439567566,0.17542289549984796,0.1280862594827994,40
videoSRC22_1920x1080_24.yuv,48,MCL-JCV,0.2,router,39.12455439567566,0.15556229301397126,0.16350546207628014,40
videoSRC23_1920x1080_24.yuv,48,MCL-JCV,0.2,router,39.12455439567566,0.15221963699927638,0.15652695629533042,40
videoSRC24_1920x1080_24.yuv,48,MCL-JCV,0.2,router,31.390361487865448,0.1755692181751828,0.1721460732980873,40
videoSRC25_1920x1080_24.yuv,48,MCL-JCV,0.2,router,31.671223044395447,0.18677517018054796,0.1845437413733606,40
videoSRC26_1920x1080_30.yuv,48,MCL-JCV,0.2,router,32.04388961195945,0.18093577355821294,0.16415592059020412,40
videoSRC27_1920x1080_30.yuv,48,MCL-JCV,0.2,router,39.12455439567566,0.09148112216841649,0.10653263897238219,40
videoSRC28_1920x1080_30.yuv,48,MCL-JCV,0.2,router,39.12455439567566,0.12335416329637994,0.12060253671484844,40
videoSRC29_1920x1080_24.yuv,48,MCL-JCV,0.2,router,39.12455439567566,0.1290049002369896,0.11841690896419266,40
videoSRC30_1920x1080_30.yuv,48,MCL-JCV,0.2,router,39.12455439567566,0.13748941973939752,0.11572329693247951,40
BQTerrace_1920x1080_60.yuv,48,HEVC_B,0.2,router,35.02522215247155,0.16129970570357505,0.19245350690675167,40
BasketballDrive_1920x1080_50.yuv,48,HEVC_B,0.2,router,39.12455439567566,0.1661645977700265,0.1925579420662018,40
Cactus_1920x1080_50.yuv,48,HEVC_B,0.2,router,38.751887828111656,0.16975128394673117,0.1724852109385253,40
Kimono1_1920x1080_24.yuv,48,HEVC_B,0.2,router,37.63388812541961,0.1833170790170287,0.12081961348687287,40
ParkScene_1920x1080_24.yuv,48,HEVC_B,0.2,router,33.37090164422989,0.1761563949395152,0.14281843828549512,40
FourPeople_1280x720_60.yuv,48,HEVC_E,0.2,router,31.174334287643436,0.17240375075790304,0.1699662042917538,15
Johnny_1280x720_60.yuv,48,HEVC_E,0.2,router,35.14944434165954,0.18120202014980266,0.19285345759045924,15
KristenAndSara_1280x720_60.yuv,48,HEVC_E,0.2,router,35.39716283480326,0.16851239810040355,0.16485071448302335,15
BQMall_832x480_60.yuv,48,HEVC_C,0.2,router,31.671223044395447,0.15939178694355505,0.19226728780317615,8
BasketballDrill_832x480_50.yuv,48,HEVC_C,0.2,router,29.807890206575394,0.16780402892554314,0.29121588422486866,8
PartyScene_832x480_50.yuv,48,HEVC_C,0.2,router,26.081224530935287,0.17623943677640433,0.23183257793850487,8
RaceHorses_832x480_30.yuv,48,HEVC_C,0.2,router,31.671223044395447,0.1405309933143925,0.15459253049470334,8
BasketballPass_416x240_50.yuv,48,HEVC_D,0.2,router,24.217891693115234,0.0750732463167401,0.19217282224030896,2
BlowingBubbles_416x240_50.yuv,48,HEVC_D,0.2,router,24.217891693115234,0.1246782389139171,0.14235163105384885,2
BQSquare_416x240_60.yuv,48,HEVC_D,0.2,router,13.027006387710571,0.11699201616290522,0.12342461738782617,2
RaceHorses_416x240_30.yuv,48,HEVC_D,0.2,router,24.217891693115234,0.11524988619254543,0.16660542740594053,2
Beauty_1920x1080_120fps_420_8bit_YUV.yuv,63,UVG,0.2,router,39.12455439567566,0.04971021864438808,0.034904276989891514,40
Bosphorus_1920x1080_120fps_420_8bit_YUV.yuv,63,UVG,0.2,router,38.37922126054764,0.1806655813323394,0.1565621175037677,40
HoneyBee_1920x1080_120fps_420_8bit_YUV.yuv,63,UVG,0.2,router,33.5345558822155,0.1657053117855179,0.11393069165974623,40
Jockey_1920x1080_120fps_420_8bit_YUV.yuv,63,UVG,0.2,router,39.12455439567566,0.12844800193775738,0.10434662094489511,40
ReadySteadyGo_1920x1080_120fps_420_8bit_YUV.yuv,63,UVG,0.2,router,26.405265331268314,0.15569868445330484,0.1528160775399101,40
ShakeNDry_1920x1080_120fps_420_8bit_YUV.yuv,63,UVG,0.2,router,38.37922126054764,0.15913126942298295,0.1099293049085901,40
YachtRide_1920x1080_120fps_420_8bit_YUV.yuv,63,UVG,0.2,router,31.78734093904495,0.16418316962447096,0.17452357713703037,40
videoSRC01_1920x1080_30.yuv,63,MCL-JCV,0.2,router,39.12455439567566,0.048019157666552646,0.038557633246547596,40
videoSRC02_1920x1080_30.yuv,63,MCL-JCV,0.2,router,35.14134004712105,0.17222932512485306,0.14172944687979339,40
videoSRC03_1920x1080_30.yuv,63,MCL-JCV,0.2,router,36.002791076898575,0.165445771006686,0.14751577845062513,40
videoSRC04_1920x1080_30.yuv,63,MCL-JCV,0.2,router,34.27988901734352,0.16828342585754613,0.2000297906521098,40
videoSRC05_1920x1080_25.yuv,63,MCL-JCV,0.2,router,39.12455439567566,0.14158903160323566,0.20424735993737642,40
videoSRC06_1920x1080_25.yuv,63,MCL-JCV,0.2,router,39.12455439567566,0.02600667613628087,0.04657304707420451,40
videoSRC07_1920x1080_25.yuv,63,MCL-JCV,0.2,router,39.12455439567566,0.14367393879637352,0.10650204515259531,40
videoSRC08_1920x1080_25.yuv,63,MCL-JCV,0.2,router,39.12455439567566,0.056620755820442695,0.06294778181375449,40
videoSRC09_1920x1080_25.yuv,63,MCL-JCV,0.2,router,39.12455439567566,0.1727538722372386,0.1688537916990711,40
videoSRC10_1920x1080_30.yuv,63,MCL-JCV,0.2,router,26.753619015216824,0.1543407947729895,0.16360853957765187,40
videoSRC11_1920x1080_30.yuv,63,MCL-JCV,0.2,router,39.12455439567566,0.15975969287341063,0.1701195647789291,40
videoSRC12_1920x1080_30.yuv,63,MCL-JCV,0.2,router,26.964810192584988,0.16224438121947032,0.15217461585911707,40
videoSRC13_1920x1080_30.yuv,63,MCL-JCV,0.2,router,34.27988901734352,0.14648999725723924,0.15216682644773982,40
videoSRC14_1920x1080_30.yuv,63,MCL-JCV,0.2,router,37.63388812541961,0.17520305711854967,0.15451286712180945,40
videoSRC15_1920x1080_30.yuv,63,MCL-JCV,0.2,router,39.12455439567566,0.17307669926142663,0.16122214526673417,40
videoSRC16_1920x1080_30.yuv,63,MCL-JCV,0.2,router,39.12455439567566,0.09882546158323849,0.08549105025943504,40
videoSRC17_1920x1080_24.yuv,63,MCL-JCV,0.2,router,35.583677589893334,0.17223436565195355,0.11641911450903564,40
videoSRC18_1920x1080_25.yuv,63,MCL-JCV,0.2,router,31.763028055429455,0.15374458763368437,0.19771477863775289,40
videoSRC19_1920x1080_30.yuv,63,MCL-JCV,0.2,router,31.903458833694454,0.1641058447669521,0.13773335711468349,40
videoSRC20_1920x1080_25.yuv,63,MCL-JCV,0.2,router,31.50647938251495,0.1578229577029733,0.16578361648225837,40
videoSRC21_1920x1080_24.yuv,63,MCL-JCV,0.2,router,39.12455439567566,0.0874845960927644,0.0774756780036796,40
videoSRC22_1920x1080_24.yuv,63,MCL-JCV,0.2,router,39.12455439567566,0.13665402138055113,0.1383946122104689,40
videoSRC23_1920x1080_24.yuv,63,MCL-JCV,0.2,router,39.12455439567566,0.15232257381789444,0.14508744274918683,40
videoSRC24_1920x1080_24.yuv,63,MCL-JCV,0.2,router,31.390361487865448,0.15998283325654045,0.19870782982494006,40
videoSRC25_1920x1080_24.yuv,63,MCL-JCV,0.2,router,29.06255707144737,0.17147440599994518,0.19676012585841818,40
videoSRC26_1920x1080_30.yuv,63,MCL-JCV,0.2,router,31.15812569856644,0.17353780508303288,0.16086178120818317,40
videoSRC27_1920x1080_30.yuv,63,MCL-JCV,0.2,router,39.12455439567566,0.1062786986069008,0.1142023593718875,40
videoSRC28_1920x1080_30.yuv,63,MCL-JCV,0.2,router,39.12455439567566,0.14705990756138135,0.12628606302261858,40
videoSRC29_1920x1080_24.yuv,63,MCL-JCV,0.2,router,39.12455439567566,0.08633133498300372,0.07821291375751116,40
videoSRC30_1920x1080_30.yuv,63,MCL-JCV,0.2,router,39.12455439567566,0.15232840290279578,0.12952191839406169,40
BQTerrace_1920x1080_60.yuv,63,HEVC_B,0.2,router,31.391450911760334,0.1550539558668599,0.18221702975328924,40
BasketballDrive_1920x1080_50.yuv,63,HEVC_B,0.2,router,39.12455439567566,0.12884411298809872,0.17434423565356383,40
Cactus_1920x1080_50.yuv,63,HEVC_B,0.2,router,38.751887828111656,0.16095460304917675,0.1671987593422486,40
Kimono1_1920x1080_24.yuv,63,HEVC_B,0.2,router,35.606901049613946,0.1682552159001313,0.11376360917423511,40
ParkScene_1920x1080_24.yuv,63,HEVC_B,0.2,router,27.24349290132523,0.15473412359231112,0.11996684012437697,40
FourPeople_1280x720_60.yuv,63,HEVC_E,0.2,router,32.16811180114746,0.16783066674987135,0.1657911799006797,15
Johnny_1280x720_60.yuv,63,HEVC_E,0.2,router,37.1369993686676,0.15994678324283956,0.17838472843290276,15
KristenAndSara_1280x720_60.yuv,63,HEVC_E,0.2,router,35.39716283480326,0.15349075500507167,0.1501710082551142,15
BQMall_832x480_60.yuv,63,HEVC_C,0.2,router,27.94455736875534,0.1691958035842911,0.22433705305807905,8
BasketballDrill_832x480_50.yuv,63,HEVC_C,0.2,router,29.807890206575394,0.165406121518856,0.38080883479833716,8
PartyScene_832x480_50.yuv,63,HEVC_C,0.2,router,20.021309703588486,0.13534719859291197,0.22313131163442534,8
RaceHorses_832x480_30.yuv,63,HEVC_C,0.2,router,26.081224530935287,0.15288993117921795,0.18489233308491748,8
BasketballPass_416x240_50.yuv,63,HEVC_D,0.2,router,24.217891693115234,0.05968454425276429,0.2914803947614928,2
BlowingBubbles_416x240_50.yuv,63,HEVC_D,0.2,router,24.217891693115234,0.1735541064633621,0.21072370699833698,2
BQSquare_416x240_60.yuv,63,HEVC_D,0.2,router,-0.9507179260253906,0.027781405176250804,0.025091122569989466,2
RaceHorses_416x240_30.yuv,63,HEVC_D,0.2,router,18.622449040412903,0.10915086029308158,0.1808116490305025,2
Beauty_1920x1080_120fps_420_8bit_YUV.yuv,0,UVG,0.2,dither,39.12455439567566,0.08091148795395814,0.08229179922256691,40
Bosphorus_1920x1080_120fps_420_8bit_YUV.yuv,0,UVG,0.2,dither,39.12455439567566,0.109843875346532,0.12340274289241648,40
HoneyBee_1920x1080_120fps_420_8bit_YUV.yuv,0,UVG,0.2,dither,32.41655617952347,0.1857801771208695,0.13804014547275756,40
Jockey_1920x1080_120fps_420_8bit_YUV.yuv,0,UVG,0.2,dither,36.8885549902916,0.20771248237642093,0.17335534680304931,40
ReadySteadyGo_1920x1080_120fps_420_8bit_YUV.yuv,0,UVG,0.2,dither,39.12455439567566,0.14633471004031023,0.15624953325017543,40
ShakeNDry_1920x1080_120fps_420_8bit_YUV.yuv,0,UVG,0.2,dither,39.12455439567566,0.07391442561049448,0.08615749684847174,40
YachtRide_1920x1080_120fps_420_8bit_YUV.yuv,0,UVG,0.2,dither,39.12455439567566,0.10892885197622486,0.1282077706456306,40
videoSRC01_1920x1080_30.yuv,0,MCL-JCV,0.2,dither,39.12455439567566,0.11191786889207839,0.11281084095170257,40
videoSRC02_1920x1080_30.yuv,0,MCL-JCV,0.2,dither,39.12455439567566,0.17464680060032226,0.1768422608582796,40
videoSRC03_1920x1080_30.yuv,0,MCL-JCV,0.2,dither,39.12455439567566,0.14850820272262996,0.16724756669837149,40
videoSRC04_1920x1080_30.yuv,0,MCL-JCV,0.2,dither,39.12455439567566,0.022088933433354694,0.04003983538861888,40
videoSRC05_1920x1080_25.yuv,0,MCL-JCV,0.2,dither,39.12455439567566,0.19813605448558747,0.20905489733496552,40
videoSRC06_1920x1080_25.yuv,0,MCL-JCV,0.2,dither,39.12455439567566,0.03224088419020011,0.024900584410012527,40
videoSRC07_1920x1080_25.yuv,0,MCL-JCV,0.2,dither,39.12455439567566,0.11573114557075326,0.10866693196463473,40
videoSRC08_1920x1080_25.yuv,0,MCL-JCV,0.2,dither,39.12455439567566,0.08800453043344487,0.08874859056497542,40
videoSRC09_1920x1080_25.yuv,0,MCL-JCV,0.2,dither,39.12455439567566,0.10283143571382153,0.12001661422514331,40
videoSRC10_1920x1080_30.yuv,0,MCL-JCV,0.2,dither,29.06255707144737,0.19856404895310076,0.23334323716636618,40
videoSRC11_1920x1080_30.yuv,0,MCL-JCV,0.2,dither,39.12455439567566,0.08271465359720417,0.10288921740490053,40
videoSRC12_1920x1080_30.yuv,0,MCL-JCV,0.2,dither,39.12455439567566,0.1037568024915999,0.11577506073790644,40
videoSRC13_1920x1080_30.yuv,0,MCL-JCV,0.2,dither,39.12455439567566,0.055605978859048916,0.10980931904400393,40
videoSRC14_1920x1080_30.yuv,0,MCL-JCV,0.2,dither,39.12455439567566,0.11677195797407153,0.11992287933583157,40
videoSRC15_1920x1080_30.yuv,0,MCL-JCV,0.2,dither,39.12455439567566,0.08777389709425759,0.11144647263915886,40
videoSRC16_1920x1080_30.yuv,0,MCL-JCV,0.2,dither,39.12455439567566,0.16502806827968244,0.14172133525790542,40
videoSRC17_1920x1080_24.yuv,0,MCL-JCV,0.2,dither,39.12455439567566,0.06855976918494282,0.06612191226552255,40
videoSRC18_1920x1080_25.yuv,0,MCL-JCV,0.2,dither,39.12455439567566,0.11724686045861205,0.12298658455799938,40
videoSRC19_1920x1080_30.yuv,0,MCL-JCV,0.2,dither,39.12455439567566,0.0745683624426924,0.0746782533749979,40
videoSRC20_1920x1080_25.yuv,0,MCL-JCV,0.2,dither,39.12455439567566,0.18260786219683853,0.17527663837079643,40
videoSRC21_1920x1080_24.yuv,0,MCL-JCV,0.2,dither,39.12455439567566,0.02207029871673177,0.0585511196388282,40
videoSRC22_1920x1080_24.yuv,0,MCL-JCV,0.2,dither,39.12455439567566,0.09952882662912543,0.10540536077579787,40
videoSRC23_1920x1080_24.yuv,0,MCL-JCV,0.2,dither,39.12455439567566,0.0968228220381803,0.11403509249188204,40
videoSRC24_1920x1080_24.yuv,0,MCL-JCV,0.2,dither,29.06255707144737,0.19815485320318016,0.17186617641052493,40
videoSRC25_1920x1080_24.yuv,0,MCL-JCV,0.2,dither,39.12455439567566,0.1512317619770954,0.14407022162144756,40
videoSRC26_1920x1080_30.yuv,0,MCL-JCV,0.2,dither,39.12455439567566,0.1311375174981168,0.13059835291463884,40
videoSRC27_1920x1080_30.yuv,0,MCL-JCV,0.2,dither,39.12455439567566,0.12304989238188797,0.14466394978160935,40
videoSRC28_1920x1080_30.yuv,0,MCL-JCV,0.2,dither,39.12455439567566,0.08446472309023867,0.12758942859357347,40
videoSRC29_1920x1080_24.yuv,0,MCL-JCV,0.2,dither,39.12455439567566,0.026554528748609415,0.030472528798817677,40
videoSRC30_1920x1080_30.yuv,0,MCL-JCV,0.2,dither,39.12455439567566,0.13188763853599522,0.11641022695994252,40
BQTerrace_1920x1080_60.yuv,0,HEVC_B,0.2,dither,39.12455439567566,0.10258983867521763,0.11971255977277195,40
BasketballDrive_1920x1080_50.yuv,0,HEVC_B,0.2,dither,38.751887828111656,0.19642334166198633,0.2030252368056935,40
Cactus_1920x1080_50.yuv,0,HEVC_B,0.2,dither,39.12455439567566,0.1249748055096448,0.12955231067528672,40
Kimono1_1920x1080_24.yuv,0,HEVC_B,0.2,dither,39.12455439567566,0.060235008562486994,0.05936236147662299,40
ParkScene_1920x1080_24.yuv,0,HEVC_B,0.2,dither,39.12455439567566,0.045551741504323714,0.048133639677402584,40
FourPeople_1280x720_60.yuv,0,HEVC_E,0.2,dither,39.12455439567566,0.12948886949966706,0.16060766120427772,15
Johnny_1280x720_60.yuv,0,HEVC_E,0.2,dither,39.12455439567566,0.18192846977077,0.21129207136709738,15
KristenAndSara_1280x720_60.yuv,0,HEVC_E,0.2,dither,39.12455439567566,0.17138010908195545,0.2014610847060183,15
BQMall_832x480_60.yuv,0,HEVC_C,0.2,dither,39.12455439567566,0.11356606947980527,0.14182263489756153,8
BasketballDrill_832x480_50.yuv,0,HEVC_C,0.2,dither,35.39788872003555,0.1864314585294491,0.18627962189578895,8
PartyScene_832x480_50.yuv,0,HEVC_C,0.2,dither,39.12455439567566,0.053026271524124965,0.06948338609807791,8
RaceHorses_832x480_30.yuv,0,HEVC_C,0.2,dither,39.12455439567566,0.1446766982695335,0.16221749313272937,8
BasketballPass_416x240_50.yuv,0,HEVC_D,0.2,dither,39.12455439567566,0.09266809287871032,0.09672854304720602,2
BlowingBubbles_416x240_50.yuv,0,HEVC_D,0.2,dither,39.12455439567566,0.07805770360087562,0.08556953699413583,2
BQSquare_416x240_60.yuv,0,HEVC_D,0.2,dither,39.12455439567566,0.08217431314399251,0.10199766528313603,2
RaceHorses_416x240_30.yuv,0,HEVC_D,0.2,dither,39.12455439567566,0.1764226216711234,0.17634835808481952,2
Beauty_1920x1080_120fps_420_8bit_YUV.yuv,16,UVG,0.2,dither,39.12455439567566,0.04401150336257254,0.04814296022141917,40
Bosphorus_1920x1080_120fps_420_8bit_YUV.yuv,16,UVG,0.2,dither,39.12455439567566,0.12934723913555551,0.14363374414060814,40
HoneyBee_1920x1080_120fps_420_8bit_YUV.yuv,16,UVG,0.2,dither,30.55322334170342,0.199676342379963,0.1343128840992165,40
Jockey_1920x1080_120fps_420_8bit_YUV.yuv,16,UVG,0.2,dither,39.12455439567566,0.19001626879784186,0.16004635460854644,40
ReadySteadyGo_1920x1080_120fps_420_8bit_YUV.yuv,16,UVG,0.2,dither,35.02522215247155,0.19467632000830531,0.20180749936388054,40
ShakeNDry_1920x1080_120fps_420_8bit_YUV.yuv,16,UVG,0.2,dither,39.12455439567566,0.05927740339012894,0.06188958735465633,40
YachtRide_1920x1080_120fps_420_8bit_YUV.yuv,16,UVG,0.2,dither,39.12455439567566,0.16388639393278842,0.1899282540294891,40
videoSRC01_1920x1080_30.yuv,16,MCL-JCV,0.2,dither,39.12455439567566,0.0955428316105992,0.0967970859865801,40
videoSRC02_1920x1080_30.yuv,16,MCL-JCV,0.2,dither,35.39788872003555,0.19707324263681295,0.18803903425914825,40
videoSRC03_1920x1080_30.yuv,16,MCL-JCV,0.2,dither,39.12455439567566,0.18219653146021758,0.1902374466877106,40
videoSRC04_1920x1080_30.yuv,16,MCL-JCV,0.2,dither,39.12455439567566,0.05703442659334555,0.07394946548483006,40
videoSRC05_1920x1080_25.yuv,16,MCL-JCV,0.2,dither,38.00655469298363,0.1972910474042652,0.21742486853197818,40
videoSRC06_1920x1080_25.yuv,16,MCL-JCV,0.2,dither,39.12455439567566,0.04308834139587414,0.033973665926467334,40
videoSRC07_1920x1080_25.yuv,16,MCL-JCV,0.2,dither,39.12455439567566,0.1408576793643172,0.11538346439240144,40
videoSRC08_1920x1080_25.yuv,16,MCL-JCV,0.2,dither,39.12455439567566,0.07643486500737173,0.08059076617725935,40
videoSRC09_1920x1080_25.yuv,16,MCL-JCV,0.2,dither,39.12455439567566,0.14580464323448347,0.15831739406687717,40
videoSRC10_1920x1080_30.yuv,16,MCL-JCV,0.2,dither,23.37857529520988,0.19269219728957873,0.19868740566916188,40
videoSRC11_1920x1080_30.yuv,16,MCL-JCV,0.2,dither,39.12455439567566,0.10199983339759855,0.13507317275183794,40
videoSRC12_1920x1080_30.yuv,16,MCL-JCV,0.2,dither,39.12455439567566,0.1280185153159816,0.15380380110630654,40
videoSRC13_1920x1080_30.yuv,16,MCL-JCV,0.2,dither,39.12455439567566,0.1270353262993276,0.25137172464157587,40
videoSRC14_1920x1080_30.yuv,16,MCL-JCV,0.2,dither,39.12455439567566,0.16639291916064172,0.16538506434140032,40
videoSRC15_1920x1080_30.yuv,16,MCL-JCV,0.2,dither,39.12455439567566,0.1051254640862436,0.1286184642185475,40
videoSRC16_1920x1080_30.yuv,16,MCL-JCV,0.2,dither,39.12455439567566,0.1259793504189927,0.11515760408676101,40
videoSRC17_1920x1080_24.yuv,16,MCL-JCV,0.2,dither,39.12455439567566,0.08941793980308829,0.08155845898273384,40
videoSRC18_1920x1080_25.yuv,16,MCL-JCV,0.2,dither,39.12455439567566,0.12902197126214227,0.1443929384378535,40
videoSRC19_1920x1080_30.yuv,16,MCL-JCV,0.2,dither,39.12455439567566,0.11513920041085185,0.1342407240236696,40
videoSRC20_1920x1080_25.yuv,16,MCL-JCV,0.2,dither,39.12455439567566,0.1831096715477446,0.1746254221197603,40
videoSRC21_1920x1080_24.yuv,16,MCL-JCV,0.2,dither,39.12455439567566,0.07775652486078233,0.08881954437627826,40
videoSRC22_1920x1080_24.yuv,16,MCL-JCV,0.2,dither,39.12455439567566,0.12836554675007456,0.12868551140512352,40
videoSRC23_1920x1080_24.yuv,16,MCL-JCV,0.2,dither,39.12455439567566,0.11460867223512847,0.1390036036728972,40
videoSRC24_1920x1080_24.yuv,16,MCL-JCV,0.2,dither,28.317223936319348,0.20020267294958913,0.1761724682432515,40
videoSRC25_1920x1080_24.yuv,16,MCL-JCV,0.2,dither,37.261221557855606,0.1844761800971813,0.17281284096054605,40
videoSRC26_1920x1080_30.yuv,16,MCL-JCV,0.2,dither,38.751887828111656,0.1996874622016526,0.19627007798059992,40
videoSRC27_1920x1080_30.yuv,16,MCL-JCV,0.2,dither,39.12455439567566,0.09217700764258546,0.11184854147147405,40
videoSRC28_1920x1080_30.yuv,16,MCL-JCV,0.2,dither,39.12455439567566,0.08676719373508426,0.1161054615494308,40
videoSRC29_1920x1080_24.yuv,16,MCL-JCV,0.2,dither,39.12455439567566,0.09076679545469563,0.09173275445789386,40
videoSRC30_1920x1080_30.yuv,16,MCL-JCV,0.2,dither,39.12455439567566,0.12022135442972011,0.10071298419266839,40
BQTerrace_1920x1080_60.yuv,16,HEVC_B,0.2,dither,38.37922126054764,0.18785061085372365,0.2255948095391922,40
BasketballDrive_1920x1080_50.yuv,16,HEVC_B,0.2,dither,38.751887828111656,0.1981871753448906,0.212369496524893,40
Cactus_1920x1080_50.yuv,16,HEVC_B,0.2,dither,39.12455439567566,0.15855506638539724,0.16126462321871315,40
Kimono1_1920x1080_24.yuv,16,HEVC_B,0.2,dither,39.12455439567566,0.08508390971480453,0.07747948910005675,40
ParkScene_1920x1080_24.yuv,16,HEVC_B,0.2,dither,39.12455439567566,0.06295734489718163,0.06563188507305995,40
FourPeople_1280x720_60.yuv,16,HEVC_E,0.2,dither,39.12455439567566,0.18137398183366132,0.20845026142023926,15
Johnny_1280x720_60.yuv,16,HEVC_E,0.2,dither,35.14944434165954,0.18121618996444352,0.2134630535228581,15
KristenAndSara_1280x720_60.yuv,16,HEVC_E,0.2,dither,32.16811180114746,0.19189085523928917,0.21418446519077605,15
BQMall_832x480_60.yuv,16,HEVC_C,0.2,dither,39.12455439567566,0.14959926869333195,0.17698812978265366,8
BasketballDrill_832x480_50.yuv,16,HEVC_C,0.2,dither,29.807890206575394,0.16764409998626095,0.1961706017213345,8
PartyScene_832x480_50.yuv,16,HEVC_C,0.2,dither,39.12455439567566,0.124002394997502,0.14716509889356644,8
RaceHorses_832x480_30.yuv,16,HEVC_C,0.2,dither,39.12455439567566,0.13825458390730302,0.16358443234230435,8
BasketballPass_416x240_50.yuv,16,HEVC_D,0.2,dither,31.671223044395447,0.15391361071922816,0.16605513853499332,2
BlowingBubbles_416x240_50.yuv,16,HEVC_D,0.2,dither,39.12455439567566,0.12377383733979908,0.1317386721675149,2
BQSquare_416x240_60.yuv,16,HEVC_D,0.2,dither,31.671223044395447,0.16484982136053605,0.18078799606217544,2
RaceHorses_416x240_30.yuv,16,HEVC_D,0.2,dither,39.12455439567566,0.19142307954193705,0.20402813614516901,2
Beauty_1920x1080_120fps_420_8bit_YUV.yuv,32,UVG,0.2,dither,39.12455439567566,0.0400058145020213,0.04200414018367127,40
Bosphorus_1920x1080_120fps_420_8bit_YUV.yuv,32,UVG,0.2,dither,39.12455439567566,0.13516348610502918,0.14286423112356061,40
HoneyBee_1920x1080_120fps_420_8bit_YUV.yuv,32,UVG,0.2,dither,29.807890206575394,0.19015820013646767,0.12184509974447622,40
Jockey_1920x1080_120fps_420_8bit_YUV.yuv,32,UVG,0.2,dither,39.12455439567566,0.16167873536129979,0.12990745021260608,40
ReadySteadyGo_1920x1080_120fps_420_8bit_YUV.yuv,32,UVG,0.2,dither,29.06255707144737,0.18999314393215103,0.18667912649922158,40
ShakeNDry_1920x1080_120fps_420_8bit_YUV.yuv,32,UVG,0.2,dither,39.12455439567566,0.08612350455037125,0.07759334076061464,40
YachtRide_1920x1080_120fps_420_8bit_YUV.yuv,32,UVG,0.2,dither,33.161889314651496,0.17686108746987633,0.19172452994335032,40
videoSRC01_1920x1080_30.yuv,32,MCL-JCV,0.2,dither,39.12455439567566,0.08936327909913269,0.08545393647829513,40
videoSRC02_1920x1080_30.yuv,32,MCL-JCV,0.2,dither,29.435223639011387,0.19134226632491697,0.16806263828308232,40
videoSRC03_1920x1080_30.yuv,32,MCL-JCV,0.2,dither,34.65255558490753,0.1882814909816839,0.19221039110006188,40
videoSRC04_1920x1080_30.yuv,32,MCL-JCV,0.2,dither,39.12455439567566,0.10308853791622864,0.13002850258173737,40
videoSRC05_1920x1080_25.yuv,32,MCL-JCV,0.2,dither,38.00655469298363,0.1911863853948283,0.2183488050171647,40
videoSRC06_1920x1080_25.yuv,32,MCL-JCV,0.2,dither,39.12455439567566,0.016515877994750083,0.012836248730160094,40
videoSRC07_1920x1080_25.yuv,32,MCL-JCV,0.2,dither,39.12455439567566,0.14230302585699628,0.10746570195657767,40
videoSRC08_1920x1080_25.yuv,32,MCL-JCV,0.2,dither,39.12455439567566,0.0765152557384441,0.07637612332327848,40
videoSRC09_1920x1080_25.yuv,32,MCL-JCV,0.2,dither,36.515888422727585,0.17879253845251367,0.17730024563758207,40
videoSRC10_1920x1080_30.yuv,32,MCL-JCV,0.2,dither,17.22358837723732,0.17265548669522052,0.18223721778556978,40
videoSRC11_1920x1080_30.yuv,32,MCL-JCV,0.2,dither,39.12455439567566,0.10686073833733585,0.14732839726728741,40
videoSRC12_1920x1080_30.yuv,32,MCL-JCV,0.2,dither,36.515888422727585,0.18974254906015886,0.2336649903388377,40
videoSRC13_1920x1080_30.yuv,32,MCL-JCV,0.2,dither,35.39788872003555,0.17883623305061574,0.2722732339672902,40
videoSRC14_1920x1080_30.yuv,32,MCL-JCV,0.2,dither,36.515888422727585,0.18349410892579449,0.17156936396354894,40
videoSRC15_1920x1080_30.yuv,32,MCL-JCV,0.2,dither,39.12455439567566,0.1330629459432975,0.14848467887613026,40
videoSRC16_1920x1080_30.yuv,32,MCL-JCV,0.2,dither,39.12455439567566,0.1070870906070711,0.09854007646901408,40
videoSRC17_1920x1080_24.yuv,32,MCL-JCV,0.2,dither,39.12455439567566,0.1664708813340449,0.12312580877473067,40
videoSRC18_1920x1080_25.yuv,32,MCL-JCV,0.2,dither,38.37922126054764,0.18148294354342392,0.19846320844251153,40
videoSRC19_1920x1080_30.yuv,32,MCL-JCV,0.2,dither,39.12455439567566,0.16391265416372847,0.18105069041373412,40
videoSRC20_1920x1080_25.yuv,32,MCL-JCV,0.2,dither,34.65255558490753,0.18082493813692826,0.17264844773062293,40
videoSRC21_1920x1080_24.yuv,32,MCL-JCV,0.2,dither,32.04388961195945,0.191448785357389,0.14498093917593735,40
videoSRC22_1920x1080_24.yuv,32,MCL-JCV,0.2,dither,39.12455439567566,0.1586212097539606,0.1711023446004276,40
videoSRC23_1920x1080_24.yuv,32,MCL-JCV,0.2,dither,39.12455439567566,0.13868138680454475,0.1608616725399017,40
videoSRC24_1920x1080_24.yuv,32,MCL-JCV,0.2,dither,25.335891395807263,0.18545533435417702,0.1693113912845874,40
videoSRC25_1920x1080_24.yuv,32,MCL-JCV,0.2,dither,32.04388961195945,0.1855224506676818,0.17887420430189138,40
videoSRC26_1920x1080_30.yuv,32,MCL-JCV,0.2,dither,27.94455736875534,0.1992338099591634,0.18521596276055163,40
videoSRC27_1920x1080_30.yuv,32,MCL-JCV,0.2,dither,39.12455439567566,0.08186335384563105,0.10171609181512764,40
videoSRC28_1920x1080_30.yuv,32,MCL-JCV,0.2,dither,39.12455439567566,0.09638940909628782,0.1128571306424675,40
videoSRC29_1920x1080_24.yuv,32,MCL-JCV,0.2,dither,33.161889314651496,0.17915766894167579,0.16337391341149754,40
videoSRC30_1920x1080_30.yuv,32,MCL-JCV,0.2,dither,39.12455439567566,0.12211880840911424,0.10125783354210682,40
BQTerrace_1920x1080_60.yuv,32,HEVC_B,0.2,dither,33.161889314651496,0.17482897905432315,0.21390735296566987,40
BasketballDrive_1920x1080_50.yuv,32,HEVC_B,0.2,dither,38.751887828111656,0.19262276757326155,0.2096136432897424,40
Cactus_1920x1080_50.yuv,32,HEVC_B,0.2,dither,39.12455439567566,0.18039399074216428,0.1768500985209016,40
Kimono1_1920x1080_24.yuv,32,HEVC_B,0.2,dither,39.12455439567566,0.15799089880175113,0.11881731394502992,40
ParkScene_1920x1080_24.yuv,32,HEVC_B,0.2,dither,39.12455439567566,0.14481324639368334,0.13312559521870782,40
FourPeople_1280x720_60.yuv,32,HEVC_E,0.2,dither,30.1805567741394,0.17292321285064527,0.18423613009780127,15
Johnny_1280x720_60.yuv,32,HEVC_E,0.2,dither,29.186779260635376,0.1926544495588324,0.20920184021181143,15
KristenAndSara_1280x720_60.yuv,32,HEVC_E,0.2,dither,30.1805567741394,0.18595822321174724,0.19420116302209323,15
BQMall_832x480_60.yuv,32,HEVC_C,0.2,dither,35.39788872003555,0.1742671611685599,0.2017794867489755,8
BasketballDrill_832x480_50.yuv,32,HEVC_C,0.2,dither,29.807890206575394,0.19363473809693588,0.2556962378424501,8
PartyScene_832x480_50.yuv,32,HEVC_C,0.2,dither,31.671223044395447,0.15838536563815903,0.1878514064285497,8
RaceHorses_832x480_30.yuv,32,HEVC_C,0.2,dither,35.39788872003555,0.1436720102531689,0.15267943405881113,8
BasketballPass_416x240_50.yuv,32,HEVC_D,0.2,dither,31.671223044395447,0.15124659499051288,0.2307350845782068,2
BlowingBubbles_416x240_50.yuv,32,HEVC_D,0.2,dither,31.671223044395447,0.12422621961862979,0.13288784386152486,2
BQSquare_416x240_60.yuv,32,HEVC_D,0.2,dither,24.217891693115234,0.15793374841982885,0.17142811106429434,2
RaceHorses_416x240_30.yuv,32,HEVC_D,0.2,dither,31.671223044395447,0.14974307143335955,0.18175899986723465,2
Beauty_1920x1080_120fps_420_8bit_YUV.yuv,48,UVG,0.2,dither,39.12455439567566,0.03478144700684083,0.02987801027607162,40
Bosphorus_1920x1080_120fps_420_8bit_YUV.yuv,48,UVG,0.2,dither,39.12455439567566,0.16937228822209072,0.1622045640957097,40
HoneyBee_1920x1080_120fps_420_8bit_YUV.yuv,48,UVG,0.2,dither,29.807890206575394,0.1857515164318382,0.11908871790460296,40
Jockey_1920x1080_120fps_420_8bit_YUV.yuv,48,UVG,0.2,dither,39.12455439567566,0.15451252038099772,0.12179747617497583,40
ReadySteadyGo_1920x1080_120fps_420_8bit_YUV.yuv,48,UVG,0.2,dither,25.335891395807263,0.17532169549313262,0.16618917970357217,40
ShakeNDry_1920x1080_120fps_420_8bit_YUV.yuv,48,UVG,0.2,dither,39.12455439567566,0.12184663492381868,0.09759264211673013,40
YachtRide_1920x1080_120fps_420_8bit_YUV.yuv,48,UVG,0.2,dither,27.571890801191334,0.17368997459679703,0.1788006074707198,40
videoSRC01_1920x1080_30.yuv,48,MCL-JCV,0.2,dither,39.12455439567566,0.06494298778826539,0.05510294382702341,40
videoSRC02_1920x1080_30.yuv,48,MCL-JCV,0.2,dither,26.453891098499295,0.19224557668644085,0.15595897134950576,40
videoSRC03_1920x1080_30.yuv,48,MCL-JCV,0.2,dither,30.55322334170342,0.17188439974281128,0.15994373462679334,40
videoSRC04_1920x1080_30.yuv,48,MCL-JCV,0.2,dither,39.12455439567566,0.16950612105130064,0.20098710953926258,40
videoSRC05_1920x1080_25.yuv,48,MCL-JCV,0.2,dither,39.12455439567566,0.17720787391074272,0.21727924324756742,40
videoSRC06_1920x1080_25.yuv,48,MCL-JCV,0.2,dither,39.12455439567566,0.008601664437650479,0.00688037243234163,40
videoSRC07_1920x1080_25.yuv,48,MCL-JCV,0.2,dither,39.12455439567566,0.1379854929457343,0.10070027789964087,40
videoSRC08_1920x1080_25.yuv,48,MCL-JCV,0.2,dither,39.12455439567566,0.06442195265288003,0.06767704727700163,40
videoSRC09_1920x1080_25.yuv,48,MCL-JCV,0.2,dither,35.02522215247155,0.17967035831330028,0.17480166690670274,40
videoSRC10_1920x1080_30.yuv,48,MCL-JCV,0.2,dither,18.622449040412903,0.16999318509176017,0.17971567031593594,40
videoSRC11_1920x1080_30.yuv,48,MCL-JCV,0.2,dither,39.12455439567566,0.11561663190527952,0.14508602443160612,40
videoSRC12_1920x1080_30.yuv,48,MCL-JCV,0.2,dither,25.70855796337128,0.14822066960171937,0.158049572467732,40
videoSRC13_1920x1080_30.yuv,48,MCL-JCV,0.2,dither,32.04388961195945,0.17320442129696176,0.20352609271006372,40
videoSRC14_1920x1080_30.yuv,48,MCL-JCV,0.2,dither,35.77055528759956,0.18252183163457336,0.16352857995607195,40
videoSRC15_1920x1080_30.yuv,48,MCL-JCV,0.2,dither,39.12455439567566,0.14288096133542483,0.1438730086338893,40
videoSRC16_1920x1080_30.yuv,48,MCL-JCV,0.2,dither,39.12455439567566,0.1099939631085734,0.09498978551739157,40
videoSRC17_1920x1080_24.yuv,48,MCL-JCV,0.2,dither,34.27988901734352,0.18754581482535893,0.12243458388926598,40
videoSRC18_1920x1080_25.yuv,48,MCL-JCV,0.2,dither,32.04388961195945,0.16840265835620385,0.20817757353557909,40
videoSRC19_1920x1080_30.yuv,48,MCL-JCV,0.2,dither,32.78922274708748,0.18171817223976733,0.17447662577762202,40
videoSRC20_1920x1080_25.yuv,48,MCL-JCV,0.2,dither,30.1805567741394,0.17372142782222041,0.17581443277600073,40
videoSRC21_1920x1080_24.yuv,48,MCL-JCV,0.2,dither,39.12455439567566,0.17542289549984796,0.1280862594827994,40
videoSRC22_1920x1080_24.yuv,48,MCL-JCV,0.2,dither,39.12455439567566,0.15556229301397126,0.16350546207628014,40
videoSRC23_1920x1080_24.yuv,48,MCL-JCV,0.2,dither,39.12455439567566,0.15221963699927638,0.15652695629533042,40
videoSRC24_1920x1080_24.yuv,48,MCL-JCV,0.2,dither,24.59055826067924,0.16961048292865158,0.18760725712942872,40
videoSRC25_1920x1080_24.yuv,48,MCL-JCV,0.2,dither,26.826557666063312,0.18704122968021664,0.1748591146430627,40
videoSRC26_1920x1080_30.yuv,48,MCL-JCV,0.2,dither,26.081224530935287,0.18098523114889856,0.1645241409475915,40
videoSRC27_1920x1080_30.yuv,48,MCL-JCV,0.2,dither,39.12455439567566,0.09148112216841649,0.10653263897238219,40
videoSRC28_1920x1080_30.yuv,48,MCL-JCV,0.2,dither,39.12455439567566,0.12335416329637994,0.12060253671484844,40
videoSRC29_1920x1080_24.yuv,48,MCL-JCV,0.2,dither,39.12455439567566,0.1290049002369896,0.11841690896419266,40
videoSRC30_1920x1080_30.yuv,48,MCL-JCV,0.2,dither,39.12455439567566,0.13748941973939752,0.11572329693247951,40
BQTerrace_1920x1080_60.yuv,48,HEVC_B,0.2,dither,30.55322334170342,0.16187721492409046,0.1996260036145472,40
BasketballDrive_1920x1080_50.yuv,48,HEVC_B,0.2,dither,39.12455439567566,0.1661645977700265,0.1925579420662018,40
Cactus_1920x1080_50.yuv,48,HEVC_B,0.2,dither,38.37922126054764,0.17963272564418764,0.18236551941917156,40
Kimono1_1920x1080_24.yuv,48,HEVC_B,0.2,dither,33.9072224497795,0.18673436102798746,0.12235451469523895,40
ParkScene_1920x1080_24.yuv,48,HEVC_B,0.2,dither,26.081224530935287,0.1781594680811126,0.1422867087781654,40
FourPeople_1280x720_60.yuv,48,HEVC_E,0.2,dither,26.205446720123295,0.1733834808061023,0.17267077719584023,15
Johnny_1280x720_60.yuv,48,HEVC_E,0.2,dither,31.174334287643436,0.17984202287843837,0.19228635044689213,15
KristenAndSara_1280x720_60.yuv,48,HEVC_E,0.2,dither,30.1805567741394,0.17916868935462293,0.1776704526979529,15
BQMall_832x480_60.yuv,48,HEVC_C,0.2,dither,29.807890206575394,0.17475891460275644,0.21178628819073708,8
BasketballDrill_832x480_50.yuv,48,HEVC_C,0.2,dither,29.807890206575394,0.1706592035113477,0.29431622982434646,8
PartyScene_832x480_50.yuv,48,HEVC_C,0.2,dither,24.217891693115234,0.16121597801551496,0.2139973168523568,8
RaceHorses_832x480_30.yuv,48,HEVC_C,0.2,dither,31.671223044395447,0.1621198541389597,0.17656664644184872,8
BasketballPass_416x240_50.yuv,48,HEVC_D,0.2,dither,24.217891693115234,0.0750732463167401,0.19217282224030896,2
BlowingBubbles_416x240_50.yuv,48,HEVC_D,0.2,dither,24.217891693115234,0.1246782389139171,0.14235163105384885,2
BQSquare_416x240_60.yuv,48,HEVC_D,0.2,dither,13.027006387710571,0.11699201616290522,0.12342461738782617,2
RaceHorses_416x240_30.yuv,48,HEVC_D,0.2,dither,24.217891693115234,0.11524988619254543,0.16660542740594053,2
Beauty_1920x1080_120fps_420_8bit_YUV.yuv,63,UVG,0.2,dither,39.12455439567566,0.04971021864438808,0.034904276989891514,40
Bosphorus_1920x1080_120fps_420_8bit_YUV.yuv,63,UVG,0.2,dither,36.8885549902916,0.18073143168016673,0.15771900508866565,40
HoneyBee_1920x1080_120fps_420_8bit_YUV.yuv,63,UVG,0.2,dither,30.925889909267422,0.17636570158744921,0.1211570456574691,40
Jockey_1920x1080_120fps_420_8bit_YUV.yuv,63,UVG,0.2,dither,39.12455439567566,0.12844800193775738,0.10434662094489511,40
ReadySteadyGo_1920x1080_120fps_420_8bit_YUV.yuv,63,UVG,0.2,dither,25.335891395807263,0.16252606000810138,0.17937011756826138,40
ShakeNDry_1920x1080_120fps_420_8bit_YUV.yuv,63,UVG,0.2,dither,38.37922126054764,0.15864889469249183,0.10956909859498865,40
YachtRide_1920x1080_120fps_420_8bit_YUV.yuv,63,UVG,0.2,dither,27.94455736875534,0.17653830136318885,0.18472055636144802,40
videoSRC01_1920x1080_30.yuv,63,MCL-JCV,0.2,dither,39.12455439567566,0.048019157666552646,0.038557633246547596,40
videoSRC02_1920x1080_30.yuv,63,MCL-JCV,0.2,dither,30.55322334170342,0.1852207051219099,0.15336099168446538,40
videoSRC03_1920x1080_30.yuv,63,MCL-JCV,0.2,dither,29.435223639011387,0.17504833817824011,0.15835065117610014,40
videoSRC04_1920x1080_30.yuv,63,MCL-JCV,0.2,dither,28.317223936319348,0.17629540629800075,0.2123377818110228,40
videoSRC05_1920x1080_25.yuv,63,MCL-JCV,0.2,dither,39.12455439567566,0.14158903160323566,0.20424735993737642,40
videoSRC06_1920x1080_25.yuv,63,MCL-JCV,0.2,dither,39.12455439567566,0.02600667613628087,0.04657304707420451,40
videoSRC07_1920x1080_25.yuv,63,MCL-JCV,0.2,dither,39.12455439567566,0.14367393879637352,0.10650204515259531,40
videoSRC08_1920x1080_25.yuv,63,MCL-JCV,0.2,dither,39.12455439567566,0.056620755820442695,0.06294778181375449,40
videoSRC09_1920x1080_25.yuv,63,MCL-JCV,0.2,dither,39.12455439567566,0.1727538722372386,0.1688537916990711,40
videoSRC10_1920x1080_30.yuv,63,MCL-JCV,0.2,dither,17.22358837723732,0.15659488289774193,0.16450777781094672,40
videoSRC11_1920x1080_30.yuv,63,MCL-JCV,0.2,dither,39.12455439567566,0.15975969287341063,0.1701195647789291,40
videoSRC12_1920x1080_30.yuv,63,MCL-JCV,0.2,dither,19.741537570953373,0.16591074833053204,0.15506303134202426,40
videoSRC13_1920x1080_30.yuv,63,MCL-JCV,0.2,dither,29.807890206575394,0.16692859031601226,0.17395416244410455,40
videoSRC14_1920x1080_30.yuv,63,MCL-JCV,0.2,dither,35.77055528759956,0.1762593006414109,0.15752678701957024,40
videoSRC15_1920x1080_30.yuv,63,MCL-JCV,0.2,dither,39.12455439567566,0.17307669926142663,0.16122214526673417,40
videoSRC16_1920x1080_30.yuv,63,MCL-JCV,0.2,dither,39.12455439567566,0.09882546158323849,0.08549105025943504,40
videoSRC17_1920x1080_24.yuv,63,MCL-JCV,0.2,dither,31.29855647683144,0.1824967205367092,0.12248604350593695,40
videoSRC18_1920x1080_25.yuv,63,MCL-JCV,0.2,dither,28.689890503883365,0.16085537530059102,0.23901448384454937,40
videoSRC19_1920x1080_30.yuv,63,MCL-JCV,0.2,dither,26.826557666063312,0.17089557280999756,0.1481119209936992,40
videoSRC20_1920x1080_25.yuv,63,MCL-JCV,0.2,dither,26.826557666063312,0.16245823012861105,0.20161234483094148,40
videoSRC21_1920x1080_24.yuv,63,MCL-JCV,0.2,dither,39.12455439567566,0.0874845960927644,0.0774756780036796,40
videoSRC22_1920x1080_24.yuv,63,MCL-JCV,0.2,dither,39.12455439567566,0.13665402138055113,0.1383946122104689,40
videoSRC23_1920x1080_24.yuv,63,MCL-JCV,0.2,dither,39.12455439567566,0.15232257381789444,0.14508744274918683,40
videoSRC24_1920x1080_24.yuv,63,MCL-JCV,0.2,dither,24.59055826067924,0.1596632456143387,0.23364680537603988,40
videoSRC25_1920x1080_24.yuv,63,MCL-JCV,0.2,dither,24.96322482824326,0.17318240255102685,0.19466559569683994,40
videoSRC26_1920x1080_30.yuv,63,MCL-JCV,0.2,dither,26.453891098499295,0.1857350033094986,0.17767452756675794,40
videoSRC27_1920x1080_30.yuv,63,MCL-JCV,0.2,dither,39.12455439567566,0.1062786986069008,0.1142023593718875,40
videoSRC28_1920x1080_30.yuv,63,MCL-JCV,0.2,dither,39.12455439567566,0.14705990756138135,0.12628606302261858,40
videoSRC29_1920x1080_24.yuv,63,MCL-JCV,0.2,dither,39.12455439567566,0.08633133498300372,0.07821291375751116,40
videoSRC30_1920x1080_30.yuv,63,MCL-JCV,0.2,dither,39.12455439567566,0.15232840290279578,0.12952191839406169,40
BQTerrace_1920x1080_60.yuv,63,HEVC_B,0.2,dither,27.199224233627316,0.16101111941788063,0.19358576820730633,40
BasketballDrive_1920x1080_50.yuv,63,HEVC_B,0.2,dither,39.12455439567566,0.12884411298809872,0.17434423565356383,40
Cactus_1920x1080_50.yuv,63,HEVC_B,0.2,dither,38.37922126054764,0.17000995409522263,0.17588119426175552,40
Kimono1_1920x1080_24.yuv,63,HEVC_B,0.2,dither,30.925889909267422,0.18098787708482827,0.12123893415522957,40
ParkScene_1920x1080_24.yuv,63,HEVC_B,0.2,dither,21.42017036676407,0.1694723493367366,0.13419925884851835,40
FourPeople_1280x720_60.yuv,63,HEVC_E,0.2,dither,27.199224233627316,0.17064976272493798,0.17003318341676987,15
Johnny_1280x720_60.yuv,63,HEVC_E,0.2,dither,36.143221855163574,0.1806085185943032,0.1973408869124853,15
KristenAndSara_1280x720_60.yuv,63,HEVC_E,0.2,dither,28.19300174713135,0.15778466452528725,0.15487821967507642,15
BQMall_832x480_60.yuv,63,HEVC_C,0.2,dither,24.217891693115234,0.1461078077697914,0.19695101211067367,8
BasketballDrill_832x480_50.yuv,63,HEVC_C,0.2,dither,29.807890206575394,0.16245877377832368,0.37766782306668034,8
PartyScene_832x480_50.yuv,63,HEVC_C,0.2,dither,20.021309703588486,0.14350795054544838,0.23441198549615194,8
RaceHorses_832x480_30.yuv,63,HEVC_C,0.2,dither,26.081224530935287,0.15288993117921795,0.18489233308491748,8
BasketballPass_416x240_50.yuv,63,HEVC_D,0.2,dither,24.217891693115234,0.05968454425276429,0.2914803947614928,2
BlowingBubbles_416x240_50.yuv,63,HEVC_D,0.2,dither,24.217891693115234,0.1735541064633621,0.21072370699833698,2
BQSquare_416x240_60.yuv,63,HEVC_D,0.2,dither,-0.9507179260253906,0.027781405176250804,0.025091122569989466,2
RaceHorses_416x240_30.yuv,63,HEVC_D,0.2,dither,18.622449040412903,0.10915086029308158,0.1808116490305025,2
Beauty_1920x1080_120fps_420_8bit_YUV.yuv,0,UVG,0.2,uniform,39.12455439567566,0.08091148795395814,0.08229179922256691,40
Bosphorus_1920x1080_120fps_420_8bit_YUV.yuv,0,UVG,0.2,uniform,39.12455439567566,0.109843875346532,0.12340274289241648,40
HoneyBee_1920x1080_120fps_420_8bit_YUV.yuv,0,UVG,0.2,uniform,24.217891693115234,0.11033659776279955,0.08409279467835518,40
Jockey_1920x1080_120fps_420_8bit_YUV.yuv,0,UVG,0.2,uniform,24.217891693115234,0.11476669566094706,0.09112637781561261,40
ReadySteadyGo_1920x1080_120fps_420_8bit_YUV.yuv,0,UVG,0.2,uniform,39.12455439567566,0.14633471004031023,0.15624953325017543,40
ShakeNDry_1920x1080_120fps_420_8bit_YUV.yuv,0,UVG,0.2,uniform,39.12455439567566,0.07391442561049448,0.08615749684847174,40
YachtRide_1920x1080_120fps_420_8bit_YUV.yuv,0,UVG,0.2,uniform,39.12455439567566,0.10892885197622486,0.1282077706456306,40
videoSRC01_1920x1080_30.yuv,0,MCL-JCV,0.2,uniform,39.12455439567566,0.11191786889207839,0.11281084095170257,40
videoSRC02_1920x1080_30.yuv,0,MCL-JCV,0.2,uniform,39.12455439567566,0.17464680060032226,0.1768422608582796,40
videoSRC03_1920x1080_30.yuv,0,MCL-JCV,0.2,uniform,39.12455439567566,0.14850820272262996,0.16724756669837149,40
videoSRC04_1920x1080_30.yuv,0,MCL-JCV,0.2,uniform,39.12455439567566,0.022088933433354694,0.04003983538861888,40
videoSRC05_1920x1080_25.yuv,0,MCL-JCV,0.2,uniform,39.12455439567566,0.19813605448558747,0.20905489733496552,40
videoSRC06_1920x1080_25.yuv,0,MCL-JCV,0.2,uniform,39.12455439567566,0.03224088419020011,0.024900584410012527,40
videoSRC07_1920x1080_25.yuv,0,MCL-JCV,0.2,uniform,39.12455439567566,0.11573114557075326,0.10866693196463473,40
videoSRC08_1920x1080_25.yuv,0,MCL-JCV,0.2,uniform,39.12455439567566,0.08800453043344487,0.08874859056497542,40
videoSRC09_1920x1080_25.yuv,0,MCL-JCV,0.2,uniform,39.12455439567566,0.10283143571382153,0.12001661422514331,40
videoSRC10_1920x1080_30.yuv,0,MCL-JCV,0.2,uniform,24.217891693115234,0.15368029361593102,0.17847522893091394,40
videoSRC11_1920x1080_30.yuv,0,MCL-JCV,0.2,uniform,39.12455439567566,0.08271465359720417,0.10288921740490053,40
videoSRC12_1920x1080_30.yuv,0,MCL-JCV,0.2,uniform,39.12455439567566,0.1037568024915999,0.11577506073790644,40
videoSRC13_1920x1080_30.yuv,0,MCL-JCV,0.2,uniform,39.12455439567566,0.055605978859048916,0.10980931904400393,40
videoSRC14_1920x1080_30.yuv,0,MCL-JCV,0.2,uniform,39.12455439567566,0.11677195797407153,0.11992287933583157,40
videoSRC15_1920x1080_30.yuv,0,MCL-JCV,0.2,uniform,39.12455439567566,0.08777389709425759,0.11144647263915886,40
videoSRC16_1920x1080_30.yuv,0,MCL-JCV,0.2,uniform,39.12455439567566,0.16502806827968244,0.14172133525790542,40
videoSRC17_1920x1080_24.yuv,0,MCL-JCV,0.2,uniform,39.12455439567566,0.06855976918494282,0.06612191226552255,40
videoSRC18_1920x1080_25.yuv,0,MCL-JCV,0.2,uniform,39.12455439567566,0.11724686045861205,0.12298658455799938,40
videoSRC19_1920x1080_30.yuv,0,MCL-JCV,0.2,uniform,39.12455439567566,0.0745683624426924,0.0746782533749979,40
videoSRC20_1920x1080_25.yuv,0,MCL-JCV,0.2,uniform,39.12455439567566,0.18260786219683853,0.17527663837079643,40
videoSRC21_1920x1080_24.yuv,0,MCL-JCV,0.2,uniform,39.12455439567566,0.02207029871673177,0.0585511196388282,40
videoSRC22_1920x1080_24.yuv,0,MCL-JCV,0.2,uniform,39.12455439567566,0.09952882662912543,0.10540536077579787,40
videoSRC23_1920x1080_24.yuv,0,MCL-JCV,0.2,uniform,39.12455439567566,0.0968228220381803,0.11403509249188204,40
videoSRC24_1920x1080_24.yuv,0,MCL-JCV,0.2,uniform,24.217891693115234,0.1401957458206325,0.11619898166497222,40
videoSRC25_1920x1080_24.yuv,0,MCL-JCV,0.2,uniform,39.12455439567566,0.1512317619770954,0.14407022162144756,40
videoSRC26_1920x1080_30.yuv,0,MCL-JCV,0.2,uniform,39.12455439567566,0.1311375174981168,0.13059835291463884,40
videoSRC27_1920x1080_30.yuv,0,MCL-JCV,0.2,uniform,39.12455439567566,0.12304989238188797,0.14466394978160935,40
videoSRC28_1920x1080_30.yuv,0,MCL-JCV,0.2,uniform,39.12455439567566,0.08446472309023867,0.12758942859357347,40
videoSRC29_1920x1080_24.yuv,0,MCL-JCV,0.2,uniform,39.12455439567566,0.026554528748609415,0.030472528798817677,40
videoSRC30_1920x1080_30.yuv,0,MCL-JCV,0.2,uniform,39.12455439567566,0.13188763853599522,0.11641022695994252,40
BQTerrace_1920x1080_60.yuv,0,HEVC_B,0.2,uniform,39.12455439567566,0.10258983867521763,0.11971255977277195,40
BasketballDrive_1920x1080_50.yuv,0,HEVC_B,0.2,uniform,24.217891693115234,0.08976407766785696,0.09235136194426019,40
Cactus_1920x1080_50.yuv,0,HEVC_B,0.2,uniform,39.12455439567566,0.1249748055096448,0.12955231067528672,40
Kimono1_1920x1080_24.yuv,0,HEVC_B,0.2,uniform,39.12455439567566,0.060235008562486994,0.05936236147662299,40
ParkScene_1920x1080_24.yuv,0,HEVC_B,0.2,uniform,39.12455439567566,0.045551741504323714,0.048133639677402584,40
FourPeople_1280x720_60.yuv,0,HEVC_E,0.2,uniform,39.12455439567566,0.12948886949966706,0.16060766120427772,15
Johnny_1280x720_60.yuv,0,HEVC_E,0.2,uniform,39.12455439567566,0.18192846977077,0.21129207136709738,15
KristenAndSara_1280x720_60.yuv,0,HEVC_E,0.2,uniform,39.12455439567566,0.17138010908195545,0.2014610847060183,15
BQMall_832x480_60.yuv,0,HEVC_C,0.2,uniform,39.12455439567566,0.11356606947980527,0.14182263489756153,8
BasketballDrill_832x480_50.yuv,0,HEVC_C,0.2,uniform,24.217891693115234,0.10335360280107819,0.10252797538920788,8
PartyScene_832x480_50.yuv,0,HEVC_C,0.2,uniform,39.12455439567566,0.053026271524124965,0.06948338609807791,8
RaceHorses_832x480_30.yuv,0,HEVC_C,0.2,uniform,39.12455439567566,0.1446766982695335,0.16221749313272937,8
BasketballPass_416x240_50.yuv,0,HEVC_D,0.2,uniform,39.12455439567566,0.09266809287871032,0.09672854304720602,2
BlowingBubbles_416x240_50.yuv,0,HEVC_D,0.2,uniform,39.12455439567566,0.07805770360087562,0.08556953699413583,2
BQSquare_416x240_60.yuv,0,HEVC_D,0.2,uniform,39.12455439567566,0.08217431314399251,0.10199766528313603,2
RaceHorses_416x240_30.yuv,0,HEVC_D,0.2,uniform,39.12455439567566,0.1764226216711234,0.17634835808481952,2
Beauty_1920x1080_120fps_420_8bit_YUV.yuv,16,UVG,0.2,uniform,39.12455439567566,0.04401150336257254,0.04814296022141917,40
Bosphorus_1920x1080_120fps_420_8bit_YUV.yuv,16,UVG,0.2,uniform,39.12455439567566,0.12934723913555551,0.14363374414060814,40
HoneyBee_1920x1080_120fps_420_8bit_YUV.yuv,16,UVG,0.2,uniform,24.217891693115234,0.13146289760176783,0.08905582922960775,40
Jockey_1920x1080_120fps_420_8bit_YUV.yuv,16,UVG,0.2,uniform,39.12455439567566,0.19001626879784186,0.16004635460854644,40
ReadySteadyGo_1920x1080_120fps_420_8bit_YUV.yuv,16,UVG,0.2,uniform,24.217891693115234,0.10919331745237029,0.11321143118227894,40
ShakeNDry_1920x1080_120fps_420_8bit_YUV.yuv,16,UVG,0.2,uniform,39.12455439567566,0.05927740339012894,0.06188958735465633,40
YachtRide_1920x1080_120fps_420_8bit_YUV.yuv,16,UVG,0.2,uniform,39.12455439567566,0.16388639393278842,0.1899282540294891,40
videoSRC01_1920x1080_30.yuv,16,MCL-JCV,0.2,uniform,39.12455439567566,0.0955428316105992,0.0967970859865801,40
videoSRC02_1920x1080_30.yuv,16,MCL-JCV,0.2,uniform,24.217891693115234,0.10560457542765063,0.09813193438890977,40
videoSRC03_1920x1080_30.yuv,16,MCL-JCV,0.2,uniform,39.12455439567566,0.18219653146021758,0.1902374466877106,40
videoSRC04_1920x1080_30.yuv,16,MCL-JCV,0.2,uniform,39.12455439567566,0.05703442659334555,0.07394946548483006,40
videoSRC05_1920x1080_25.yuv,16,MCL-JCV,0.2,uniform,24.217891693115234,0.08931573759257934,0.1020958352039898,40
videoSRC06_1920x1080_25.yuv,16,MCL-JCV,0.2,uniform,39.12455439567566,0.04308834139587414,0.033973665926467334,40
videoSRC07_1920x1080_25.yuv,16,MCL-JCV,0.2,uniform,39.12455439567566,0.1408576793643172,0.11538346439240144,40
videoSRC08_1920x1080_25.yuv,16,MCL-JCV,0.2,uniform,39.12455439567566,0.07643486500737173,0.08059076617725935,40
videoSRC09_1920x1080_25.yuv,16,MCL-JCV,0.2,uniform,39.12455439567566,0.14580464323448347,0.15831739406687717,40
videoSRC10_1920x1080_30.yuv,16,MCL-JCV,0.2,uniform,13.027006387710571,0.12424728422297823,0.12173065679935746,40
videoSRC11_1920x1080_30.yuv,16,MCL-JCV,0.2,uniform,39.12455439567566,0.10199983339759855,0.13507317275183794,40
videoSRC12_1920x1080_30.yuv,16,MCL-JCV,0.2,uniform,39.12455439567566,0.1280185153159816,0.15380380110630654,40
videoSRC13_1920x1080_30.yuv,16,MCL-JCV,0.2,uniform,39.12455439567566,0.1270353262993276,0.25137172464157587,40
videoSRC14_1920x1080_30.yuv,16,MCL-JCV,0.2,uniform,39.12455439567566,0.16639291916064172,0.16538506434140032,40
videoSRC15_1920x1080_30.yuv,16,MCL-JCV,0.2,uniform,39.12455439567566,0.1051254640862436,0.1286184642185475,40
videoSRC16_1920x1080_30.yuv,16,MCL-JCV,0.2,uniform,39.12455439567566,0.1259793504189927,0.11515760408676101,40
videoSRC17_1920x1080_24.yuv,16,MCL-JCV,0.2,uniform,39.12455439567566,0.08941793980308829,0.08155845898273384,40
videoSRC18_1920x1080_25.yuv,16,MCL-JCV,0.2,uniform,39.12455439567566,0.12902197126214227,0.1443929384378535,40
videoSRC19_1920x1080_30.yuv,16,MCL-JCV,0.2,uniform,39.12455439567566,0.11513920041085185,0.1342407240236696,40
videoSRC20_1920x1080_25.yuv,16,MCL-JCV,0.2,uniform,39.12455439567566,0.1831096715477446,0.1746254221197603,40
videoSRC21_1920x1080_24.yuv,16,MCL-JCV,0.2,uniform,39.12455439567566,0.07775652486078233,0.08881954437627826,40
videoSRC22_1920x1080_24.yuv,16,MCL-JCV,0.2,uniform,39.12455439567566,0.12836554675007456,0.12868551140512352,40
videoSRC23_1920x1080_24.yuv,16,MCL-JCV,0.2,uniform,39.12455439567566,0.11460867223512847,0.1390036036728972,40
videoSRC24_1920x1080_24.yuv,16,MCL-JCV,0.2,uniform,24.217891693115234,0.13991696426505332,0.12222767105711085,40
videoSRC25_1920x1080_24.yuv,16,MCL-JCV,0.2,uniform,24.217891693115234,0.08001388382058024,0.07580992580095369,40
videoSRC26_1920x1080_30.yuv,16,MCL-JCV,0.2,uniform,24.217891693115234,0.09089350901805435,0.08783311390595117,40
videoSRC27_1920x1080_30.yuv,16,MCL-JCV,0.2,uniform,39.12455439567566,0.09217700764258546,0.11184854147147405,40
videoSRC28_1920x1080_30.yuv,16,MCL-JCV,0.2,uniform,39.12455439567566,0.08676719373508426,0.1161054615494308,40
videoSRC29_1920x1080_24.yuv,16,MCL-JCV,0.2,uniform,39.12455439567566,0.09076679545469563,0.09173275445789386,40
videoSRC30_1920x1080_30.yuv,16,MCL-JCV,0.2,uniform,39.12455439567566,0.12022135442972011,0.10071298419266839,40
BQTerrace_1920x1080_60.yuv,16,HEVC_B,0.2,uniform,24.217891693115234,0.08256867337985875,0.10225902713582613,40
BasketballDrive_1920x1080_50.yuv,16,HEVC_B,0.2,uniform,24.217891693115234,0.08474626283277042,0.09180076546860505,40
Cactus_1920x1080_50.yuv,16,HEVC_B,0.2,uniform,39.12455439567566,0.15855506638539724,0.16126462321871315,40
Kimono1_1920x1080_24.yuv,16,HEVC_B,0.2,uniform,39.12455439567566,0.08508390971480453,0.07747948910005675,40
ParkScene_1920x1080_24.yuv,16,HEVC_B,0.2,uniform,39.12455439567566,0.06295734489718163,0.06563188507305995,40
FourPeople_1280x720_60.yuv,16,HEVC_E,0.2,uniform,39.12455439567566,0.18137398183366132,0.20845026142023926,15
Johnny_1280x720_60.yuv,16,HEVC_E,0.2,uniform,24.217891693115234,0.10419548651468087,0.1268430998410679,15
KristenAndSara_1280x720_60.yuv,16,HEVC_E,0.2,uniform,24.217891693115234,0.13168510095437297,0.1490402221498215,15
BQMall_832x480_60.yuv,16,HEVC_C,0.2,uniform,39.12455439567566,0.14959926869333195,0.17698812978265366,8
BasketballDrill_832x480_50.yuv,16,HEVC_C,0.2,uniform,24.217891693115234,0.131629724572429,0.15953716068429458,8
PartyScene_832x480_50.yuv,16,HEVC_C,0.2,uniform,39.12455439567566,0.124002394997502,0.14716509889356644,8
RaceHorses_832x480_30.yuv,16,HEVC_C,0.2,uniform,39.12455439567566,0.13825458390730302,0.16358443234230435,8
BasketballPass_416x240_50.yuv,16,HEVC_D,0.2,uniform,24.217891693115234,0.09049302590016864,0.09821154142103694,2
BlowingBubbles_416x240_50.yuv,16,HEVC_D,0.2,uniform,39.12455439567566,0.12377383733979908,0.1317386721675149,2
BQSquare_416x240_60.yuv,16,HEVC_D,0.2,uniform,24.217891693115234,0.10071575675020399,0.11083816912648103,2
RaceHorses_416x240_30.yuv,16,HEVC_D,0.2,uniform,39.12455439567566,0.19142307954193705,0.20402813614516901,2
Beauty_1920x1080_120fps_420_8bit_YUV.yuv,32,UVG,0.2,uniform,39.12455439567566,0.0400058145020213,0.04200414018367127,40
Bosphorus_1920x1080_120fps_420_8bit_YUV.yuv,32,UVG,0.2,uniform,39.12455439567566,0.13516348610502918,0.14286423112356061,40
HoneyBee_1920x1080_120fps_420_8bit_YUV.yuv,32,UVG,0.2,uniform,24.217891693115234,0.13112853330175334,0.08501010239604767,40
Jockey_1920x1080_120fps_420_8bit_YUV.yuv,32,UVG,0.2,uniform,39.12455439567566,0.16167873536129979,0.12990745021260608,40
ReadySteadyGo_1920x1080_120fps_420_8bit_YUV.yuv,32,UVG,0.2,uniform,24.217891693115234,0.13169930926613813,0.13112463604369395,40
ShakeNDry_1920x1080_120fps_420_8bit_YUV.yuv,32,UVG,0.2,uniform,39.12455439567566,0.08612350455037125,0.07759334076061464,40
YachtRide_1920x1080_120fps_420_8bit_YUV.yuv,32,UVG,0.2,uniform,24.217891693115234,0.10751831836759757,0.11750875376239378,40
videoSRC01_1920x1080_30.yuv,32,MCL-JCV,0.2,uniform,39.12455439567566,0.08936327909913269,0.08545393647829513,40
videoSRC02_1920x1080_30.yuv,32,MCL-JCV,0.2,uniform,24.217891693115234,0.1413960959533151,0.12261276059518167,40
videoSRC03_1920x1080_30.yuv,32,MCL-JCV,0.2,uniform,24.217891693115234,0.10450504611498784,0.10732795952620933,40
videoSRC04_1920x1080_30.yuv,32,MCL-JCV,0.2,uniform,39.12455439567566,0.10308853791622864,0.13002850258173737,40
videoSRC05_1920x1080_25.yuv,32,MCL-JCV,0.2,uniform,24.217891693115234,0.0819378559587064,0.10125831249231965,40
videoSRC06_1920x1080_25.yuv,32,MCL-JCV,0.2,uniform,39.12455439567566,0.016515877994750083,0.012836248730160094,40
videoSRC07_1920x1080_25.yuv,32,MCL-JCV,0.2,uniform,39.12455439567566,0.14230302585699628,0.10746570195657767,40
videoSRC08_1920x1080_25.yuv,32,MCL-JCV,0.2,uniform,39.12455439567566,0.0765152557384441,0.07637612332327848,40
videoSRC09_1920x1080_25.yuv,32,MCL-JCV,0.2,uniform,24.217891693115234,0.09198456479644548,0.09248109640224556,40
videoSRC10_1920x1080_30.yuv,32,MCL-JCV,0.2,uniform,13.027006387710571,0.12895174978839571,0.13056769168569815,40
videoSRC11_1920x1080_30.yuv,32,MCL-JCV,0.2,uniform,39.12455439567566,0.10686073833733585,0.14732839726728741,40
videoSRC12_1920x1080_30.yuv,32,MCL-JCV,0.2,uniform,24.217891693115234,0.09342835896227189,0.11403167924627411,40
videoSRC13_1920x1080_30.yuv,32,MCL-JCV,0.2,uniform,24.217891693115234,0.09906582648322354,0.15269606163983696,40
videoSRC14_1920x1080_30.yuv,32,MCL-JCV,0.2,uniform,24.217891693115234,0.10292573125215677,0.096233051856224,40
videoSRC15_1920x1080_30.yuv,32,MCL-JCV,0.2,uniform,39.12455439567566,0.1330629459432975,0.14848467887613026,40
videoSRC16_1920x1080_30.yuv,32,MCL-JCV,0.2,uniform,39.12455439567566,0.1070870906070711,0.09854007646901408,40
videoSRC17_1920x1080_24.yuv,32,MCL-JCV,0.2,uniform,39.12455439567566,0.1664708813340449,0.12312580877473067,40
videoSRC18_1920x1080_25.yuv,32,MCL-JCV,0.2,uniform,24.217891693115234,0.08680630151137428,0.09915081076240284,40
videoSRC19_1920x1080_30.yuv,32,MCL-JCV,0.2,uniform,39.12455439567566,0.16391265416372847,0.18105069041373412,40
videoSRC20_1920x1080_25.yuv,32,MCL-JCV,0.2,uniform,24.217891693115234,0.08461831603091505,0.08529478508276611,40
videoSRC21_1920x1080_24.yuv,32,MCL-JCV,0.2,uniform,24.217891693115234,0.10846278564474814,0.08510790241467703,40
videoSRC22_1920x1080_24.yuv,32,MCL-JCV,0.2,uniform,39.12455439567566,0.1586212097539606,0.1711023446004276,40
videoSRC23_1920x1080_24.yuv,32,MCL-JCV,0.2,uniform,39.12455439567566,0.13868138680454475,0.1608616725399017,40
videoSRC24_1920x1080_24.yuv,32,MCL-JCV,0.2,uniform,24.217891693115234,0.16657896149834112,0.153062534094083,40
videoSRC25_1920x1080_24.yuv,32,MCL-JCV,0.2,uniform,24.217891693115234,0.10809972775607699,0.1065017903504355,40
videoSRC26_1920x1080_30.yuv,32,MCL-JCV,0.2,uniform,24.217891693115234,0.12906700701823767,0.11912281220195808,40
videoSRC27_1920x1080_30.yuv,32,MCL-JCV,0.2,uniform,39.12455439567566,0.08186335384563105,0.10171609181512764,40
videoSRC28_1920x1080_30.yuv,32,MCL-JCV,0.2,uniform,39.12455439567566,0.09638940909628782,0.1128571306424675,40
videoSRC29_1920x1080_24.yuv,32,MCL-JCV,0.2,uniform,24.217891693115234,0.0997927881417434,0.08941462943522538,40
videoSRC30_1920x1080_30.yuv,32,MCL-JCV,0.2,uniform,39.12455439567566,0.12211880840911424,0.10125783354210682,40
BQTerrace_1920x1080_60.yuv,32,HEVC_B,0.2,uniform,24.217891693115234,0.09515835538179086,0.1199707764793132,40
BasketballDrive_1920x1080_50.yuv,32,HEVC_B,0.2,uniform,24.217891693115234,0.07884446982371457,0.090171400273789,40
Cactus_1920x1080_50.yuv,32,HEVC_B,0.2,uniform,39.12455439567566,0.18039399074216428,0.1768500985209016,40
Kimono1_1920x1080_24.yuv,32,HEVC_B,0.2,uniform,39.12455439567566,0.15799089880175113,0.11881731394502992,40
ParkScene_1920x1080_24.yuv,32,HEVC_B,0.2,uniform,39.12455439567566,0.14481324639368334,0.13312559521870782,40
FourPeople_1280x720_60.yuv,32,HEVC_E,0.2,uniform,24.217891693115234,0.13136505915373595,0.13952568222695305,15
Johnny_1280x720_60.yuv,32,HEVC_E,0.2,uniform,24.217891693115234,0.13829075734619284,0.15033333664761983,15
KristenAndSara_1280x720_60.yuv,32,HEVC_E,0.2,uniform,24.217891693115234,0.14093245434513205,0.14830382112555185,15
BQMall_832x480_60.yuv,32,HEVC_C,0.2,uniform,24.217891693115234,0.09125389653739444,0.10486460322469071,8
BasketballDrill_832x480_50.yuv,32,HEVC_C,0.2,uniform,24.217891693115234,0.15660101276816618,0.21832471351168437,8
PartyScene_832x480_50.yuv,32,HEVC_C,0.2,uniform,24.217891693115234,0.10154754872083804,0.12345997350379889,8
RaceHorses_832x480_30.yuv,32,HEVC_C,0.2,uniform,24.217891693115234,0.09046722782417654,0.09753608687754678,8
BasketballPass_416x240_50.yuv,32,HEVC_D,0.2,uniform,24.217891693115234,0.06475067665285648,0.1295813668072796,2
BlowingBubbles_416x240_50.yuv,32,HEVC_D,0.2,uniform,24.217891693115234,0.0792818880260383,0.08718929110337825,2
BQSquare_416x240_60.yuv,32,HEVC_D,0.2,uniform,24.217891693115234,0.15793374841982885,0.17142811106429434,2
RaceHorses_416x240_30.yuv,32,HEVC_D,0.2,uniform,24.217891693115234,0.08997605340820897,0.11762004597301257,2
Beauty_1920x1080_120fps_420_8bit_YUV.yuv,48,UVG,0.2,uniform,39.12455439567566,0.03478144700684083,0.02987801027607162,40
Bosphorus_1920x1080_120fps_420_8bit_YUV.yuv,48,UVG,0.2,uniform,39.12455439567566,0.16937228822209072,0.1622045640957097,40
HoneyBee_1920x1080_120fps_420_8bit_YUV.yuv,48,UVG,0.2,uniform,24.217891693115234,0.12696804816542495,0.08306255166694854,40
Jockey_1920x1080_120fps_420_8bit_YUV.yuv,48,UVG,0.2,uniform,39.12455439567566,0.15451252038099772,0.12179747617497583,40
ReadySteadyGo_1920x1080_120fps_420_8bit_YUV.yuv,48,UVG,0.2,uniform,24.217891693115234,0.15806471919518397,0.15206893961025258,40
ShakeNDry_1920x1080_120fps_420_8bit_YUV.yuv,48,UVG,0.2,uniform,39.12455439567566,0.12184663492381868,0.09759264211673013,40
YachtRide_1920x1080_120fps_420_8bit_YUV.yuv,48,UVG,0.2,uniform,24.217891693115234,0.127468826415526,0.13582493712803512,40
videoSRC01_1920x1080_30.yuv,48,MCL-JCV,0.2,uniform,39.12455439567566,0.06494298778826539,0.05510294382702341,40
videoSRC02_1920x1080_30.yuv,48,MCL-JCV,0.2,uniform,24.217891693115234,0.15284422899034247,0.12452638538873373,40
videoSRC03_1920x1080_30.yuv,48,MCL-JCV,0.2,uniform,24.217891693115234,0.11643195900921871,0.1071063151554199,40
videoSRC04_1920x1080_30.yuv,48,MCL-JCV,0.2,uniform,39.12455439567566,0.16950612105130064,0.20098710953926258,40
videoSRC05_1920x1080_25.yuv,48,MCL-JCV,0.2,uniform,39.12455439567566,0.17720787391074272,0.21727924324756742,40
videoSRC06_1920x1080_25.yuv,48,MCL-JCV,0.2,uniform,39.12455439567566,0.008601664437650479,0.00688037243234163,40
videoSRC07_1920x1080_25.yuv,48,MCL-JCV,0.2,uniform,39.12455439567566,0.1379854929457343,0.10070027789964087,40
videoSRC08_1920x1080_25.yuv,48,MCL-JCV,0.2,uniform,39.12455439567566,0.06442195265288003,0.06767704727700163,40
videoSRC09_1920x1080_25.yuv,48,MCL-JCV,0.2,uniform,24.217891693115234,0.09454258027806722,0.09602235279821514,40
videoSRC10_1920x1080_30.yuv,48,MCL-JCV,0.2,uniform,13.027006387710571,0.11744690689527784,0.12321025296890298,40
videoSRC11_1920x1080_30.yuv,48,MCL-JCV,0.2,uniform,39.12455439567566,0.11561663190527952,0.14508602443160612,40
videoSRC12_1920x1080_30.yuv,48,MCL-JCV,0.2,uniform,24.217891693115234,0.1296665286337687,0.1371362146519175,40
videoSRC13_1920x1080_30.yuv,48,MCL-JCV,0.2,uniform,24.217891693115234,0.1052768423352331,0.12376818943107537,40
videoSRC14_1920x1080_30.yuv,48,MCL-JCV,0.2,uniform,24.217891693115234,0.10224362311993507,0.09207486234812734,40
videoSRC15_1920x1080_30.yuv,48,MCL-JCV,0.2,uniform,39.12455439567566,0.14288096133542483,0.1438730086338893,40
videoSRC16_1920x1080_30.yuv,48,MCL-JCV,0.2,uniform,39.12455439567566,0.1099939631085734,0.09498978551739157,40
videoSRC17_1920x1080_24.yuv,48,MCL-JCV,0.2,uniform,24.217891693115234,0.12498825184866225,0.08149483808504243,40
videoSRC18_1920x1080_25.yuv,48,MCL-JCV,0.2,uniform,24.217891693115234,0.09866903369683461,0.13402793492655718,40
videoSRC19_1920x1080_30.yuv,48,MCL-JCV,0.2,uniform,24.217891693115234,0.10715697108305874,0.10087018448900409,40
videoSRC20_1920x1080_25.yuv,48,MCL-JCV,0.2,uniform,24.217891693115234,0.10622288248811412,0.11570306048533041,40
videoSRC21_1920x1080_24.yuv,48,MCL-JCV,0.2,uniform,39.12455439567566,0.17542289549984796,0.1280862594827994,40
videoSRC22_1920x1080_24.yuv,48,MCL-JCV,0.2,uniform,39.12455439567566,0.15556229301397126,0.16350546207628014,40
videoSRC23_1920x1080_24.yuv,48,MCL-JCV,0.2,uniform,39.12455439567566,0.15221963699927638,0.15652695629533042,40
videoSRC24_1920x1080_24.yuv,48,MCL-JCV,0.2,uniform,24.217891693115234,0.16839432312955932,0.18574208288755045,40
videoSRC25_1920x1080_24.yuv,48,MCL-JCV,0.2,uniform,24.217891693115234,0.14073196362517854,0.13766450863304414,40
videoSRC26_1920x1080_30.yuv,48,MCL-JCV,0.2,uniform,24.217891693115234,0.1450309365124627,0.1318617455705251,40
videoSRC27_1920x1080_30.yuv,48,MCL-JCV,0.2,uniform,39.12455439567566,0.09148112216841649,0.10653263897238219,40
videoSRC28_1920x1080_30.yuv,48,MCL-JCV,0.2,uniform,39.12455439567566,0.12335416329637994,0.12060253671484844,40
videoSRC29_1920x1080_24.yuv,48,MCL-JCV,0.2,uniform,39.12455439567566,0.1290049002369896,0.11841690896419266,40
videoSRC30_1920x1080_30.yuv,48,MCL-JCV,0.2,uniform,39.12455439567566,0.13748941973939752,0.11572329693247951,40
BQTerrace_1920x1080_60.yuv,48,HEVC_B,0.2,uniform,24.217891693115234,0.09699243381422322,0.12588799263320993,40
BasketballDrive_1920x1080_50.yuv,48,HEVC_B,0.2,uniform,39.12455439567566,0.1661645977700265,0.1925579420662018,40
Cactus_1920x1080_50.yuv,48,HEVC_B,0.2,uniform,24.217891693115234,0.0779332154424956,0.08747156010286972,40
Kimono1_1920x1080_24.yuv,48,HEVC_B,0.2,uniform,24.217891693115234,0.12414762312037315,0.0813156391185359,40
ParkScene_1920x1080_24.yuv,48,HEVC_B,0.2,uniform,24.217891693115234,0.1521307590042536,0.1226858469804526,40
FourPeople_1280x720_60.yuv,48,HEVC_E,0.2,uniform,24.217891693115234,0.15090535206313271,0.14920678932292475,15
Johnny_1280x720_60.yuv,48,HEVC_E,0.2,uniform,24.217891693115234,0.1141884069488481,0.1229906648506045,15
KristenAndSara_1280x720_60.yuv,48,HEVC_E,0.2,uniform,24.217891693115234,0.1274131731044153,0.12531523829149194,15
BQMall_832x480_60.yuv,48,HEVC_C,0.2,uniform,24.217891693115234,0.11792667338105059,0.14475744889184483,8
BasketballDrill_832x480_50.yuv,48,HEVC_C,0.2,uniform,24.217891693115234,0.1333822235340373,0.2544278529767183,8
PartyScene_832x480_50.yuv,48,HEVC_C,0.2,uniform,24.217891693115234,0.16121597801551496,0.2139973168523568,8
RaceHorses_832x480_30.yuv,48,HEVC_C,0.2,uniform,24.217891693115234,0.11122711996759037,0.12430610783043505,8
BasketballPass_416x240_50.yuv,48,HEVC_D,0.2,uniform,24.217891693115234,0.0750732463167401,0.19217282224030896,2
BlowingBubbles_416x240_50.yuv,48,HEVC_D,0.2,uniform,24.217891693115234,0.1246782389139171,0.14235163105384885,2
BQSquare_416x240_60.yuv,48,HEVC_D,0.2,uniform,13.027006387710571,0.11699201616290522,0.12342461738782617,2
RaceHorses_416x240_30.yuv,48,HEVC_D,0.2,uniform,24.217891693115234,0.11524988619254543,0.16660542740594053,2
Beauty_1920x1080_120fps_420_8bit_YUV.yuv,63,UVG,0.2,uniform,39.12455439567566,0.04971021864438808,0.034904276989891514,40
Bosphorus_1920x1080_120fps_420_8bit_YUV.yuv,63,UVG,0.2,uniform,24.217891693115234,0.08324276222942775,0.08320762637666235,40
HoneyBee_1920x1080_120fps_420_8bit_YUV.yuv,63,UVG,0.2,uniform,24.217891693115234,0.11628540926369361,0.08080100400251666,40
Jockey_1920x1080_120fps_420_8bit_YUV.yuv,63,UVG,0.2,uniform,39.12455439567566,0.12844800193775738,0.10434662094489511,40
ReadySteadyGo_1920x1080_120fps_420_8bit_YUV.yuv,63,UVG,0.2,uniform,24.217891693115234,0.14331152788735932,0.16369378382947986,40
ShakeNDry_1920x1080_120fps_420_8bit_YUV.yuv,63,UVG,0.2,uniform,24.217891693115234,0.08186824372443768,0.05885321622513118,40
YachtRide_1920x1080_120fps_420_8bit_YUV.yuv,63,UVG,0.2,uniform,24.217891693115234,0.11517173909819865,0.13280093954164585,40
videoSRC01_1920x1080_30.yuv,63,MCL-JCV,0.2,uniform,39.12455439567566,0.048019157666552646,0.038557633246547596,40
videoSRC02_1920x1080_30.yuv,63,MCL-JCV,0.2,uniform,24.217891693115234,0.12368976091974887,0.1049585365601331,40
videoSRC03_1920x1080_30.yuv,63,MCL-JCV,0.2,uniform,24.217891693115234,0.119557250854684,0.11084527662749366,40
videoSRC04_1920x1080_30.yuv,63,MCL-JCV,0.2,uniform,24.217891693115234,0.11511803778243884,0.15446132859446493,40
videoSRC05_1920x1080_25.yuv,63,MCL-JCV,0.2,uniform,39.12455439567566,0.14158903160323566,0.20424735993737642,40
videoSRC06_1920x1080_25.yuv,63,MCL-JCV,0.2,uniform,39.12455439567566,0.02600667613628087,0.04657304707420451,40
videoSRC07_1920x1080_25.yuv,63,MCL-JCV,0.2,uniform,39.12455439567566,0.14367393879637352,0.10650204515259531,40
videoSRC08_1920x1080_25.yuv,63,MCL-JCV,0.2,uniform,39.12455439567566,0.056620755820442695,0.06294778181375449,40
videoSRC09_1920x1080_25.yuv,63,MCL-JCV,0.2,uniform,39.12455439567566,0.1727538722372386,0.1688537916990711,40
videoSRC10_1920x1080_30.yuv,63,MCL-JCV,0.2,uniform,13.027006387710571,0.12053014643151,0.1265757414741131,40
videoSRC11_1920x1080_30.yuv,63,MCL-JCV,0.2,uniform,39.12455439567566,0.15975969287341063,0.1701195647789291,40
videoSRC12_1920x1080_30.yuv,63,MCL-JCV,0.2,uniform,13.027006387710571,0.10302922646117056,0.09588052200022901,40
videoSRC13_1920x1080_30.yuv,63,MCL-JCV,0.2,uniform,24.217891693115234,0.10761462798662333,0.11053240008482845,40
videoSRC14_1920x1080_30.yuv,63,MCL-JCV,0.2,uniform,24.217891693115234,0.09451405319524105,0.08588013428838082,40
videoSRC15_1920x1080_30.yuv,63,MCL-JCV,0.2,uniform,39.12455439567566,0.17307669926142663,0.16122214526673417,40
videoSRC16_1920x1080_30.yuv,63,MCL-JCV,0.2,uniform,39.12455439567566,0.09882546158323849,0.08549105025943504,40
videoSRC17_1920x1080_24.yuv,63,MCL-JCV,0.2,uniform,24.217891693115234,0.13653656108673662,0.09245099291768355,40
videoSRC18_1920x1080_25.yuv,63,MCL-JCV,0.2,uniform,24.217891693115234,0.10515630352591168,0.17684029838475368,40
videoSRC19_1920x1080_30.yuv,63,MCL-JCV,0.2,uniform,24.217891693115234,0.14004498087853443,0.1191591914562693,40
videoSRC20_1920x1080_25.yuv,63,MCL-JCV,0.2,uniform,24.217891693115234,0.13135978451496036,0.171331248229329,40
videoSRC21_1920x1080_24.yuv,63,MCL-JCV,0.2,uniform,39.12455439567566,0.0874845960927644,0.0774756780036796,40
videoSRC22_1920x1080_24.yuv,63,MCL-JCV,0.2,uniform,39.12455439567566,0.13665402138055113,0.1383946122104689,40
videoSRC23_1920x1080_24.yuv,63,MCL-JCV,0.2,uniform,39.12455439567566,0.15232257381789444,0.14508744274918683,40
videoSRC24_1920x1080_24.yuv,63,MCL-JCV,0.2,uniform,24.217891693115234,0.1584761318505163,0.23143381249425232,40
videoSRC25_1920x1080_24.yuv,63,MCL-JCV,0.2,uniform,24.217891693115234,0.1590745171300409,0.18203325411760574,40
videoSRC26_1920x1080_30.yuv,63,MCL-JCV,0.2,uniform,24.217891693115234,0.1374506338504943,0.13610978660021544,40
videoSRC27_1920x1080_30.yuv,63,MCL-JCV,0.2,uniform,39.12455439567566,0.1062786986069008,0.1142023593718875,40
videoSRC28_1920x1080_30.yuv,63,MCL-JCV,0.2,uniform,39.12455439567566,0.14705990756138135,0.12628606302261858,40
videoSRC29_1920x1080_24.yuv,63,MCL-JCV,0.2,uniform,39.12455439567566,0.08633133498300372,0.07821291375751116,40
videoSRC30_1920x1080_30.yuv,63,MCL-JCV,0.2,uniform,39.12455439567566,0.15232840290279578,0.12952191839406169,40
BQTerrace_1920x1080_60.yuv,63,HEVC_B,0.2,uniform,24.217891693115234,0.11912316209374149,0.14971572856359217,40
BasketballDrive_1920x1080_50.yuv,63,HEVC_B,0.2,uniform,39.12455439567566,0.12884411298809872,0.17434423565356383,40
Cactus_1920x1080_50.yuv,63,HEVC_B,0.2,uniform,24.217891693115234,0.0677403219319837,0.08367160124014816,40
Kimono1_1920x1080_24.yuv,63,HEVC_B,0.2,uniform,24.217891693115234,0.13631315811685352,0.09219044690843248,40
ParkScene_1920x1080_24.yuv,63,HEVC_B,0.2,uniform,13.027006387710571,0.09267332250323226,0.08188730694863722,40
FourPeople_1280x720_60.yuv,63,HEVC_E,0.2,uniform,24.217891693115234,0.13495649364862733,0.13388361833795415,15
Johnny_1280x720_60.yuv,63,HEVC_E,0.2,uniform,24.217891693115234,0.08738229329131592,0.10273499681563436,15
KristenAndSara_1280x720_60.yuv,63,HEVC_E,0.2,uniform,24.217891693115234,0.1253481490138802,0.12360820629025682,15
BQMall_832x480_60.yuv,63,HEVC_C,0.2,uniform,24.217891693115234,0.1461078077697914,0.19695101211067367,8
BasketballDrill_832x480_50.yuv,63,HEVC_C,0.2,uniform,24.217891693115234,0.11855044317402255,0.3261943353323318,8
PartyScene_832x480_50.yuv,63,HEVC_C,0.2,uniform,13.027006387710571,0.08868884571359104,0.1653209001939473,8
RaceHorses_832x480_30.yuv,63,HEVC_C,0.2,uniform,24.217891693115234,0.14633450705275086,0.1772523115312623,8
BasketballPass_416x240_50.yuv,63,HEVC_D,0.2,uniform,24.217891693115234,0.05968454425276429,0.2914803947614928,2
BlowingBubbles_416x240_50.yuv,63,HEVC_D,0.2,uniform,24.217891693115234,0.1735541064633621,0.21072370699833698,2
BQSquare_416x240_60.yuv,63,HEVC_D,0.2,uniform,-0.9507179260253906,0.027781405176250804,0.025091122569989466,2
RaceHorses_416x240_30.yuv,63,HEVC_D,0.2,uniform,13.027006387710571,0.06745289937434427,0.1341285845092699,2
Beauty_1920x1080_120fps_420_8bit_YUV.yuv,0,UVG,0.3,oracle,39.12455439567566,0.08091148795395814,0.08229179922256691,40
Bosphorus_1920x1080_120fps_420_8bit_YUV.yuv,0,UVG,0.3,oracle,39.12455439567566,0.109843875346532,0.12340274289241648,40
HoneyBee_1920x1080_120fps_420_8bit_YUV.yuv,0,UVG,0.3,oracle,39.12455439567566,0.2467979769977802,0.1847348247435292,40
Jockey_1920x1080_120fps_420_8bit_YUV.yuv,0,UVG,0.3,oracle,39.12455439567566,0.22012322812951035,0.1853520572942955,40
ReadySteadyGo_1920x1080_120fps_420_8bit_YUV.yuv,0,UVG,0.3,oracle,39.12455439567566,0.14633471004031023,0.15624953325017543,40
ShakeNDry_1920x1080_120fps_420_8bit_YUV.yuv,0,UVG,0.3,oracle,39.12455439567566,0.07391442561049448,0.08615749684847174,40
YachtRide_1920x1080_120fps_420_8bit_YUV.yuv,0,UVG,0.3,oracle,39.12455439567566,0.10892885197622486,0.1282077706456306,40
videoSRC01_1920x1080_30.yuv,0,MCL-JCV,0.3,oracle,39.12455439567566,0.11191786889207839,0.11281084095170257,40
videoSRC02_1920x1080_30.yuv,0,MCL-JCV,0.3,oracle,39.12455439567566,0.17464680060032226,0.1768422608582796,40
videoSRC03_1920x1080_30.yuv,0,MCL-JCV,0.3,oracle,39.12455439567566,0.14850820272262996,0.16724756669837149,40
videoSRC04_1920x1080_30.yuv,0,MCL-JCV,0.3,oracle,39.12455439567566,0.022088933433354694,0.04003983538861888,40
videoSRC05_1920x1080_25.yuv,0,MCL-JCV,0.3,oracle,39.12455439567566,0.19813605448558747,0.20905489733496552,40
videoSRC06_1920x1080_25.yuv,0,MCL-JCV,0.3,oracle,39.12455439567566,0.03224088419020011,0.024900584410012527,40
videoSRC07_1920x1080_25.yuv,0,MCL-JCV,0.3,oracle,39.12455439567566,0.11573114557075326,0.10866693196463473,40
videoSRC08_1920x1080_25.yuv,0,MCL-JCV,0.3,oracle,39.12455439567566,0.08800453043344487,0.08874859056497542,40
videoSRC09_1920x1080_25.yuv,0,MCL-JCV,0.3,oracle,39.12455439567566,0.10283143571382153,0.12001661422514331,40
videoSRC10_1920x1080_30.yuv,0,MCL-JCV,0.3,oracle,38.751887828111656,0.2905730864184347,0.33570098788099756,40
videoSRC11_1920x1080_30.yuv,0,MCL-JCV,0.3,oracle,39.12455439567566,0.08271465359720417,0.10288921740490053,40
videoSRC12_1920x1080_30.yuv,0,MCL-JCV,0.3,oracle,39.12455439567566,0.1037568024915999,0.11577506073790644,40
videoSRC13_1920x1080_30.yuv,0,MCL-JCV,0.3,oracle,39.12455439567566,0.055605978859048916,0.10980931904400393,40
videoSRC14_1920x1080_30.yuv,0,MCL-JCV,0.3,oracle,39.12455439567566,0.11677195797407153,0.11992287933583157,40
videoSRC15_1920x1080_30.yuv,0,MCL-JCV,0.3,oracle,39.12455439567566,0.08777389709425759,0.11144647263915886,40
videoSRC16_1920x1080_30.yuv,0,MCL-JCV,0.3,oracle,39.12455439567566,0.16502806827968244,0.14172133525790542,40
videoSRC17_1920x1080_24.yuv,0,MCL-JCV,0.3,oracle,39.12455439567566,0.06855976918494282,0.06612191226552255,40
videoSRC18_1920x1080_25.yuv,0,MCL-JCV,0.3,oracle,39.12455439567566,0.11724686045861205,0.12298658455799938,40
videoSRC19_1920x1080_30.yuv,0,MCL-JCV,0.3,oracle,39.12455439567566,0.0745683624426924,0.0746782533749979,40
videoSRC20_1920x1080_25.yuv,0,MCL-JCV,0.3,oracle,39.12455439567566,0.18260786219683853,0.17527663837079643,40
videoSRC21_1920x1080_24.yuv,0,MCL-JCV,0.3,oracle,39.12455439567566,0.02207029871673177,0.0585511196388282,40
videoSRC22_1920x1080_24.yuv,0,MCL-JCV,0.3,oracle,39.12455439567566,0.09952882662912543,0.10540536077579787,40
videoSRC23_1920x1080_24.yuv,0,MCL-JCV,0.3,oracle,39.12455439567566,0.0968228220381803,0.11403509249188204,40
videoSRC24_1920x1080_24.yuv,0,MCL-JCV,0.3,oracle,39.12455439567566,0.28511929314032025,0.25555484173646903,40
videoSRC25_1920x1080_24.yuv,0,MCL-JCV,0.3,oracle,39.12455439567566,0.1512317619770954,0.14407022162144756,40
videoSRC26_1920x1080_30.yuv,0,MCL-JCV,0.3,oracle,39.12455439567566,0.1311375174981168,0.13059835291463884,40
videoSRC27_1920x1080_30.yuv,0,MCL-JCV,0.3,oracle,39.12455439567566,0.12304989238188797,0.14466394978160935,40
videoSRC28_1920x1080_30.yuv,0,MCL-JCV,0.3,oracle,39.12455439567566,0.08446472309023867,0.12758942859357347,40
videoSRC29_1920x1080_24.yuv,0,MCL-JCV,0.3,oracle,39.12455439567566,0.026554528748609415,0.030472528798817677,40
videoSRC30_1920x1080_30.yuv,0,MCL-JCV,0.3,oracle,39.12455439567566,0.13188763853599522,0.11641022695994252,40
BQTerrace_1920x1080_60.yuv,0,HEVC_B,0.3,oracle,39.12455439567566,0.10258983867521763,0.11971255977277195,40
BasketballDrive_1920x1080_50.yuv,0,HEVC_B,0.3,oracle,39.12455439567566,0.20339636241250125,0.21084046614144114,40
Cactus_1920x1080_50.yuv,0,HEVC_B,0.3,oracle,39.12455439567566,0.1249748055096448,0.12955231067528672,40
Kimono1_1920x1080_24.yuv,0,HEVC_B,0.3,oracle,39.12455439567566,0.060235008562486994,0.05936236147662299,40
ParkScene_1920x1080_24.yuv,0,HEVC_B,0.3,oracle,39.12455439567566,0.045551741504323714,0.048133639677402584,40
FourPeople_1280x720_60.yuv,0,HEVC_E,0.3,oracle,39.12455439567566,0.12948886949966706,0.16060766120427772,15
Johnny_1280x720_60.yuv,0,HEVC_E,0.3,oracle,39.12455439567566,0.18192846977077,0.21129207136709738,15
KristenAndSara_1280x720_60.yuv,0,HEVC_E,0.3,oracle,39.12455439567566,0.17138010908195545,0.2014610847060183,15
BQMall_832x480_60.yuv,0,HEVC_C,0.3,oracle,39.12455439567566,0.11356606947980527,0.14182263489756153,8
BasketballDrill_832x480_50.yuv,0,HEVC_C,0.3,oracle,39.12455439567566,0.25610224398085657,0.2545223765592688,8
PartyScene_832x480_50.yuv,0,HEVC_C,0.3,oracle,39.12455439567566,0.053026271524124965,0.06948338609807791,8
RaceHorses_832x480_30.yuv,0,HEVC_C,0.3,oracle,39.12455439567566,0.1446766982695335,0.16221749313272937,8
BasketballPass_416x240_50.yuv,0,HEVC_D,0.3,oracle,39.12455439567566,0.09266809287871032,0.09672854304720602,2
BlowingBubbles_416x240_50.yuv,0,HEVC_D,0.3,oracle,39.12455439567566,0.07805770360087562,0.08556953699413583,2
BQSquare_416x240_60.yuv,0,HEVC_D,0.3,oracle,39.12455439567566,0.08217431314399251,0.10199766528313603,2
RaceHorses_416x240_30.yuv,0,HEVC_D,0.3,oracle,39.12455439567566,0.1764226216711234,0.17634835808481952,2
Beauty_1920x1080_120fps_420_8bit_YUV.yuv,16,UVG,0.3,oracle,39.12455439567566,0.04401150336257254,0.04814296022141917,40
Bosphorus_1920x1080_120fps_420_8bit_YUV.yuv,16,UVG,0.3,oracle,39.12455439567566,0.12934723913555551,0.14363374414060814,40
HoneyBee_1920x1080_120fps_420_8bit_YUV.yuv,16,UVG,0.3,oracle,39.12455439567566,0.2863546105265803,0.19534028211970167,40
Jockey_1920x1080_120fps_420_8bit_YUV.yuv,16,UVG,0.3,oracle,39.12455439567566,0.19001626879784186,0.16004635460854644,40
ReadySteadyGo_1920x1080_120fps_420_8bit_YUV.yuv,16,UVG,0.3,oracle,39.12455439567566,0.22020336827618409,0.22790356660561883,40
ShakeNDry_1920x1080_120fps_420_8bit_YUV.yuv,16,UVG,0.3,oracle,39.12455439567566,0.05927740339012894,0.06188958735465633,40
YachtRide_1920x1080_120fps_420_8bit_YUV.yuv,16,UVG,0.3,oracle,39.12455439567566,0.16388639393278842,0.1899282540294891,40
videoSRC01_1920x1080_30.yuv,16,MCL-JCV,0.3,oracle,39.12455439567566,0.0955428316105992,0.0967970859865801,40
videoSRC02_1920x1080_30.yuv,16,MCL-JCV,0.3,oracle,39.12455439567566,0.21298103013877812,0.20552660936451161,40
videoSRC03_1920x1080_30.yuv,16,MCL-JCV,0.3,oracle,39.12455439567566,0.18219653146021758,0.1902374466877106,40
videoSRC04_1920x1080_30.yuv,16,MCL-JCV,0.3,oracle,39.12455439567566,0.05703442659334555,0.07394946548483006,40
videoSRC05_1920x1080_25.yuv,16,MCL-JCV,0.3,oracle,39.12455439567566,0.207493299906854,0.2291775689162563,40
videoSRC06_1920x1080_25.yuv,16,MCL-JCV,0.3,oracle,39.12455439567566,0.04308834139587414,0.033973665926467334,40
videoSRC07_1920x1080_25.yuv,16,MCL-JCV,0.3,oracle,39.12455439567566,0.1408576793643172,0.11538346439240144,40
videoSRC08_1920x1080_25.yuv,16,MCL-JCV,0.3,oracle,39.12455439567566,0.07643486500737173,0.08059076617725935,40
videoSRC09_1920x1080_25.yuv,16,MCL-JCV,0.3,oracle,39.12455439567566,0.14580464323448347,0.15831739406687717,40
videoSRC10_1920x1080_30.yuv,16,MCL-JCV,0.3,oracle,36.60878285765647,0.2900286510023022,0.3175866244575758,40
videoSRC11_1920x1080_30.yuv,16,MCL-JCV,0.3,oracle,39.12455439567566,0.10199983339759855,0.13507317275183794,40
videoSRC12_1920x1080_30.yuv,16,MCL-JCV,0.3,oracle,39.12455439567566,0.1280185153159816,0.15380380110630654,40
videoSRC13_1920x1080_30.yuv,16,MCL-JCV,0.3,oracle,39.12455439567566,0.1270353262993276,0.25137172464157587,40
videoSRC14_1920x1080_30.yuv,16,MCL-JCV,0.3,oracle,39.12455439567566,0.16639291916064172,0.16538506434140032,40
videoSRC15_1920x1080_30.yuv,16,MCL-JCV,0.3,oracle,39.12455439567566,0.1051254640862436,0.1286184642185475,40
videoSRC16_1920x1080_30.yuv,16,MCL-JCV,0.3,oracle,39.12455439567566,0.1259793504189927,0.11515760408676101,40
videoSRC17_1920x1080_24.yuv,16,MCL-JCV,0.3,oracle,39.12455439567566,0.08941793980308829,0.08155845898273384,40
videoSRC18_1920x1080_25.yuv,16,MCL-JCV,0.3,oracle,39.12455439567566,0.12902197126214227,0.1443929384378535,40
videoSRC19_1920x1080_30.yuv,16,MCL-JCV,0.3,oracle,39.12455439567566,0.11513920041085185,0.1342407240236696,40
videoSRC20_1920x1080_25.yuv,16,MCL-JCV,0.3,oracle,39.12455439567566,0.1831096715477446,0.1746254221197603,40
videoSRC21_1920x1080_24.yuv,16,MCL-JCV,0.3,oracle,39.12455439567566,0.07775652486078233,0.08881954437627826,40
videoSRC22_1920x1080_24.yuv,16,MCL-JCV,0.3,oracle,39.12455439567566,0.12836554675007456,0.12868551140512352,40
videoSRC23_1920x1080_24.yuv,16,MCL-JCV,0.3,oracle,39.12455439567566,0.11460867223512847,0.1390036036728972,40
videoSRC24_1920x1080_24.yuv,16,MCL-JCV,0.3,oracle,39.12455439567566,0.29830940029543973,0.2615105581810937,40
videoSRC25_1920x1080_24.yuv,16,MCL-JCV,0.3,oracle,39.12455439567566,0.1937479110085506,0.1820447388058355,40
videoSRC26_1920x1080_30.yuv,16,MCL-JCV,0.3,oracle,39.12455439567566,0.20326945198322705,0.20002942632699217,40
videoSRC27_1920x1080_30.yuv,16,MCL-JCV,0.3,oracle,39.12455439567566,0.09217700764258546,0.11184854147147405,40
videoSRC28_1920x1080_30.yuv,16,MCL-JCV,0.3,oracle,39.12455439567566,0.08676719373508426,0.1161054615494308,40
videoSRC29_1920x1080_24.yuv,16,MCL-JCV,0.3,oracle,39.12455439567566,0.09076679545469563,0.09173275445789386,40
videoSRC30_1920x1080_30.yuv,16,MCL-JCV,0.3,oracle,39.12455439567566,0.12022135442972011,0.10071298419266839,40
BQTerrace_1920x1080_60.yuv,16,HEVC_B,0.3,oracle,39.12455439567566,0.1919030925343283,0.22931335770362438,40
BasketballDrive_1920x1080_50.yuv,16,HEVC_B,0.3,oracle,39.12455439567566,0.20523630359419914,0.22033872393018328,40
Cactus_1920x1080_50.yuv,16,HEVC_B,0.3,oracle,39.12455439567566,0.15855506638539724,0.16126462321871315,40
Kimono1_1920x1080_24.yuv,16,HEVC_B,0.3,oracle,39.12455439567566,0.08508390971480453,0.07747948910005675,40
ParkScene_1920x1080_24.yuv,16,HEVC_B,0.3,oracle,39.12455439567566,0.06295734489718163,0.06563188507305995,40
FourPeople_1280x720_60.yuv,16,HEVC_E,0.3,oracle,39.12455439567566,0.18137398183366132,0.20845026142023926,15
Johnny_1280x720_60.yuv,16,HEVC_E,0.3,oracle,39.12455439567566,0.21797124501191936,0.2534139288695627,15
KristenAndSara_1280x720_60.yuv,16,HEVC_E,0.3,oracle,39.12455439567566,0.24921454472645557,0.27721511808217514,15
BQMall_832x480_60.yuv,16,HEVC_C,0.3,oracle,39.12455439567566,0.14959926869333195,0.17698812978265366,8
BasketballDrill_832x480_50.yuv,16,HEVC_C,0.3,oracle,37.261221557855606,0.2585264528735754,0.287114432787412,8
PartyScene_832x480_50.yuv,16,HEVC_C,0.3,oracle,39.12455439567566,0.124002394997502,0.14716509889356644,8
RaceHorses_832x480_30.yuv,16,HEVC_C,0.3,oracle,39.12455439567566,0.13825458390730302,0.16358443234230435,8
BasketballPass_416x240_50.yuv,16,HEVC_D,0.3,oracle,39.12455439567566,0.22729973809076537,0.242092539401078,2
BlowingBubbles_416x240_50.yuv,16,HEVC_D,0.3,oracle,39.12455439567566,0.12377383733979908,0.1317386721675149,2
BQSquare_416x240_60.yuv,16,HEVC_D,0.3,oracle,39.12455439567566,0.2209236799034668,0.23395544850919947,2
RaceHorses_416x240_30.yuv,16,HEVC_D,0.3,oracle,39.12455439567566,0.19142307954193705,0.20402813614516901,2
Beauty_1920x1080_120fps_420_8bit_YUV.yuv,32,UVG,0.3,oracle,39.12455439567566,0.0400058145020213,0.04200414018367127,40
Bosphorus_1920x1080_120fps_420_8bit_YUV.yuv,32,UVG,0.3,oracle,39.12455439567566,0.13516348610502918,0.14286423112356061,40
HoneyBee_1920x1080_120fps_420_8bit_YUV.yuv,32,UVG,0.3,oracle,39.12455439567566,0.28848447609134914,0.18400403240579521,40
Jockey_1920x1080_120fps_420_8bit_YUV.yuv,32,UVG,0.3,oracle,39.12455439567566,0.16167873536129979,0.12990745021260608,40
ReadySteadyGo_1920x1080_120fps_420_8bit_YUV.yuv,32,UVG,0.3,oracle,39.12455439567566,0.2929312219800152,0.28212160063317526,40
ShakeNDry_1920x1080_120fps_420_8bit_YUV.yuv,32,UVG,0.3,oracle,39.12455439567566,0.08612350455037125,0.07759334076061464,40
YachtRide_1920x1080_120fps_420_8bit_YUV.yuv,32,UVG,0.3,oracle,39.12455439567566,0.2216996067967359,0.23994481455978445,40
videoSRC01_1920x1080_30.yuv,32,MCL-JCV,0.3,oracle,39.12455439567566,0.08936327909913269,0.08545393647829513,40
videoSRC02_1920x1080_30.yuv,32,MCL-JCV,0.3,oracle,39.12455439567566,0.27062223994520507,0.23868103568132426,40
videoSRC03_1920x1080_30.yuv,32,MCL-JCV,0.3,oracle,39.12455439567566,0.23348142146463685,0.2366318472266542,40
videoSRC04_1920x1080_30.yuv,32,MCL-JCV,0.3,oracle,39.12455439567566,0.10308853791622864,0.13002850258173737,40
videoSRC05_1920x1080_25.yuv,32,MCL-JCV,0.3,oracle,39.12455439567566,0.20144285430613737,0.22986822220973124,40
videoSRC06_1920x1080_25.yuv,32,MCL-JCV,0.3,oracle,39.12455439567566,0.016515877994750083,0.012836248730160094,40
videoSRC07_1920x1080_25.yuv,32,MCL-JCV,0.3,oracle,39.12455439567566,0.14230302585699628,0.10746570195657767,40
videoSRC08_1920x1080_25.yuv,32,MCL-JCV,0.3,oracle,39.12455439567566,0.0765152557384441,0.07637612332327848,40
videoSRC09_1920x1080_25.yuv,32,MCL-JCV,0.3,oracle,39.12455439567566,0.19665447294009833,0.19476846266071846,40
videoSRC10_1920x1080_30.yuv,32,MCL-JCV,0.3,oracle,33.53346705436706,0.2739395844897883,0.30589908622814477,40
videoSRC11_1920x1080_30.yuv,32,MCL-JCV,0.3,oracle,39.12455439567566,0.10686073833733585,0.14732839726728741,40
videoSRC12_1920x1080_30.yuv,32,MCL-JCV,0.3,oracle,39.12455439567566,0.2104777912966398,0.2589689100235617,40
videoSRC13_1920x1080_30.yuv,32,MCL-JCV,0.3,oracle,39.12455439567566,0.19480540296270069,0.29740072693597597,40
videoSRC14_1920x1080_30.yuv,32,MCL-JCV,0.3,oracle,39.12455439567566,0.21261962134957457,0.1980777099575306,40
videoSRC15_1920x1080_30.yuv,32,MCL-JCV,0.3,oracle,39.12455439567566,0.1330629459432975,0.14848467887613026,40
videoSRC16_1920x1080_30.yuv,32,MCL-JCV,0.3,oracle,39.12455439567566,0.1070870906070711,0.09854007646901408,40
videoSRC17_1920x1080_24.yuv,32,MCL-JCV,0.3,oracle,39.12455439567566,0.1664708813340449,0.12312580877473067,40
videoSRC18_1920x1080_25.yuv,32,MCL-JCV,0.3,oracle,39.12455439567566,0.18551331329148357,0.20250707349124752,40
videoSRC19_1920x1080_30.yuv,32,MCL-JCV,0.3,oracle,39.12455439567566,0.16391265416372847,0.18105069041373412,40
videoSRC20_1920x1080_25.yuv,32,MCL-JCV,0.3,oracle,39.12455439567566,0.20991830524343325,0.19962139910527554,40
videoSRC21_1920x1080_24.yuv,32,MCL-JCV,0.3,oracle,39.12455439567566,0.27901659950884483,0.20895100100332797,40
videoSRC22_1920x1080_24.yuv,32,MCL-JCV,0.3,oracle,39.12455439567566,0.1586212097539606,0.1711023446004276,40
videoSRC23_1920x1080_24.yuv,32,MCL-JCV,0.3,oracle,39.12455439567566,0.13868138680454475,0.1608616725399017,40
videoSRC24_1920x1080_24.yuv,32,MCL-JCV,0.3,oracle,37.63388812541961,0.28679585826910414,0.2638920489809635,40
videoSRC25_1920x1080_24.yuv,32,MCL-JCV,0.3,oracle,39.12455439567566,0.2566768012678515,0.24102766970494827,40
videoSRC26_1920x1080_30.yuv,32,MCL-JCV,0.3,oracle,39.12455439567566,0.28161272166933615,0.2640711273325351,40
videoSRC27_1920x1080_30.yuv,32,MCL-JCV,0.3,oracle,39.12455439567566,0.08186335384563105,0.10171609181512764,40
videoSRC28_1920x1080_30.yuv,32,MCL-JCV,0.3,oracle,39.12455439567566,0.09638940909628782,0.1128571306424675,40
videoSRC29_1920x1080_24.yuv,32,MCL-JCV,0.3,oracle,39.12455439567566,0.2317686377430428,0.20947367776231118,40
videoSRC30_1920x1080_30.yuv,32,MCL-JCV,0.3,oracle,39.12455439567566,0.12211880840911424,0.10125783354210682,40
BQTerrace_1920x1080_60.yuv,32,HEVC_B,0.3,oracle,39.12455439567566,0.22054584271940025,0.26527434614299494,40
BasketballDrive_1920x1080_50.yuv,32,HEVC_B,0.3,oracle,39.12455439567566,0.19843059155699383,0.21637016678475618,40
Cactus_1920x1080_50.yuv,32,HEVC_B,0.3,oracle,39.12455439567566,0.18039399074216428,0.1768500985209016,40
Kimono1_1920x1080_24.yuv,32,HEVC_B,0.3,oracle,39.12455439567566,0.15799089880175113,0.11881731394502992,40
ParkScene_1920x1080_24.yuv,32,HEVC_B,0.3,oracle,39.12455439567566,0.14481324639368334,0.13312559521870782,40
FourPeople_1280x720_60.yuv,32,HEVC_E,0.3,oracle,39.12455439567566,0.26285068484446555,0.2806583337450661,15
Johnny_1280x720_60.yuv,32,HEVC_E,0.3,oracle,39.12455439567566,0.2692377757133663,0.28915416284350215,15
KristenAndSara_1280x720_60.yuv,32,HEVC_E,0.3,oracle,39.12455439567566,0.2819134090769085,0.2943422962832045,15
BQMall_832x480_60.yuv,32,HEVC_C,0.3,oracle,39.12455439567566,0.20096663938300247,0.23196049295081878,8
BasketballDrill_832x480_50.yuv,32,HEVC_C,0.3,oracle,37.261221557855606,0.2787461810373121,0.3375442981637917,8
PartyScene_832x480_50.yuv,32,HEVC_C,0.3,oracle,39.12455439567566,0.22895190486365904,0.2659570440483172,8
RaceHorses_832x480_30.yuv,32,HEVC_C,0.3,oracle,39.12455439567566,0.18920164279256418,0.20117295616233832,8
BasketballPass_416x240_50.yuv,32,HEVC_D,0.3,oracle,39.12455439567566,0.2456581180459065,0.33994028566949197,2
BlowingBubbles_416x240_50.yuv,32,HEVC_D,0.3,oracle,39.12455439567566,0.18861161483760858,0.20305938205829221,2
BQSquare_416x240_60.yuv,32,HEVC_D,0.3,oracle,31.671223044395447,0.24648946574294156,0.270671195663148,2
RaceHorses_416x240_30.yuv,32,HEVC_D,0.3,oracle,39.12455439567566,0.23887282870713278,0.28203463787313154,2
Beauty_1920x1080_120fps_420_8bit_YUV.yuv,48,UVG,0.3,oracle,39.12455439567566,0.03478144700684083,0.02987801027607162,40
Bosphorus_1920x1080_120fps_420_8bit_YUV.yuv,48,UVG,0.3,oracle,39.12455439567566,0.16937228822209072,0.1622045640957097,40
HoneyBee_1920x1080_120fps_420_8bit_YUV.yuv,48,UVG,0.3,oracle,39.12455439567566,0.26878087423618124,0.17198243697708904,40
Jockey_1920x1080_120fps_420_8bit_YUV.yuv,48,UVG,0.3,oracle,39.12455439567566,0.15451252038099772,0.12179747617497583,40
ReadySteadyGo_1920x1080_120fps_420_8bit_YUV.yuv,48,UVG,0.3,oracle,36.515888422727585,0.27400222793687334,0.25215312406827906,40
ShakeNDry_1920x1080_120fps_420_8bit_YUV.yuv,48,UVG,0.3,oracle,39.12455439567566,0.12184663492381868,0.09759264211673013,40
YachtRide_1920x1080_120fps_420_8bit_YUV.yuv,48,UVG,0.3,oracle,38.00655469298363,0.25553319060554824,0.25957006357886314,40
videoSRC01_1920x1080_30.yuv,48,MCL-JCV,0.3,oracle,39.12455439567566,0.06494298778826539,0.05510294382702341,40
videoSRC02_1920x1080_30.yuv,48,MCL-JCV,0.3,oracle,38.37922126054764,0.2778438433621204,0.22565802746552777,40
videoSRC03_1920x1080_30.yuv,48,MCL-JCV,0.3,oracle,39.12455439567566,0.259071027080431,0.23664904826902955,40
videoSRC04_1920x1080_30.yuv,48,MCL-JCV,0.3,oracle,39.12455439567566,0.16950612105130064,0.20098710953926258,40
videoSRC05_1920x1080_25.yuv,48,MCL-JCV,0.3,oracle,39.12455439567566,0.17720787391074272,0.21727924324756742,40
videoSRC06_1920x1080_25.yuv,48,MCL-JCV,0.3,oracle,39.12455439567566,0.008601664437650479,0.00688037243234163,40
videoSRC07_1920x1080_25.yuv,48,MCL-JCV,0.3,oracle,39.12455439567566,0.1379854929457343,0.10070027789964087,40
videoSRC08_1920x1080_25.yuv,48,MCL-JCV,0.3,oracle,39.12455439567566,0.06442195265288003,0.06767704727700163,40
videoSRC09_1920x1080_25.yuv,48,MCL-JCV,0.3,oracle,39.12455439567566,0.21228082707820306,0.20555643711372795,40
videoSRC10_1920x1080_30.yuv,48,MCL-JCV,0.3,oracle,33.906133621931076,0.2627217080080677,0.2911753039278864,40
videoSRC11_1920x1080_30.yuv,48,MCL-JCV,0.3,oracle,39.12455439567566,0.11561663190527952,0.14508602443160612,40
videoSRC12_1920x1080_30.yuv,48,MCL-JCV,0.3,oracle,38.751887828111656,0.27321265546112605,0.29346354397233654,40
videoSRC13_1920x1080_30.yuv,48,MCL-JCV,0.3,oracle,39.12455439567566,0.2197184797385271,0.2605838860879075,40
videoSRC14_1920x1080_30.yuv,48,MCL-JCV,0.3,oracle,39.12455439567566,0.22010191962710596,0.19573281544309395,40
videoSRC15_1920x1080_30.yuv,48,MCL-JCV,0.3,oracle,39.12455439567566,0.14288096133542483,0.1438730086338893,40
videoSRC16_1920x1080_30.yuv,48,MCL-JCV,0.3,oracle,39.12455439567566,0.1099939631085734,0.09498978551739157,40
videoSRC17_1920x1080_24.yuv,48,MCL-JCV,0.3,oracle,39.12455439567566,0.22921453955762353,0.14803623834899327,40
videoSRC18_1920x1080_25.yuv,48,MCL-JCV,0.3,oracle,39.12455439567566,0.22480065347378642,0.26883577829054417,40
videoSRC19_1920x1080_30.yuv,48,MCL-JCV,0.3,oracle,39.12455439567566,0.23124018022307613,0.2223536577720111,40
videoSRC20_1920x1080_25.yuv,48,MCL-JCV,0.3,oracle,39.12455439567566,0.25539131047158165,0.2516132244193088,40
videoSRC21_1920x1080_24.yuv,48,MCL-JCV,0.3,oracle,39.12455439567566,0.17542289549984796,0.1280862594827994,40
videoSRC22_1920x1080_24.yuv,48,MCL-JCV,0.3,oracle,39.12455439567566,0.15556229301397126,0.16350546207628014,40
videoSRC23_1920x1080_24.yuv,48,MCL-JCV,0.3,oracle,39.12455439567566,0.15221963699927638,0.15652695629533042,40
videoSRC24_1920x1080_24.yuv,48,MCL-JCV,0.3,oracle,36.8885549902916,0.2756079332185007,0.28604322759417755,40
videoSRC25_1920x1080_24.yuv,48,MCL-JCV,0.3,oracle,37.63388812541961,0.28256138599324276,0.26728253930262724,40
videoSRC26_1920x1080_30.yuv,48,MCL-JCV,0.3,oracle,37.63388812541961,0.2819536180645337,0.2517230957404095,40
videoSRC27_1920x1080_30.yuv,48,MCL-JCV,0.3,oracle,39.12455439567566,0.09148112216841649,0.10653263897238219,40
videoSRC28_1920x1080_30.yuv,48,MCL-JCV,0.3,oracle,39.12455439567566,0.12335416329637994,0.12060253671484844,40
videoSRC29_1920x1080_24.yuv,48,MCL-JCV,0.3,oracle,39.12455439567566,0.1290049002369896,0.11841690896419266,40
videoSRC30_1920x1080_30.yuv,48,MCL-JCV,0.3,oracle,39.12455439567566,0.13748941973939752,0.11572329693247951,40
BQTerrace_1920x1080_60.yuv,48,HEVC_B,0.3,oracle,39.12455439567566,0.23281457450407092,0.2759963676230228,40
BasketballDrive_1920x1080_50.yuv,48,HEVC_B,0.3,oracle,39.12455439567566,0.1661645977700265,0.1925579420662018,40
Cactus_1920x1080_50.yuv,48,HEVC_B,0.3,oracle,39.12455439567566,0.1829783407080304,0.1851008018706395,40
Kimono1_1920x1080_24.yuv,48,HEVC_B,0.3,oracle,39.12455439567566,0.23387481086409992,0.15104526543434815,40
ParkScene_1920x1080_24.yuv,48,HEVC_B,0.3,oracle,38.751887828111656,0.2764648254833663,0.21891455079317979,40
FourPeople_1280x720_60.yuv,48,HEVC_E,0.3,oracle,38.13077688217164,0.2702381401394772,0.26933430012780235,15
Johnny_1280x720_60.yuv,48,HEVC_E,0.3,oracle,39.12455439567566,0.25240454956231007,0.26255689343674504,15
KristenAndSara_1280x720_60.yuv,48,HEVC_E,0.3,oracle,39.12455439567566,0.26892004374126116,0.26663061786551623,15
BQMall_832x480_60.yuv,48,HEVC_C,0.3,oracle,39.12455439567566,0.25847042681907856,0.3038633468433929,8
BasketballDrill_832x480_50.yuv,48,HEVC_C,0.3,oracle,37.261221557855606,0.25521391990259445,0.3832784048280544,8
PartyScene_832x480_50.yuv,48,HEVC_C,0.3,oracle,33.5345558822155,0.25094025947855575,0.31041189185877727,8
RaceHorses_832x480_30.yuv,48,HEVC_C,0.3,oracle,39.12455439567566,0.24111413545163535,0.2581549851042766,8
BasketballPass_416x240_50.yuv,48,HEVC_D,0.3,oracle,31.671223044395447,0.19852508844966174,0.3353311257205078,2
BlowingBubbles_416x240_50.yuv,48,HEVC_D,0.3,oracle,31.671223044395447,0.21579613977846657,0.2376046470711657,2
BQSquare_416x240_60.yuv,48,HEVC_D,0.3,oracle,24.217891693115234,0.21213795510977312,0.250036665899394,2
RaceHorses_416x240_30.yuv,48,HEVC_D,0.3,oracle,31.671223044395447,0.19688662095397436,0.25460817415757475,2
Beauty_1920x1080_120fps_420_8bit_YUV.yuv,63,UVG,0.3,oracle,39.12455439567566,0.04971021864438808,0.034904276989891514,40
Bosphorus_1920x1080_120fps_420_8bit_YUV.yuv,63,UVG,0.3,oracle,39.12455439567566,0.1936817155762719,0.16979620799419592,40
HoneyBee_1920x1080_120fps_420_8bit_YUV.yuv,63,UVG,0.3,oracle,39.12455439567566,0.23864241475053916,0.1635215790351623,40
Jockey_1920x1080_120fps_420_8bit_YUV.yuv,63,UVG,0.3,oracle,39.12455439567566,0.12844800193775738,0.10434662094489511,40
ReadySteadyGo_1920x1080_120fps_420_8bit_YUV.yuv,63,UVG,0.3,oracle,35.49078315496445,0.25275595046808064,0.2590230949168273,40
ShakeNDry_1920x1080_120fps_420_8bit_YUV.yuv,63,UVG,0.3,oracle,39.12455439567566,0.16158396940465664,0.11143523460056315,40
YachtRide_1920x1080_120fps_420_8bit_YUV.yuv,63,UVG,0.3,oracle,38.37922126054764,0.2632526157659352,0.26426409459933353,40
videoSRC01_1920x1080_30.yuv,63,MCL-JCV,0.3,oracle,39.12455439567566,0.048019157666552646,0.038557633246547596,40
videoSRC02_1920x1080_30.yuv,63,MCL-JCV,0.3,oracle,39.12455439567566,0.27662883672164507,0.2252805818860253,40
videoSRC03_1920x1080_30.yuv,63,MCL-JCV,0.3,oracle,39.12455439567566,0.26696285289832467,0.2352276806678688,40
videoSRC04_1920x1080_30.yuv,63,MCL-JCV,0.3,oracle,38.00655469298363,0.26216892815640613,0.29393534272119126,40
videoSRC05_1920x1080_25.yuv,63,MCL-JCV,0.3,oracle,39.12455439567566,0.14158903160323566,0.20424735993737642,40
videoSRC06_1920x1080_25.yuv,63,MCL-JCV,0.3,oracle,39.12455439567566,0.02600667613628087,0.04657304707420451,40
videoSRC07_1920x1080_25.yuv,63,MCL-JCV,0.3,oracle,39.12455439567566,0.14367393879637352,0.10650204515259531,40
videoSRC08_1920x1080_25.yuv,63,MCL-JCV,0.3,oracle,39.12455439567566,0.056620755820442695,0.06294778181375449,40
videoSRC09_1920x1080_25.yuv,63,MCL-JCV,0.3,oracle,39.12455439567566,0.1727538722372386,0.1688537916990711,40
videoSRC10_1920x1080_30.yuv,63,MCL-JCV,0.3,oracle,33.62636148929597,0.2520343128185467,0.262569957636714,40
videoSRC11_1920x1080_30.yuv,63,MCL-JCV,0.3,oracle,39.12455439567566,0.15975969287341063,0.1701195647789291,40
videoSRC12_1920x1080_30.yuv,63,MCL-JCV,0.3,oracle,34.86156791448594,0.2578896263382357,0.2440440319065189,40
videoSRC13_1920x1080_30.yuv,63,MCL-JCV,0.3,oracle,39.12455439567566,0.23062795918823298,0.24139813991477865,40
videoSRC14_1920x1080_30.yuv,63,MCL-JCV,0.3,oracle,39.12455439567566,0.21014121243850686,0.18617228181001622,40
videoSRC15_1920x1080_30.yuv,63,MCL-JCV,0.3,oracle,39.12455439567566,0.17307669926142663,0.16122214526673417,40
videoSRC16_1920x1080_30.yuv,63,MCL-JCV,0.3,oracle,39.12455439567566,0.09882546158323849,0.08549105025943504,40
videoSRC17_1920x1080_24.yuv,63,MCL-JCV,0.3,oracle,39.12455439567566,0.257408438987694,0.17041830161608118,40
videoSRC18_1920x1080_25.yuv,63,MCL-JCV,0.3,oracle,38.751887828111656,0.24126696211166077,0.3272865599799033,40
videoSRC19_1920x1080_30.yuv,63,MCL-JCV,0.3,oracle,38.09944912791252,0.2654195582755935,0.2283206163332281,40
videoSRC20_1920x1080_25.yuv,63,MCL-JCV,0.3,oracle,38.37922126054764,0.25134303286546417,0.2923725720259185,40
videoSRC21_1920x1080_24.yuv,63,MCL-JCV,0.3,oracle,39.12455439567566,0.0874845960927644,0.0774756780036796,40
videoSRC22_1920x1080_24.yuv,63,MCL-JCV,0.3,oracle,39.12455439567566,0.13665402138055113,0.1383946122104689,40
videoSRC23_1920x1080_24.yuv,63,MCL-JCV,0.3,oracle,39.12455439567566,0.15232257381789444,0.14508744274918683,40
videoSRC24_1920x1080_24.yuv,63,MCL-JCV,0.3,oracle,36.60878285765647,0.2532571855552438,0.33398975795670793,40
videoSRC25_1920x1080_24.yuv,63,MCL-JCV,0.3,oracle,35.77055528759956,0.2663649136972129,0.29022384570456694,40
videoSRC26_1920x1080_30.yuv,63,MCL-JCV,0.3,oracle,37.63388812541961,0.2763867749039994,0.2538156610088791,40
videoSRC27_1920x1080_30.yuv,63,MCL-JCV,0.3,oracle,39.12455439567566,0.1062786986069008,0.1142023593718875,40
videoSRC28_1920x1080_30.yuv,63,MCL-JCV,0.3,oracle,39.12455439567566,0.14705990756138135,0.12628606302261858,40
videoSRC29_1920x1080_24.yuv,63,MCL-JCV,0.3,oracle,39.12455439567566,0.08633133498300372,0.07821291375751116,40
videoSRC30_1920x1080_30.yuv,63,MCL-JCV,0.3,oracle,39.12455439567566,0.15232840290279578,0.12952191839406169,40
BQTerrace_1920x1080_60.yuv,63,HEVC_B,0.3,oracle,37.63388812541961,0.24256694307414733,0.27484846234971627,40
BasketballDrive_1920x1080_50.yuv,63,HEVC_B,0.3,oracle,39.12455439567566,0.12884411298809872,0.17434423565356383,40
Cactus_1920x1080_50.yuv,63,HEVC_B,0.3,oracle,39.12455439567566,0.17364444337265225,0.17873677760102424,40
Kimono1_1920x1080_24.yuv,63,HEVC_B,0.3,oracle,39.12455439567566,0.2579258113260952,0.17024733252186763,40
ParkScene_1920x1080_24.yuv,63,HEVC_B,0.3,oracle,35.14025121927261,0.2616831524217783,0.2012335913041099,40
FourPeople_1280x720_60.yuv,63,HEVC_E,0.3,oracle,39.12455439567566,0.2744388563378302,0.2724078121554854,15
Johnny_1280x720_60.yuv,63,HEVC_E,0.3,oracle,39.12455439567566,0.19613276285741593,0.2141053627872438,15
KristenAndSara_1280x720_60.yuv,63,HEVC_E,0.3,oracle,39.12455439567566,0.2560971427278378,0.2573668414581576,15
BQMall_832x480_60.yuv,63,HEVC_C,0.3,oracle,35.39788872003555,0.26823837799964334,0.33978613819865444,8
BasketballDrill_832x480_50.yuv,63,HEVC_C,0.3,oracle,37.261221557855606,0.25023844493108705,0.4864293366207306,8
PartyScene_832x480_50.yuv,63,HEVC_C,0.3,oracle,28.40902954339981,0.22252668601638328,0.3316853328220404,8
RaceHorses_832x480_30.yuv,63,HEVC_C,0.3,oracle,35.39788872003555,0.23178979512309084,0.27199049386373986,8
BasketballPass_416x240_50.yuv,63,HEVC_D,0.3,oracle,31.671223044395447,0.1984735074659818,0.4652670931443552,2
BlowingBubbles_416x240_50.yuv,63,HEVC_D,0.3,oracle,31.671223044395447,0.2717464757292345,0.30511975970965466,2
BQSquare_416x240_60.yuv,63,HEVC_D,0.3,oracle,11.633586883544922,0.1649590933597581,0.1883335869129752,2
RaceHorses_416x240_30.yuv,63,HEVC_D,0.3,oracle,24.217891693115234,0.16288944331678668,0.2580102391121173,2
Beauty_1920x1080_120fps_420_8bit_YUV.yuv,0,UVG,0.3,router,39.12455439567566,0.08091148795395814,0.08229179922256691,40
Bosphorus_1920x1080_120fps_420_8bit_YUV.yuv,0,UVG,0.3,router,39.12455439567566,0.109843875346532,0.12340274289241648,40
HoneyBee_1920x1080_120fps_420_8bit_YUV.yuv,0,UVG,0.3,router,39.12455439567566,0.2467979769977802,0.1847348247435292,40
Jockey_1920x1080_120fps_420_8bit_YUV.yuv,0,UVG,0.3,router,39.12455439567566,0.22012322812951035,0.1853520572942955,40
ReadySteadyGo_1920x1080_120fps_420_8bit_YUV.yuv,0,UVG,0.3,router,39.12455439567566,0.14633471004031023,0.15624953325017543,40
ShakeNDry_1920x1080_120fps_420_8bit_YUV.yuv,0,UVG,0.3,router,39.12455439567566,0.07391442561049448,0.08615749684847174,40
YachtRide_1920x1080_120fps_420_8bit_YUV.yuv,0,UVG,0.3,router,39.12455439567566,0.10892885197622486,0.1282077706456306,40
videoSRC01_1920x1080_30.yuv,0,MCL-JCV,0.3,router,39.12455439567566,0.11191786889207839,0.11281084095170257,40
videoSRC02_1920x1080_30.yuv,0,MCL-JCV,0.3,router,39.12455439567566,0.17464680060032226,0.1768422608582796,40
videoSRC03_1920x1080_30.yuv,0,MCL-JCV,0.3,router,39.12455439567566,0.14850820272262996,0.16724756669837149,40
videoSRC04_1920x1080_30.yuv,0,MCL-JCV,0.3,router,39.12455439567566,0.022088933433354694,0.04003983538861888,40
videoSRC05_1920x1080_25.yuv,0,MCL-JCV,0.3,router,39.12455439567566,0.19813605448558747,0.20905489733496552,40
videoSRC06_1920x1080_25.yuv,0,MCL-JCV,0.3,router,39.12455439567566,0.03224088419020011,0.024900584410012527,40
videoSRC07_1920x1080_25.yuv,0,MCL-JCV,0.3,router,39.12455439567566,0.11573114557075326,0.10866693196463473,40
videoSRC08_1920x1080_25.yuv,0,MCL-JCV,0.3,router,39.12455439567566,0.08800453043344487,0.08874859056497542,40
videoSRC09_1920x1080_25.yuv,0,MCL-JCV,0.3,router,39.12455439567566,0.10283143571382153,0.12001661422514331,40
videoSRC10_1920x1080_30.yuv,0,MCL-JCV,0.3,router,38.37922126054764,0.28072364154854157,0.3242807135133603,40
videoSRC11_1920x1080_30.yuv,0,MCL-JCV,0.3,router,39.12455439567566,0.08271465359720417,0.10288921740490053,40
videoSRC12_1920x1080_30.yuv,0,MCL-JCV,0.3,router,39.12455439567566,0.1037568024915999,0.11577506073790644,40
videoSRC13_1920x1080_30.yuv,0,MCL-JCV,0.3,router,39.12455439567566,0.055605978859048916,0.10980931904400393,40
videoSRC14_1920x1080_30.yuv,0,MCL-JCV,0.3,router,39.12455439567566,0.11677195797407153,0.11992287933583157,40
videoSRC15_1920x1080_30.yuv,0,MCL-JCV,0.3,router,39.12455439567566,0.08777389709425759,0.11144647263915886,40
videoSRC16_1920x1080_30.yuv,0,MCL-JCV,0.3,router,39.12455439567566,0.16502806827968244,0.14172133525790542,40
videoSRC17_1920x1080_24.yuv,0,MCL-JCV,0.3,router,39.12455439567566,0.06855976918494282,0.06612191226552255,40
videoSRC18_1920x1080_25.yuv,0,MCL-JCV,0.3,router,39.12455439567566,0.11724686045861205,0.12298658455799938,40
videoSRC19_1920x1080_30.yuv,0,MCL-JCV,0.3,router,39.12455439567566,0.0745683624426924,0.0746782533749979,40
videoSRC20_1920x1080_25.yuv,0,MCL-JCV,0.3,router,39.12455439567566,0.18260786219683853,0.17527663837079643,40
videoSRC21_1920x1080_24.yuv,0,MCL-JCV,0.3,router,39.12455439567566,0.02207029871673177,0.0585511196388282,40
videoSRC22_1920x1080_24.yuv,0,MCL-JCV,0.3,router,39.12455439567566,0.09952882662912543,0.10540536077579787,40
videoSRC23_1920x1080_24.yuv,0,MCL-JCV,0.3,router,39.12455439567566,0.0968228220381803,0.11403509249188204,40
videoSRC24_1920x1080_24.yuv,0,MCL-JCV,0.3,router,39.12455439567566,0.28511929314032025,0.25555484173646903,40
videoSRC25_1920x1080_24.yuv,0,MCL-JCV,0.3,router,39.12455439567566,0.1512317619770954,0.14407022162144756,40
videoSRC26_1920x1080_30.yuv,0,MCL-JCV,0.3,router,39.12455439567566,0.1311375174981168,0.13059835291463884,40
videoSRC27_1920x1080_30.yuv,0,MCL-JCV,0.3,router,39.12455439567566,0.12304989238188797,0.14466394978160935,40
videoSRC28_1920x1080_30.yuv,0,MCL-JCV,0.3,router,39.12455439567566,0.08446472309023867,0.12758942859357347,40
videoSRC29_1920x1080_24.yuv,0,MCL-JCV,0.3,router,39.12455439567566,0.026554528748609415,0.030472528798817677,40
videoSRC30_1920x1080_30.yuv,0,MCL-JCV,0.3,router,39.12455439567566,0.13188763853599522,0.11641022695994252,40
BQTerrace_1920x1080_60.yuv,0,HEVC_B,0.3,router,39.12455439567566,0.10258983867521763,0.11971255977277195,40
BasketballDrive_1920x1080_50.yuv,0,HEVC_B,0.3,router,39.12455439567566,0.20339636241250125,0.21084046614144114,40
Cactus_1920x1080_50.yuv,0,HEVC_B,0.3,router,39.12455439567566,0.1249748055096448,0.12955231067528672,40
Kimono1_1920x1080_24.yuv,0,HEVC_B,0.3,router,39.12455439567566,0.060235008562486994,0.05936236147662299,40
ParkScene_1920x1080_24.yuv,0,HEVC_B,0.3,router,39.12455439567566,0.045551741504323714,0.048133639677402584,40
FourPeople_1280x720_60.yuv,0,HEVC_E,0.3,router,39.12455439567566,0.12948886949966706,0.16060766120427772,15
Johnny_1280x720_60.yuv,0,HEVC_E,0.3,router,39.12455439567566,0.18192846977077,0.21129207136709738,15
KristenAndSara_1280x720_60.yuv,0,HEVC_E,0.3,router,39.12455439567566,0.17138010908195545,0.2014610847060183,15
BQMall_832x480_60.yuv,0,HEVC_C,0.3,router,39.12455439567566,0.11356606947980527,0.14182263489756153,8
BasketballDrill_832x480_50.yuv,0,HEVC_C,0.3,router,39.12455439567566,0.25610224398085657,0.2545223765592688,8
PartyScene_832x480_50.yuv,0,HEVC_C,0.3,router,39.12455439567566,0.053026271524124965,0.06948338609807791,8
RaceHorses_832x480_30.yuv,0,HEVC_C,0.3,router,39.12455439567566,0.1446766982695335,0.16221749313272937,8
BasketballPass_416x240_50.yuv,0,HEVC_D,0.3,router,39.12455439567566,0.09266809287871032,0.09672854304720602,2
BlowingBubbles_416x240_50.yuv,0,HEVC_D,0.3,router,39.12455439567566,0.07805770360087562,0.08556953699413583,2
BQSquare_416x240_60.yuv,0,HEVC_D,0.3,router,39.12455439567566,0.08217431314399251,0.10199766528313603,2
RaceHorses_416x240_30.yuv,0,HEVC_D,0.3,router,39.12455439567566,0.1764226216711234,0.17634835808481952,2
Beauty_1920x1080_120fps_420_8bit_YUV.yuv,16,UVG,0.3,router,39.12455439567566,0.04401150336257254,0.04814296022141917,40
Bosphorus_1920x1080_120fps_420_8bit_YUV.yuv,16,UVG,0.3,router,39.12455439567566,0.12934723913555551,0.14363374414060814,40
HoneyBee_1920x1080_120fps_420_8bit_YUV.yuv,16,UVG,0.3,router,39.12455439567566,0.2863546105265803,0.19534028211970167,40
Jockey_1920x1080_120fps_420_8bit_YUV.yuv,16,UVG,0.3,router,39.12455439567566,0.19001626879784186,0.16004635460854644,40
ReadySteadyGo_1920x1080_120fps_420_8bit_YUV.yuv,16,UVG,0.3,router,39.12455439567566,0.22020336827618409,0.22790356660561883,40
ShakeNDry_1920x1080_120fps_420_8bit_YUV.yuv,16,UVG,0.3,router,39.12455439567566,0.05927740339012894,0.06188958735465633,40
YachtRide_1920x1080_120fps_420_8bit_YUV.yuv,16,UVG,0.3,router,39.12455439567566,0.16388639393278842,0.1899282540294891,40
videoSRC01_1920x1080_30.yuv,16,MCL-JCV,0.3,router,39.12455439567566,0.0955428316105992,0.0967970859865801,40
videoSRC02_1920x1080_30.yuv,16,MCL-JCV,0.3,router,39.12455439567566,0.21298103013877812,0.20552660936451161,40
videoSRC03_1920x1080_30.yuv,16,MCL-JCV,0.3,router,39.12455439567566,0.18219653146021758,0.1902374466877106,40
videoSRC04_1920x1080_30.yuv,16,MCL-JCV,0.3,router,39.12455439567566,0.05703442659334555,0.07394946548483006,40
videoSRC05_1920x1080_25.yuv,16,MCL-JCV,0.3,router,39.12455439567566,0.207493299906854,0.2291775689162563,40
videoSRC06_1920x1080_25.yuv,16,MCL-JCV,0.3,router,39.12455439567566,0.04308834139587414,0.033973665926467334,40
videoSRC07_1920x1080_25.yuv,16,MCL-JCV,0.3,router,39.12455439567566,0.1408576793643172,0.11538346439240144,40
videoSRC08_1920x1080_25.yuv,16,MCL-JCV,0.3,router,39.12455439567566,0.07643486500737173,0.08059076617725935,40
videoSRC09_1920x1080_25.yuv,16,MCL-JCV,0.3,router,39.12455439567566,0.14580464323448347,0.15831739406687717,40
videoSRC10_1920x1080_30.yuv,16,MCL-JCV,0.3,router,36.515888422727585,0.29008153267408654,0.317940146398314,40
videoSRC11_1920x1080_30.yuv,16,MCL-JCV,0.3,router,39.12455439567566,0.10199983339759855,0.13507317275183794,40
videoSRC12_1920x1080_30.yuv,16,MCL-JCV,0.3,router,39.12455439567566,0.1280185153159816,0.15380380110630654,40
videoSRC13_1920x1080_30.yuv,16,MCL-JCV,0.3,router,39.12455439567566,0.1270353262993276,0.25137172464157587,40
videoSRC14_1920x1080_30.yuv,16,MCL-JCV,0.3,router,39.12455439567566,0.16639291916064172,0.16538506434140032,40
videoSRC15_1920x1080_30.yuv,16,MCL-JCV,0.3,router,39.12455439567566,0.1051254640862436,0.1286184642185475,40
videoSRC16_1920x1080_30.yuv,16,MCL-JCV,0.3,router,39.12455439567566,0.1259793504189927,0.11515760408676101,40
videoSRC17_1920x1080_24.yuv,16,MCL-JCV,0.3,router,39.12455439567566,0.08941793980308829,0.08155845898273384,40
videoSRC18_1920x1080_25.yuv,16,MCL-JCV,0.3,router,39.12455439567566,0.12902197126214227,0.1443929384378535,40
videoSRC19_1920x1080_30.yuv,16,MCL-JCV,0.3,router,39.12455439567566,0.11513920041085185,0.1342407240236696,40
videoSRC20_1920x1080_25.yuv,16,MCL-JCV,0.3,router,39.12455439567566,0.1831096715477446,0.1746254221197603,40
videoSRC21_1920x1080_24.yuv,16,MCL-JCV,0.3,router,39.12455439567566,0.07775652486078233,0.08881954437627826,40
videoSRC22_1920x1080_24.yuv,16,MCL-JCV,0.3,router,39.12455439567566,0.12836554675007456,0.12868551140512352,40
videoSRC23_1920x1080_24.yuv,16,MCL-JCV,0.3,router,39.12455439567566,0.11460867223512847,0.1390036036728972,40
videoSRC24_1920x1080_24.yuv,16,MCL-JCV,0.3,router,39.12455439567566,0.29830940029543973,0.2615105581810937,40
videoSRC25_1920x1080_24.yuv,16,MCL-JCV,0.3,router,39.12455439567566,0.1937479110085506,0.1820447388058355,40
videoSRC26_1920x1080_30.yuv,16,MCL-JCV,0.3,router,39.12455439567566,0.20326945198322705,0.20002942632699217,40
videoSRC27_1920x1080_30.yuv,16,MCL-JCV,0.3,router,39.12455439567566,0.09217700764258546,0.11184854147147405,40
videoSRC28_1920x1080_30.yuv,16,MCL-JCV,0.3,router,39.12455439567566,0.08676719373508426,0.1161054615494308,40
videoSRC29_1920x1080_24.yuv,16,MCL-JCV,0.3,router,39.12455439567566,0.09076679545469563,0.09173275445789386,40
videoSRC30_1920x1080_30.yuv,16,MCL-JCV,0.3,router,39.12455439567566,0.12022135442972011,0.10071298419266839,40
BQTerrace_1920x1080_60.yuv,16,HEVC_B,0.3,router,39.12455439567566,0.1919030925343283,0.22931335770362438,40
BasketballDrive_1920x1080_50.yuv,16,HEVC_B,0.3,router,39.12455439567566,0.20523630359419914,0.22033872393018328,40
Cactus_1920x1080_50.yuv,16,HEVC_B,0.3,router,39.12455439567566,0.15855506638539724,0.16126462321871315,40
Kimono1_1920x1080_24.yuv,16,HEVC_B,0.3,router,39.12455439567566,0.08508390971480453,0.07747948910005675,40
ParkScene_1920x1080_24.yuv,16,HEVC_B,0.3,router,39.12455439567566,0.06295734489718163,0.06563188507305995,40
FourPeople_1280x720_60.yuv,16,HEVC_E,0.3,router,39.12455439567566,0.18137398183366132,0.20845026142023926,15
Johnny_1280x720_60.yuv,16,HEVC_E,0.3,router,39.12455439567566,0.21797124501191936,0.2534139288695627,15
KristenAndSara_1280x720_60.yuv,16,HEVC_E,0.3,router,39.12455439567566,0.24921454472645557,0.27721511808217514,15
BQMall_832x480_60.yuv,16,HEVC_C,0.3,router,39.12455439567566,0.14959926869333195,0.17698812978265366,8
BasketballDrill_832x480_50.yuv,16,HEVC_C,0.3,router,37.261221557855606,0.2585264528735754,0.287114432787412,8
PartyScene_832x480_50.yuv,16,HEVC_C,0.3,router,39.12455439567566,0.124002394997502,0.14716509889356644,8
RaceHorses_832x480_30.yuv,16,HEVC_C,0.3,router,39.12455439567566,0.13825458390730302,0.16358443234230435,8
BasketballPass_416x240_50.yuv,16,HEVC_D,0.3,router,39.12455439567566,0.22729973809076537,0.242092539401078,2
BlowingBubbles_416x240_50.yuv,16,HEVC_D,0.3,router,39.12455439567566,0.12377383733979908,0.1317386721675149,2
BQSquare_416x240_60.yuv,16,HEVC_D,0.3,router,39.12455439567566,0.2209236799034668,0.23395544850919947,2
RaceHorses_416x240_30.yuv,16,HEVC_D,0.3,router,39.12455439567566,0.19142307954193705,0.20402813614516901,2
Beauty_1920x1080_120fps_420_8bit_YUV.yuv,32,UVG,0.3,router,39.12455439567566,0.0400058145020213,0.04200414018367127,40
Bosphorus_1920x1080_120fps_420_8bit_YUV.yuv,32,UVG,0.3,router,39.12455439567566,0.13516348610502918,0.14286423112356061,40
HoneyBee_1920x1080_120fps_420_8bit_YUV.yuv,32,UVG,0.3,router,39.12455439567566,0.28848447609134914,0.18400403240579521,40
Jockey_1920x1080_120fps_420_8bit_YUV.yuv,32,UVG,0.3,router,39.12455439567566,0.16167873536129979,0.12990745021260608,40
ReadySteadyGo_1920x1080_120fps_420_8bit_YUV.yuv,32,UVG,0.3,router,39.12455439567566,0.2929312219800152,0.28212160063317526,40
ShakeNDry_1920x1080_120fps_420_8bit_YUV.yuv,32,UVG,0.3,router,39.12455439567566,0.08612350455037125,0.07759334076061464,40
YachtRide_1920x1080_120fps_420_8bit_YUV.yuv,32,UVG,0.3,router,39.12455439567566,0.2216996067967359,0.23994481455978445,40
videoSRC01_1920x1080_30.yuv,32,MCL-JCV,0.3,router,39.12455439567566,0.08936327909913269,0.08545393647829513,40
videoSRC02_1920x1080_30.yuv,32,MCL-JCV,0.3,router,39.12455439567566,0.27062223994520507,0.23868103568132426,40
videoSRC03_1920x1080_30.yuv,32,MCL-JCV,0.3,router,39.12455439567566,0.23348142146463685,0.2366318472266542,40
videoSRC04_1920x1080_30.yuv,32,MCL-JCV,0.3,router,39.12455439567566,0.10308853791622864,0.13002850258173737,40
videoSRC05_1920x1080_25.yuv,32,MCL-JCV,0.3,router,39.12455439567566,0.20144285430613737,0.22986822220973124,40
videoSRC06_1920x1080_25.yuv,32,MCL-JCV,0.3,router,39.12455439567566,0.016515877994750083,0.012836248730160094,40
videoSRC07_1920x1080_25.yuv,32,MCL-JCV,0.3,router,39.12455439567566,0.14230302585699628,0.10746570195657767,40
videoSRC08_1920x1080_25.yuv,32,MCL-JCV,0.3,router,39.12455439567566,0.0765152557384441,0.07637612332327848,40
videoSRC09_1920x1080_25.yuv,32,MCL-JCV,0.3,router,39.12455439567566,0.19665447294009833,0.19476846266071846,40
videoSRC10_1920x1080_30.yuv,32,MCL-JCV,0.3,router,32.78922274708748,0.27726987268552133,0.30568185642434287,40
videoSRC11_1920x1080_30.yuv,32,MCL-JCV,0.3,router,39.12455439567566,0.10686073833733585,0.14732839726728741,40
videoSRC12_1920x1080_30.yuv,32,MCL-JCV,0.3,router,39.12455439567566,0.2104777912966398,0.2589689100235617,40
videoSRC13_1920x1080_30.yuv,32,MCL-JCV,0.3,router,39.12455439567566,0.19480540296270069,0.29740072693597597,40
videoSRC14_1920x1080_30.yuv,32,MCL-JCV,0.3,router,39.12455439567566,0.21261962134957457,0.1980777099575306,40
videoSRC15_1920x1080_30.yuv,32,MCL-JCV,0.3,router,39.12455439567566,0.1330629459432975,0.14848467887613026,40
videoSRC16_1920x1080_30.yuv,32,MCL-JCV,0.3,router,39.12455439567566,0.1070870906070711,0.09854007646901408,40
videoSRC17_1920x1080_24.yuv,32,MCL-JCV,0.3,router,39.12455439567566,0.1664708813340449,0.12312580877473067,40
videoSRC18_1920x1080_25.yuv,32,MCL-JCV,0.3,router,39.12455439567566,0.18551331329148357,0.20250707349124752,40
videoSRC19_1920x1080_30.yuv,32,MCL-JCV,0.3,router,39.12455439567566,0.16391265416372847,0.18105069041373412,40
videoSRC20_1920x1080_25.yuv,32,MCL-JCV,0.3,router,39.12455439567566,0.20991830524343325,0.19962139910527554,40
videoSRC21_1920x1080_24.yuv,32,MCL-JCV,0.3,router,39.12455439567566,0.27901659950884483,0.20895100100332797,40
videoSRC22_1920x1080_24.yuv,32,MCL-JCV,0.3,router,39.12455439567566,0.1586212097539606,0.1711023446004276,40
videoSRC23_1920x1080_24.yuv,32,MCL-JCV,0.3,router,39.12455439567566,0.13868138680454475,0.1608616725399017,40
videoSRC24_1920x1080_24.yuv,32,MCL-JCV,0.3,router,37.261221557855606,0.27715327665729195,0.2553141196774007,40
videoSRC25_1920x1080_24.yuv,32,MCL-JCV,0.3,router,39.12455439567566,0.2566768012678515,0.24102766970494827,40
videoSRC26_1920x1080_30.yuv,32,MCL-JCV,0.3,router,39.12455439567566,0.28161272166933615,0.2640711273325351,40
videoSRC27_1920x1080_30.yuv,32,MCL-JCV,0.3,router,39.12455439567566,0.08186335384563105,0.10171609181512764,40
videoSRC28_1920x1080_30.yuv,32,MCL-JCV,0.3,router,39.12455439567566,0.09638940909628782,0.1128571306424675,40
videoSRC29_1920x1080_24.yuv,32,MCL-JCV,0.3,router,39.12455439567566,0.2317686377430428,0.20947367776231118,40
videoSRC30_1920x1080_30.yuv,32,MCL-JCV,0.3,router,39.12455439567566,0.12211880840911424,0.10125783354210682,40
BQTerrace_1920x1080_60.yuv,32,HEVC_B,0.3,router,39.12455439567566,0.22054584271940025,0.26527434614299494,40
BasketballDrive_1920x1080_50.yuv,32,HEVC_B,0.3,router,39.12455439567566,0.19843059155699383,0.21637016678475618,40
Cactus_1920x1080_50.yuv,32,HEVC_B,0.3,router,39.12455439567566,0.18039399074216428,0.1768500985209016,40
Kimono1_1920x1080_24.yuv,32,HEVC_B,0.3,router,39.12455439567566,0.15799089880175113,0.11881731394502992,40
ParkScene_1920x1080_24.yuv,32,HEVC_B,0.3,router,39.12455439567566,0.14481324639368334,0.13312559521870782,40
FourPeople_1280x720_60.yuv,32,HEVC_E,0.3,router,39.12455439567566,0.26285068484446555,0.2806583337450661,15
Johnny_1280x720_60.yuv,32,HEVC_E,0.3,router,39.12455439567566,0.2692377757133663,0.28915416284350215,15
KristenAndSara_1280x720_60.yuv,32,HEVC_E,0.3,router,39.12455439567566,0.2819134090769085,0.2943422962832045,15
BQMall_832x480_60.yuv,32,HEVC_C,0.3,router,39.12455439567566,0.20096663938300247,0.23196049295081878,8
BasketballDrill_832x480_50.yuv,32,HEVC_C,0.3,router,37.261221557855606,0.2787461810373121,0.3375442981637917,8
PartyScene_832x480_50.yuv,32,HEVC_C,0.3,router,39.12455439567566,0.22895190486365904,0.2659570440483172,8
RaceHorses_832x480_30.yuv,32,HEVC_C,0.3,router,39.12455439567566,0.18920164279256418,0.20117295616233832,8
BasketballPass_416x240_50.yuv,32,HEVC_D,0.3,router,39.12455439567566,0.2456581180459065,0.33994028566949197,2
BlowingBubbles_416x240_50.yuv,32,HEVC_D,0.3,router,39.12455439567566,0.18861161483760858,0.20305938205829221,2
BQSquare_416x240_60.yuv,32,HEVC_D,0.3,router,31.671223044395447,0.25324675215706893,0.2753980397072695,2
RaceHorses_416x240_30.yuv,32,HEVC_D,0.3,router,39.12455439567566,0.23887282870713278,0.28203463787313154,2
Beauty_1920x1080_120fps_420_8bit_YUV.yuv,48,UVG,0.3,router,39.12455439567566,0.03478144700684083,0.02987801027607162,40
Bosphorus_1920x1080_120fps_420_8bit_YUV.yuv,48,UVG,0.3,router,39.12455439567566,0.16937228822209072,0.1622045640957097,40
HoneyBee_1920x1080_120fps_420_8bit_YUV.yuv,48,UVG,0.3,router,39.12455439567566,0.26878087423618124,0.17198243697708904,40
Jockey_1920x1080_120fps_420_8bit_YUV.yuv,48,UVG,0.3,router,39.12455439567566,0.15451252038099772,0.12179747617497583,40
ReadySteadyGo_1920x1080_120fps_420_8bit_YUV.yuv,48,UVG,0.3,router,36.143221855163574,0.275791236871173,0.2522816404933863,40
ShakeNDry_1920x1080_120fps_420_8bit_YUV.yuv,48,UVG,0.3,router,39.12455439567566,0.12184663492381868,0.09759264211673013,40
YachtRide_1920x1080_120fps_420_8bit_YUV.yuv,48,UVG,0.3,router,38.00655469298363,0.2569898376782911,0.2600398183738335,40
videoSRC01_1920x1080_30.yuv,48,MCL-JCV,0.3,router,39.12455439567566,0.06494298778826539,0.05510294382702341,40
videoSRC02_1920x1080_30.yuv,48,MCL-JCV,0.3,router,38.00655469298363,0.27578110480540324,0.2236980038866747,40
videoSRC03_1920x1080_30.yuv,48,MCL-JCV,0.3,router,39.12455439567566,0.259071027080431,0.23664904826902955,40
videoSRC04_1920x1080_30.yuv,48,MCL-JCV,0.3,router,39.12455439567566,0.16950612105130064,0.20098710953926258,40
videoSRC05_1920x1080_25.yuv,48,MCL-JCV,0.3,router,39.12455439567566,0.17720787391074272,0.21727924324756742,40
videoSRC06_1920x1080_25.yuv,48,MCL-JCV,0.3,router,39.12455439567566,0.008601664437650479,0.00688037243234163,40
videoSRC07_1920x1080_25.yuv,48,MCL-JCV,0.3,router,39.12455439567566,0.1379854929457343,0.10070027789964087,40
videoSRC08_1920x1080_25.yuv,48,MCL-JCV,0.3,router,39.12455439567566,0.06442195265288003,0.06767704727700163,40
videoSRC09_1920x1080_25.yuv,48,MCL-JCV,0.3,router,39.12455439567566,0.21228082707820306,0.20555643711372795,40
videoSRC10_1920x1080_30.yuv,48,MCL-JCV,0.3,router,34.0930113196373,0.26922205906543434,0.29882411493598937,40
videoSRC11_1920x1080_30.yuv,48,MCL-JCV,0.3,router,39.12455439567566,0.11561663190527952,0.14508602443160612,40
videoSRC12_1920x1080_30.yuv,48,MCL-JCV,0.3,router,38.751887828111656,0.27321265546112605,0.29346354397233654,40
videoSRC13_1920x1080_30.yuv,48,MCL-JCV,0.3,router,39.12455439567566,0.2197184797385271,0.2605838860879075,40
videoSRC14_1920x1080_30.yuv,48,MCL-JCV,0.3,router,39.12455439567566,0.22010191962710596,0.19573281544309395,40
videoSRC15_1920x1080_30.yuv,48,MCL-JCV,0.3,router,39.12455439567566,0.14288096133542483,0.1438730086338893,40
videoSRC16_1920x1080_30.yuv,48,MCL-JCV,0.3,router,39.12455439567566,0.1099939631085734,0.09498978551739157,40
videoSRC17_1920x1080_24.yuv,48,MCL-JCV,0.3,router,39.12455439567566,0.22921453955762353,0.14803623834899327,40
videoSRC18_1920x1080_25.yuv,48,MCL-JCV,0.3,router,39.12455439567566,0.22480065347378642,0.26883577829054417,40
videoSRC19_1920x1080_30.yuv,48,MCL-JCV,0.3,router,39.12455439567566,0.23124018022307613,0.2223536577720111,40
videoSRC20_1920x1080_25.yuv,48,MCL-JCV,0.3,router,39.12455439567566,0.25539131047158165,0.2516132244193088,40
videoSRC21_1920x1080_24.yuv,48,MCL-JCV,0.3,router,39.12455439567566,0.17542289549984796,0.1280862594827994,40
videoSRC22_1920x1080_24.yuv,48,MCL-JCV,0.3,router,39.12455439567566,0.15556229301397126,0.16350546207628014,40
videoSRC23_1920x1080_24.yuv,48,MCL-JCV,0.3,router,39.12455439567566,0.15221963699927638,0.15652695629533042,40
videoSRC24_1920x1080_24.yuv,48,MCL-JCV,0.3,router,36.515888422727585,0.26588692559759936,0.27836606110190587,40
videoSRC25_1920x1080_24.yuv,48,MCL-JCV,0.3,router,37.261221557855606,0.27625189805359984,0.26248425717968615,40
videoSRC26_1920x1080_30.yuv,48,MCL-JCV,0.3,router,37.261221557855606,0.27795620762335727,0.2478622826032577,40
videoSRC27_1920x1080_30.yuv,48,MCL-JCV,0.3,router,39.12455439567566,0.09148112216841649,0.10653263897238219,40
videoSRC28_1920x1080_30.yuv,48,MCL-JCV,0.3,router,39.12455439567566,0.12335416329637994,0.12060253671484844,40
videoSRC29_1920x1080_24.yuv,48,MCL-JCV,0.3,router,39.12455439567566,0.1290049002369896,0.11841690896419266,40
videoSRC30_1920x1080_30.yuv,48,MCL-JCV,0.3,router,39.12455439567566,0.13748941973939752,0.11572329693247951,40
BQTerrace_1920x1080_60.yuv,48,HEVC_B,0.3,router,39.12455439567566,0.23281457450407092,0.2759963676230228,40
BasketballDrive_1920x1080_50.yuv,48,HEVC_B,0.3,router,39.12455439567566,0.1661645977700265,0.1925579420662018,40
Cactus_1920x1080_50.yuv,48,HEVC_B,0.3,router,39.12455439567566,0.1829783407080304,0.1851008018706395,40
Kimono1_1920x1080_24.yuv,48,HEVC_B,0.3,router,39.12455439567566,0.23387481086409992,0.15104526543434815,40
ParkScene_1920x1080_24.yuv,48,HEVC_B,0.3,router,38.751887828111656,0.2764648254833663,0.21891455079317979,40
FourPeople_1280x720_60.yuv,48,HEVC_E,0.3,router,38.13077688217164,0.2702381401394772,0.26933430012780235,15
Johnny_1280x720_60.yuv,48,HEVC_E,0.3,router,39.12455439567566,0.25240454956231007,0.26255689343674504,15
KristenAndSara_1280x720_60.yuv,48,HEVC_E,0.3,router,39.12455439567566,0.26892004374126116,0.26663061786551623,15
BQMall_832x480_60.yuv,48,HEVC_C,0.3,router,39.12455439567566,0.25847042681907856,0.3038633468433929,8
BasketballDrill_832x480_50.yuv,48,HEVC_C,0.3,router,37.261221557855606,0.25521391990259445,0.3832784048280544,8
PartyScene_832x480_50.yuv,48,HEVC_C,0.3,router,33.5345558822155,0.25782062678873013,0.316428218043626,8
RaceHorses_832x480_30.yuv,48,HEVC_C,0.3,router,39.12455439567566,0.24111413545163535,0.2581549851042766,8
BasketballPass_416x240_50.yuv,48,HEVC_D,0.3,router,31.671223044395447,0.19852508844966174,0.3353311257205078,2
BlowingBubbles_416x240_50.yuv,48,HEVC_D,0.3,router,31.671223044395447,0.21579613977846657,0.2376046470711657,2
BQSquare_416x240_60.yuv,48,HEVC_D,0.3,router,24.217891693115234,0.21213795510977312,0.250036665899394,2
RaceHorses_416x240_30.yuv,48,HEVC_D,0.3,router,31.671223044395447,0.19688662095397436,0.25460817415757475,2
Beauty_1920x1080_120fps_420_8bit_YUV.yuv,63,UVG,0.3,router,39.12455439567566,0.04971021864438808,0.034904276989891514,40
Bosphorus_1920x1080_120fps_420_8bit_YUV.yuv,63,UVG,0.3,router,39.12455439567566,0.1936817155762719,0.16979620799419592,40
HoneyBee_1920x1080_120fps_420_8bit_YUV.yuv,63,UVG,0.3,router,39.12455439567566,0.23864241475053916,0.1635215790351623,40
Jockey_1920x1080_120fps_420_8bit_YUV.yuv,63,UVG,0.3,router,39.12455439567566,0.12844800193775738,0.10434662094489511,40
ReadySteadyGo_1920x1080_120fps_420_8bit_YUV.yuv,63,UVG,0.3,router,35.14134004712105,0.26461984765333535,0.2591532990079486,40
ShakeNDry_1920x1080_120fps_420_8bit_YUV.yuv,63,UVG,0.3,router,39.12455439567566,0.16158396940465664,0.11143523460056315,40
YachtRide_1920x1080_120fps_420_8bit_YUV.yuv,63,UVG,0.3,router,38.37922126054764,0.2632526157659352,0.26426409459933353,40
videoSRC01_1920x1080_30.yuv,63,MCL-JCV,0.3,router,39.12455439567566,0.048019157666552646,0.038557633246547596,40
videoSRC02_1920x1080_30.yuv,63,MCL-JCV,0.3,router,39.12455439567566,0.27662883672164507,0.2252805818860253,40
videoSRC03_1920x1080_30.yuv,63,MCL-JCV,0.3,router,39.12455439567566,0.26696285289832467,0.2352276806678688,40
videoSRC04_1920x1080_30.yuv,63,MCL-JCV,0.3,router,38.00655469298363,0.26216892815640613,0.29393534272119126,40
videoSRC05_1920x1080_25.yuv,63,MCL-JCV,0.3,router,39.12455439567566,0.14158903160323566,0.20424735993737642,40
videoSRC06_1920x1080_25.yuv,63,MCL-JCV,0.3,router,39.12455439567566,0.02600667613628087,0.04657304707420451,40
videoSRC07_1920x1080_25.yuv,63,MCL-JCV,0.3,router,39.12455439567566,0.14367393879637352,0.10650204515259531,40
videoSRC08_1920x1080_25.yuv,63,MCL-JCV,0.3,router,39.12455439567566,0.056620755820442695,0.06294778181375449,40
videoSRC09_1920x1080_25.yuv,63,MCL-JCV,0.3,router,39.12455439567566,0.1727538722372386,0.1688537916990711,40
videoSRC10_1920x1080_30.yuv,63,MCL-JCV,0.3,router,33.3941251039505,0.25356208275585734,0.2656547237306839,40
videoSRC11_1920x1080_30.yuv,63,MCL-JCV,0.3,router,39.12455439567566,0.15975969287341063,0.1701195647789291,40
videoSRC12_1920x1080_30.yuv,63,MCL-JCV,0.3,router,34.76867347955703,0.26052515205858673,0.24562611052246552,40
videoSRC13_1920x1080_30.yuv,63,MCL-JCV,0.3,router,39.12455439567566,0.23062795918823298,0.24139813991477865,40
videoSRC14_1920x1080_30.yuv,63,MCL-JCV,0.3,router,39.12455439567566,0.21014121243850686,0.18617228181001622,40
videoSRC15_1920x1080_30.yuv,63,MCL-JCV,0.3,router,39.12455439567566,0.17307669926142663,0.16122214526673417,40
videoSRC16_1920x1080_30.yuv,63,MCL-JCV,0.3,router,39.12455439567566,0.09882546158323849,0.08549105025943504,40
videoSRC17_1920x1080_24.yuv,63,MCL-JCV,0.3,router,39.12455439567566,0.257408438987694,0.17041830161608118,40
videoSRC18_1920x1080_25.yuv,63,MCL-JCV,0.3,router,38.751887828111656,0.24126696211166077,0.3272865599799033,40
videoSRC19_1920x1080_30.yuv,63,MCL-JCV,0.3,router,38.00655469298363,0.2640564697846255,0.22547362193142817,40
videoSRC20_1920x1080_25.yuv,63,MCL-JCV,0.3,router,38.00655469298363,0.2398071214532281,0.2777695600164307,40
videoSRC21_1920x1080_24.yuv,63,MCL-JCV,0.3,router,39.12455439567566,0.0874845960927644,0.0774756780036796,40
videoSRC22_1920x1080_24.yuv,63,MCL-JCV,0.3,router,39.12455439567566,0.13665402138055113,0.1383946122104689,40
videoSRC23_1920x1080_24.yuv,63,MCL-JCV,0.3,router,39.12455439567566,0.15232257381789444,0.14508744274918683,40
videoSRC24_1920x1080_24.yuv,63,MCL-JCV,0.3,router,36.515888422727585,0.25429124328390706,0.33544244674639145,40
videoSRC25_1920x1080_24.yuv,63,MCL-JCV,0.3,router,35.39788872003555,0.2585350332141948,0.28247000651978027,40
videoSRC26_1920x1080_30.yuv,63,MCL-JCV,0.3,router,37.261221557855606,0.27244003907532627,0.24879130696180596,40
videoSRC27_1920x1080_30.yuv,63,MCL-JCV,0.3,router,39.12455439567566,0.1062786986069008,0.1142023593718875,40
videoSRC28_1920x1080_30.yuv,63,MCL-JCV,0.3,router,39.12455439567566,0.14705990756138135,0.12628606302261858,40
videoSRC29_1920x1080_24.yuv,63,MCL-JCV,0.3,router,39.12455439567566,0.08633133498300372,0.07821291375751116,40
videoSRC30_1920x1080_30.yuv,63,MCL-JCV,0.3,router,39.12455439567566,0.15232840290279578,0.12952191839406169,40
BQTerrace_1920x1080_60.yuv,63,HEVC_B,0.3,router,37.63388812541961,0.23800821538301972,0.2687427314393034,40
BasketballDrive_1920x1080_50.yuv,63,HEVC_B,0.3,router,39.12455439567566,0.12884411298809872,0.17434423565356383,40
Cactus_1920x1080_50.yuv,63,HEVC_B,0.3,router,39.12455439567566,0.17364444337265225,0.17873677760102424,40
Kimono1_1920x1080_24.yuv,63,HEVC_B,0.3,router,39.12455439567566,0.2579258113260952,0.17024733252186763,40
ParkScene_1920x1080_24.yuv,63,HEVC_B,0.3,router,34.51212480664253,0.25565195836195553,0.19342167794145126,40
FourPeople_1280x720_60.yuv,63,HEVC_E,0.3,router,39.12455439567566,0.2744388563378302,0.2724078121554854,15
Johnny_1280x720_60.yuv,63,HEVC_E,0.3,router,39.12455439567566,0.19613276285741593,0.2141053627872438,15
KristenAndSara_1280x720_60.yuv,63,HEVC_E,0.3,router,39.12455439567566,0.2560971427278378,0.2573668414581576,15
BQMall_832x480_60.yuv,63,HEVC_C,0.3,router,35.39788872003555,0.24495692636853664,0.31398310081632985,8
BasketballDrill_832x480_50.yuv,63,HEVC_C,0.3,router,37.261221557855606,0.25023844493108705,0.4864293366207306,8
PartyScene_832x480_50.yuv,63,HEVC_C,0.3,router,29.807890206575394,0.24800239463687437,0.3618162808995251,8
RaceHorses_832x480_30.yuv,63,HEVC_C,0.3,router,35.39788872003555,0.23604192690318312,0.28151710150278575,8
BasketballPass_416x240_50.yuv,63,HEVC_D,0.3,router,31.671223044395447,0.1984735074659818,0.4652670931443552,2
BlowingBubbles_416x240_50.yuv,63,HEVC_D,0.3,router,24.217891693115234,0.1735541064633621,0.21072370699833698,2
BQSquare_416x240_60.yuv,63,HEVC_D,0.3,router,6.03814423084259,0.08896328913424191,0.09061997022833168,2
RaceHorses_416x240_30.yuv,63,HEVC_D,0.3,router,24.217891693115234,0.16288944331678668,0.2580102391121173,2
Beauty_1920x1080_120fps_420_8bit_YUV.yuv,0,UVG,0.3,dither,39.12455439567566,0.08091148795395814,0.08229179922256691,40
Bosphorus_1920x1080_120fps_420_8bit_YUV.yuv,0,UVG,0.3,dither,39.12455439567566,0.109843875346532,0.12340274289241648,40
HoneyBee_1920x1080_120fps_420_8bit_YUV.yuv,0,UVG,0.3,dither,39.12455439567566,0.2467979769977802,0.1847348247435292,40
Jockey_1920x1080_120fps_420_8bit_YUV.yuv,0,UVG,0.3,dither,39.12455439567566,0.22012322812951035,0.1853520572942955,40
ReadySteadyGo_1920x1080_120fps_420_8bit_YUV.yuv,0,UVG,0.3,dither,39.12455439567566,0.14633471004031023,0.15624953325017543,40
ShakeNDry_1920x1080_120fps_420_8bit_YUV.yuv,0,UVG,0.3,dither,39.12455439567566,0.07391442561049448,0.08615749684847174,40
YachtRide_1920x1080_120fps_420_8bit_YUV.yuv,0,UVG,0.3,dither,39.12455439567566,0.10892885197622486,0.1282077706456306,40
videoSRC01_1920x1080_30.yuv,0,MCL-JCV,0.3,dither,39.12455439567566,0.11191786889207839,0.11281084095170257,40
videoSRC02_1920x1080_30.yuv,0,MCL-JCV,0.3,dither,39.12455439567566,0.17464680060032226,0.1768422608582796,40
videoSRC03_1920x1080_30.yuv,0,MCL-JCV,0.3,dither,39.12455439567566,0.14850820272262996,0.16724756669837149,40
videoSRC04_1920x1080_30.yuv,0,MCL-JCV,0.3,dither,39.12455439567566,0.022088933433354694,0.04003983538861888,40
videoSRC05_1920x1080_25.yuv,0,MCL-JCV,0.3,dither,39.12455439567566,0.19813605448558747,0.20905489733496552,40
videoSRC06_1920x1080_25.yuv,0,MCL-JCV,0.3,dither,39.12455439567566,0.03224088419020011,0.024900584410012527,40
videoSRC07_1920x1080_25.yuv,0,MCL-JCV,0.3,dither,39.12455439567566,0.11573114557075326,0.10866693196463473,40
videoSRC08_1920x1080_25.yuv,0,MCL-JCV,0.3,dither,39.12455439567566,0.08800453043344487,0.08874859056497542,40
videoSRC09_1920x1080_25.yuv,0,MCL-JCV,0.3,dither,39.12455439567566,0.10283143571382153,0.12001661422514331,40
videoSRC10_1920x1080_30.yuv,0,MCL-JCV,0.3,dither,37.261221557855606,0.2965172943948464,0.3395661614915966,40
videoSRC11_1920x1080_30.yuv,0,MCL-JCV,0.3,dither,39.12455439567566,0.08271465359720417,0.10288921740490053,40
videoSRC12_1920x1080_30.yuv,0,MCL-JCV,0.3,dither,39.12455439567566,0.1037568024915999,0.11577506073790644,40
videoSRC13_1920x1080_30.yuv,0,MCL-JCV,0.3,dither,39.12455439567566,0.055605978859048916,0.10980931904400393,40
videoSRC14_1920x1080_30.yuv,0,MCL-JCV,0.3,dither,39.12455439567566,0.11677195797407153,0.11992287933583157,40
videoSRC15_1920x1080_30.yuv,0,MCL-JCV,0.3,dither,39.12455439567566,0.08777389709425759,0.11144647263915886,40
videoSRC16_1920x1080_30.yuv,0,MCL-JCV,0.3,dither,39.12455439567566,0.16502806827968244,0.14172133525790542,40
videoSRC17_1920x1080_24.yuv,0,MCL-JCV,0.3,dither,39.12455439567566,0.06855976918494282,0.06612191226552255,40
videoSRC18_1920x1080_25.yuv,0,MCL-JCV,0.3,dither,39.12455439567566,0.11724686045861205,0.12298658455799938,40
videoSRC19_1920x1080_30.yuv,0,MCL-JCV,0.3,dither,39.12455439567566,0.0745683624426924,0.0746782533749979,40
videoSRC20_1920x1080_25.yuv,0,MCL-JCV,0.3,dither,39.12455439567566,0.18260786219683853,0.17527663837079643,40
videoSRC21_1920x1080_24.yuv,0,MCL-JCV,0.3,dither,39.12455439567566,0.02207029871673177,0.0585511196388282,40
videoSRC22_1920x1080_24.yuv,0,MCL-JCV,0.3,dither,39.12455439567566,0.09952882662912543,0.10540536077579787,40
videoSRC23_1920x1080_24.yuv,0,MCL-JCV,0.3,dither,39.12455439567566,0.0968228220381803,0.11403509249188204,40
videoSRC24_1920x1080_24.yuv,0,MCL-JCV,0.3,dither,39.12455439567566,0.28511929314032025,0.25555484173646903,40
videoSRC25_1920x1080_24.yuv,0,MCL-JCV,0.3,dither,39.12455439567566,0.1512317619770954,0.14407022162144756,40
videoSRC26_1920x1080_30.yuv,0,MCL-JCV,0.3,dither,39.12455439567566,0.1311375174981168,0.13059835291463884,40
videoSRC27_1920x1080_30.yuv,0,MCL-JCV,0.3,dither,39.12455439567566,0.12304989238188797,0.14466394978160935,40
videoSRC28_1920x1080_30.yuv,0,MCL-JCV,0.3,dither,39.12455439567566,0.08446472309023867,0.12758942859357347,40
videoSRC29_1920x1080_24.yuv,0,MCL-JCV,0.3,dither,39.12455439567566,0.026554528748609415,0.030472528798817677,40
videoSRC30_1920x1080_30.yuv,0,MCL-JCV,0.3,dither,39.12455439567566,0.13188763853599522,0.11641022695994252,40
BQTerrace_1920x1080_60.yuv,0,HEVC_B,0.3,dither,39.12455439567566,0.10258983867521763,0.11971255977277195,40
BasketballDrive_1920x1080_50.yuv,0,HEVC_B,0.3,dither,39.12455439567566,0.20339636241250125,0.21084046614144114,40
Cactus_1920x1080_50.yuv,0,HEVC_B,0.3,dither,39.12455439567566,0.1249748055096448,0.12955231067528672,40
Kimono1_1920x1080_24.yuv,0,HEVC_B,0.3,dither,39.12455439567566,0.060235008562486994,0.05936236147662299,40
ParkScene_1920x1080_24.yuv,0,HEVC_B,0.3,dither,39.12455439567566,0.045551741504323714,0.048133639677402584,40
FourPeople_1280x720_60.yuv,0,HEVC_E,0.3,dither,39.12455439567566,0.12948886949966706,0.16060766120427772,15
Johnny_1280x720_60.yuv,0,HEVC_E,0.3,dither,39.12455439567566,0.18192846977077,0.21129207136709738,15
KristenAndSara_1280x720_60.yuv,0,HEVC_E,0.3,dither,39.12455439567566,0.17138010908195545,0.2014610847060183,15
BQMall_832x480_60.yuv,0,HEVC_C,0.3,dither,39.12455439567566,0.11356606947980527,0.14182263489756153,8
BasketballDrill_832x480_50.yuv,0,HEVC_C,0.3,dither,39.12455439567566,0.25610224398085657,0.2545223765592688,8
PartyScene_832x480_50.yuv,0,HEVC_C,0.3,dither,39.12455439567566,0.053026271524124965,0.06948338609807791,8
RaceHorses_832x480_30.yuv,0,HEVC_C,0.3,dither,39.12455439567566,0.1446766982695335,0.16221749313272937,8
BasketballPass_416x240_50.yuv,0,HEVC_D,0.3,dither,39.12455439567566,0.09266809287871032,0.09672854304720602,2
BlowingBubbles_416x240_50.yuv,0,HEVC_D,0.3,dither,39.12455439567566,0.07805770360087562,0.08556953699413583,2
BQSquare_416x240_60.yuv,0,HEVC_D,0.3,dither,39.12455439567566,0.08217431314399251,0.10199766528313603,2
RaceHorses_416x240_30.yuv,0,HEVC_D,0.3,dither,39.12455439567566,0.1764226216711234,0.17634835808481952,2
Beauty_1920x1080_120fps_420_8bit_YUV.yuv,16,UVG,0.3,dither,39.12455439567566,0.04401150336257254,0.04814296022141917,40
Bosphorus_1920x1080_120fps_420_8bit_YUV.yuv,16,UVG,0.3,dither,39.12455439567566,0.12934723913555551,0.14363374414060814,40
HoneyBee_1920x1080_120fps_420_8bit_YUV.yuv,16,UVG,0.3,dither,39.12455439567566,0.2863546105265803,0.19534028211970167,40
Jockey_1920x1080_120fps_420_8bit_YUV.yuv,16,UVG,0.3,dither,39.12455439567566,0.19001626879784186,0.16004635460854644,40
ReadySteadyGo_1920x1080_120fps_420_8bit_YUV.yuv,16,UVG,0.3,dither,39.12455439567566,0.22020336827618409,0.22790356660561883,40
ShakeNDry_1920x1080_120fps_420_8bit_YUV.yuv,16,UVG,0.3,dither,39.12455439567566,0.05927740339012894,0.06188958735465633,40
YachtRide_1920x1080_120fps_420_8bit_YUV.yuv,16,UVG,0.3,dither,39.12455439567566,0.16388639393278842,0.1899282540294891,40
videoSRC01_1920x1080_30.yuv,16,MCL-JCV,0.3,dither,39.12455439567566,0.0955428316105992,0.0967970859865801,40
videoSRC02_1920x1080_30.yuv,16,MCL-JCV,0.3,dither,39.12455439567566,0.21298103013877812,0.20552660936451161,40
videoSRC03_1920x1080_30.yuv,16,MCL-JCV,0.3,dither,39.12455439567566,0.18219653146021758,0.1902374466877106,40
videoSRC04_1920x1080_30.yuv,16,MCL-JCV,0.3,dither,39.12455439567566,0.05703442659334555,0.07394946548483006,40
videoSRC05_1920x1080_25.yuv,16,MCL-JCV,0.3,dither,39.12455439567566,0.207493299906854,0.2291775689162563,40
videoSRC06_1920x1080_25.yuv,16,MCL-JCV,0.3,dither,39.12455439567566,0.04308834139587414,0.033973665926467334,40
videoSRC07_1920x1080_25.yuv,16,MCL-JCV,0.3,dither,39.12455439567566,0.1408576793643172,0.11538346439240144,40
videoSRC08_1920x1080_25.yuv,16,MCL-JCV,0.3,dither,39.12455439567566,0.07643486500737173,0.08059076617725935,40
videoSRC09_1920x1080_25.yuv,16,MCL-JCV,0.3,dither,39.12455439567566,0.14580464323448347,0.15831739406687717,40
videoSRC10_1920x1080_30.yuv,16,MCL-JCV,0.3,dither,31.671223044395447,0.2883725272166157,0.3095086025482843,40
videoSRC11_1920x1080_30.yuv,16,MCL-JCV,0.3,dither,39.12455439567566,0.10199983339759855,0.13507317275183794,40
videoSRC12_1920x1080_30.yuv,16,MCL-JCV,0.3,dither,39.12455439567566,0.1280185153159816,0.15380380110630654,40
videoSRC13_1920x1080_30.yuv,16,MCL-JCV,0.3,dither,39.12455439567566,0.1270353262993276,0.25137172464157587,40
videoSRC14_1920x1080_30.yuv,16,MCL-JCV,0.3,dither,39.12455439567566,0.16639291916064172,0.16538506434140032,40
videoSRC15_1920x1080_30.yuv,16,MCL-JCV,0.3,dither,39.12455439567566,0.1051254640862436,0.1286184642185475,40
videoSRC16_1920x1080_30.yuv,16,MCL-JCV,0.3,dither,39.12455439567566,0.1259793504189927,0.11515760408676101,40
videoSRC17_1920x1080_24.yuv,16,MCL-JCV,0.3,dither,39.12455439567566,0.08941793980308829,0.08155845898273384,40
videoSRC18_1920x1080_25.yuv,16,MCL-JCV,0.3,dither,39.12455439567566,0.12902197126214227,0.1443929384378535,40
videoSRC19_1920x1080_30.yuv,16,MCL-JCV,0.3,dither,39.12455439567566,0.11513920041085185,0.1342407240236696,40
videoSRC20_1920x1080_25.yuv,16,MCL-JCV,0.3,dither,39.12455439567566,0.1831096715477446,0.1746254221197603,40
videoSRC21_1920x1080_24.yuv,16,MCL-JCV,0.3,dither,39.12455439567566,0.07775652486078233,0.08881954437627826,40
videoSRC22_1920x1080_24.yuv,16,MCL-JCV,0.3,dither,39.12455439567566,0.12836554675007456,0.12868551140512352,40
videoSRC23_1920x1080_24.yuv,16,MCL-JCV,0.3,dither,39.12455439567566,0.11460867223512847,0.1390036036728972,40
videoSRC24_1920x1080_24.yuv,16,MCL-JCV,0.3,dither,39.12455439567566,0.29830940029543973,0.2615105581810937,40
videoSRC25_1920x1080_24.yuv,16,MCL-JCV,0.3,dither,39.12455439567566,0.1937479110085506,0.1820447388058355,40
videoSRC26_1920x1080_30.yuv,16,MCL-JCV,0.3,dither,39.12455439567566,0.20326945198322705,0.20002942632699217,40
videoSRC27_1920x1080_30.yuv,16,MCL-JCV,0.3,dither,39.12455439567566,0.09217700764258546,0.11184854147147405,40
videoSRC28_1920x1080_30.yuv,16,MCL-JCV,0.3,dither,39.12455439567566,0.08676719373508426,0.1161054615494308,40
videoSRC29_1920x1080_24.yuv,16,MCL-JCV,0.3,dither,39.12455439567566,0.09076679545469563,0.09173275445789386,40
videoSRC30_1920x1080_30.yuv,16,MCL-JCV,0.3,dither,39.12455439567566,0.12022135442972011,0.10071298419266839,40
BQTerrace_1920x1080_60.yuv,16,HEVC_B,0.3,dither,39.12455439567566,0.1919030925343283,0.22931335770362438,40
BasketballDrive_1920x1080_50.yuv,16,HEVC_B,0.3,dither,39.12455439567566,0.20523630359419914,0.22033872393018328,40
Cactus_1920x1080_50.yuv,16,HEVC_B,0.3,dither,39.12455439567566,0.15855506638539724,0.16126462321871315,40
Kimono1_1920x1080_24.yuv,16,HEVC_B,0.3,dither,39.12455439567566,0.08508390971480453,0.07747948910005675,40
ParkScene_1920x1080_24.yuv,16,HEVC_B,0.3,dither,39.12455439567566,0.06295734489718163,0.06563188507305995,40
FourPeople_1280x720_60.yuv,16,HEVC_E,0.3,dither,39.12455439567566,0.18137398183366132,0.20845026142023926,15
Johnny_1280x720_60.yuv,16,HEVC_E,0.3,dither,39.12455439567566,0.21797124501191936,0.2534139288695627,15
KristenAndSara_1280x720_60.yuv,16,HEVC_E,0.3,dither,39.12455439567566,0.24921454472645557,0.27721511808217514,15
BQMall_832x480_60.yuv,16,HEVC_C,0.3,dither,39.12455439567566,0.14959926869333195,0.17698812978265366,8
BasketballDrill_832x480_50.yuv,16,HEVC_C,0.3,dither,37.261221557855606,0.2585264528735754,0.287114432787412,8
PartyScene_832x480_50.yuv,16,HEVC_C,0.3,dither,39.12455439567566,0.124002394997502,0.14716509889356644,8
RaceHorses_832x480_30.yuv,16,HEVC_C,0.3,dither,39.12455439567566,0.13825458390730302,0.16358443234230435,8
BasketballPass_416x240_50.yuv,16,HEVC_D,0.3,dither,39.12455439567566,0.22729973809076537,0.242092539401078,2
BlowingBubbles_416x240_50.yuv,16,HEVC_D,0.3,dither,39.12455439567566,0.12377383733979908,0.1317386721675149,2
BQSquare_416x240_60.yuv,16,HEVC_D,0.3,dither,39.12455439567566,0.2209236799034668,0.23395544850919947,2
RaceHorses_416x240_30.yuv,16,HEVC_D,0.3,dither,39.12455439567566,0.19142307954193705,0.20402813614516901,2
Beauty_1920x1080_120fps_420_8bit_YUV.yuv,32,UVG,0.3,dither,39.12455439567566,0.0400058145020213,0.04200414018367127,40
Bosphorus_1920x1080_120fps_420_8bit_YUV.yuv,32,UVG,0.3,dither,39.12455439567566,0.13516348610502918,0.14286423112356061,40
HoneyBee_1920x1080_120fps_420_8bit_YUV.yuv,32,UVG,0.3,dither,39.12455439567566,0.28848447609134914,0.18400403240579521,40
Jockey_1920x1080_120fps_420_8bit_YUV.yuv,32,UVG,0.3,dither,39.12455439567566,0.16167873536129979,0.12990745021260608,40
ReadySteadyGo_1920x1080_120fps_420_8bit_YUV.yuv,32,UVG,0.3,dither,39.12455439567566,0.2929312219800152,0.28212160063317526,40
ShakeNDry_1920x1080_120fps_420_8bit_YUV.yuv,32,UVG,0.3,dither,39.12455439567566,0.08612350455037125,0.07759334076061464,40
YachtRide_1920x1080_120fps_420_8bit_YUV.yuv,32,UVG,0.3,dither,39.12455439567566,0.2216996067967359,0.23994481455978445,40
videoSRC01_1920x1080_30.yuv,32,MCL-JCV,0.3,dither,39.12455439567566,0.08936327909913269,0.08545393647829513,40
videoSRC02_1920x1080_30.yuv,32,MCL-JCV,0.3,dither,39.12455439567566,0.27062223994520507,0.23868103568132426,40
videoSRC03_1920x1080_30.yuv,32,MCL-JCV,0.3,dither,39.12455439567566,0.23348142146463685,0.2366318472266542,40
videoSRC04_1920x1080_30.yuv,32,MCL-JCV,0.3,dither,39.12455439567566,0.10308853791622864,0.13002850258173737,40
videoSRC05_1920x1080_25.yuv,32,MCL-JCV,0.3,dither,39.12455439567566,0.20144285430613737,0.22986822220973124,40
videoSRC06_1920x1080_25.yuv,32,MCL-JCV,0.3,dither,39.12455439567566,0.016515877994750083,0.012836248730160094,40
videoSRC07_1920x1080_25.yuv,32,MCL-JCV,0.3,dither,39.12455439567566,0.14230302585699628,0.10746570195657767,40
videoSRC08_1920x1080_25.yuv,32,MCL-JCV,0.3,dither,39.12455439567566,0.0765152557384441,0.07637612332327848,40
videoSRC09_1920x1080_25.yuv,32,MCL-JCV,0.3,dither,39.12455439567566,0.19665447294009833,0.19476846266071846,40
videoSRC10_1920x1080_30.yuv,32,MCL-JCV,0.3,dither,26.081224530935287,0.270235833180465,0.2931012243091331,40
videoSRC11_1920x1080_30.yuv,32,MCL-JCV,0.3,dither,39.12455439567566,0.10686073833733585,0.14732839726728741,40
videoSRC12_1920x1080_30.yuv,32,MCL-JCV,0.3,dither,39.12455439567566,0.2104777912966398,0.2589689100235617,40
videoSRC13_1920x1080_30.yuv,32,MCL-JCV,0.3,dither,39.12455439567566,0.19480540296270069,0.29740072693597597,40
videoSRC14_1920x1080_30.yuv,32,MCL-JCV,0.3,dither,39.12455439567566,0.21261962134957457,0.1980777099575306,40
videoSRC15_1920x1080_30.yuv,32,MCL-JCV,0.3,dither,39.12455439567566,0.1330629459432975,0.14848467887613026,40
videoSRC16_1920x1080_30.yuv,32,MCL-JCV,0.3,dither,39.12455439567566,0.1070870906070711,0.09854007646901408,40
videoSRC17_1920x1080_24.yuv,32,MCL-JCV,0.3,dither,39.12455439567566,0.1664708813340449,0.12312580877473067,40
videoSRC18_1920x1080_25.yuv,32,MCL-JCV,0.3,dither,39.12455439567566,0.18551331329148357,0.20250707349124752,40
videoSRC19_1920x1080_30.yuv,32,MCL-JCV,0.3,dither,39.12455439567566,0.16391265416372847,0.18105069041373412,40
videoSRC20_1920x1080_25.yuv,32,MCL-JCV,0.3,dither,39.12455439567566,0.20991830524343325,0.19962139910527554,40
videoSRC21_1920x1080_24.yuv,32,MCL-JCV,0.3,dither,39.12455439567566,0.27901659950884483,0.20895100100332797,40
videoSRC22_1920x1080_24.yuv,32,MCL-JCV,0.3,dither,39.12455439567566,0.1586212097539606,0.1711023446004276,40
videoSRC23_1920x1080_24.yuv,32,MCL-JCV,0.3,dither,39.12455439567566,0.13868138680454475,0.1608616725399017,40
videoSRC24_1920x1080_24.yuv,32,MCL-JCV,0.3,dither,32.78922274708748,0.2819963386000315,0.25535868820122687,40
videoSRC25_1920x1080_24.yuv,32,MCL-JCV,0.3,dither,39.12455439567566,0.2566768012678515,0.24102766970494827,40
videoSRC26_1920x1080_30.yuv,32,MCL-JCV,0.3,dither,39.12455439567566,0.28161272166933615,0.2640711273325351,40
videoSRC27_1920x1080_30.yuv,32,MCL-JCV,0.3,dither,39.12455439567566,0.08186335384563105,0.10171609181512764,40
videoSRC28_1920x1080_30.yuv,32,MCL-JCV,0.3,dither,39.12455439567566,0.09638940909628782,0.1128571306424675,40
videoSRC29_1920x1080_24.yuv,32,MCL-JCV,0.3,dither,39.12455439567566,0.2317686377430428,0.20947367776231118,40
videoSRC30_1920x1080_30.yuv,32,MCL-JCV,0.3,dither,39.12455439567566,0.12211880840911424,0.10125783354210682,40
BQTerrace_1920x1080_60.yuv,32,HEVC_B,0.3,dither,39.12455439567566,0.22054584271940025,0.26527434614299494,40
BasketballDrive_1920x1080_50.yuv,32,HEVC_B,0.3,dither,39.12455439567566,0.19843059155699383,0.21637016678475618,40
Cactus_1920x1080_50.yuv,32,HEVC_B,0.3,dither,39.12455439567566,0.18039399074216428,0.1768500985209016,40
Kimono1_1920x1080_24.yuv,32,HEVC_B,0.3,dither,39.12455439567566,0.15799089880175113,0.11881731394502992,40
ParkScene_1920x1080_24.yuv,32,HEVC_B,0.3,dither,39.12455439567566,0.14481324639368334,0.13312559521870782,40
FourPeople_1280x720_60.yuv,32,HEVC_E,0.3,dither,39.12455439567566,0.26285068484446555,0.2806583337450661,15
Johnny_1280x720_60.yuv,32,HEVC_E,0.3,dither,39.12455439567566,0.2692377757133663,0.28915416284350215,15
KristenAndSara_1280x720_60.yuv,32,HEVC_E,0.3,dither,39.12455439567566,0.2819134090769085,0.2943422962832045,15
BQMall_832x480_60.yuv,32,HEVC_C,0.3,dither,39.12455439567566,0.20096663938300247,0.23196049295081878,8
BasketballDrill_832x480_50.yuv,32,HEVC_C,0.3,dither,37.261221557855606,0.2787461810373121,0.3375442981637917,8
PartyScene_832x480_50.yuv,32,HEVC_C,0.3,dither,39.12455439567566,0.22895190486365904,0.2659570440483172,8
RaceHorses_832x480_30.yuv,32,HEVC_C,0.3,dither,39.12455439567566,0.18920164279256418,0.20117295616233832,8
BasketballPass_416x240_50.yuv,32,HEVC_D,0.3,dither,39.12455439567566,0.2456581180459065,0.33994028566949197,2
BlowingBubbles_416x240_50.yuv,32,HEVC_D,0.3,dither,39.12455439567566,0.18861161483760858,0.20305938205829221,2
BQSquare_416x240_60.yuv,32,HEVC_D,0.3,dither,31.671223044395447,0.25324675215706893,0.2753980397072695,2
RaceHorses_416x240_30.yuv,32,HEVC_D,0.3,dither,39.12455439567566,0.23887282870713278,0.28203463787313154,2
Beauty_1920x1080_120fps_420_8bit_YUV.yuv,48,UVG,0.3,dither,39.12455439567566,0.03478144700684083,0.02987801027607162,40
Bosphorus_1920x1080_120fps_420_8bit_YUV.yuv,48,UVG,0.3,dither,39.12455439567566,0.16937228822209072,0.1622045640957097,40
HoneyBee_1920x1080_120fps_420_8bit_YUV.yuv,48,UVG,0.3,dither,39.12455439567566,0.26878087423618124,0.17198243697708904,40
Jockey_1920x1080_120fps_420_8bit_YUV.yuv,48,UVG,0.3,dither,39.12455439567566,0.15451252038099772,0.12179747617497583,40
ReadySteadyGo_1920x1080_120fps_420_8bit_YUV.yuv,48,UVG,0.3,dither,32.41655617952347,0.28073919743911735,0.2535614922844047,40
ShakeNDry_1920x1080_120fps_420_8bit_YUV.yuv,48,UVG,0.3,dither,39.12455439567566,0.12184663492381868,0.09759264211673013,40
YachtRide_1920x1080_120fps_420_8bit_YUV.yuv,48,UVG,0.3,dither,36.143221855163574,0.2652702469552405,0.26383810168252353,40
videoSRC01_1920x1080_30.yuv,48,MCL-JCV,0.3,dither,39.12455439567566,0.06494298778826539,0.05510294382702341,40
videoSRC02_1920x1080_30.yuv,48,MCL-JCV,0.3,dither,33.9072224497795,0.2837594681937109,0.2262375576678508,40
videoSRC03_1920x1080_30.yuv,48,MCL-JCV,0.3,dither,39.12455439567566,0.259071027080431,0.23664904826902955,40
videoSRC04_1920x1080_30.yuv,48,MCL-JCV,0.3,dither,39.12455439567566,0.16950612105130064,0.20098710953926258,40
videoSRC05_1920x1080_25.yuv,48,MCL-JCV,0.3,dither,39.12455439567566,0.17720787391074272,0.21727924324756742,40
videoSRC06_1920x1080_25.yuv,48,MCL-JCV,0.3,dither,39.12455439567566,0.008601664437650479,0.00688037243234163,40
videoSRC07_1920x1080_25.yuv,48,MCL-JCV,0.3,dither,39.12455439567566,0.1379854929457343,0.10070027789964087,40
videoSRC08_1920x1080_25.yuv,48,MCL-JCV,0.3,dither,39.12455439567566,0.06442195265288003,0.06767704727700163,40
videoSRC09_1920x1080_25.yuv,48,MCL-JCV,0.3,dither,39.12455439567566,0.21228082707820306,0.20555643711372795,40
videoSRC10_1920x1080_30.yuv,48,MCL-JCV,0.3,dither,26.081224530935287,0.26068736615654825,0.2781740736916163,40
videoSRC11_1920x1080_30.yuv,48,MCL-JCV,0.3,dither,39.12455439567566,0.11561663190527952,0.14508602443160612,40
videoSRC12_1920x1080_30.yuv,48,MCL-JCV,0.3,dither,35.02522215247155,0.27972543258058985,0.29902311450423724,40
videoSRC13_1920x1080_30.yuv,48,MCL-JCV,0.3,dither,39.12455439567566,0.2197184797385271,0.2605838860879075,40
videoSRC14_1920x1080_30.yuv,48,MCL-JCV,0.3,dither,39.12455439567566,0.22010191962710596,0.19573281544309395,40
videoSRC15_1920x1080_30.yuv,48,MCL-JCV,0.3,dither,39.12455439567566,0.14288096133542483,0.1438730086338893,40
videoSRC16_1920x1080_30.yuv,48,MCL-JCV,0.3,dither,39.12455439567566,0.1099939631085734,0.09498978551739157,40
videoSRC17_1920x1080_24.yuv,48,MCL-JCV,0.3,dither,39.12455439567566,0.22921453955762353,0.14803623834899327,40
videoSRC18_1920x1080_25.yuv,48,MCL-JCV,0.3,dither,39.12455439567566,0.22480065347378642,0.26883577829054417,40
videoSRC19_1920x1080_30.yuv,48,MCL-JCV,0.3,dither,39.12455439567566,0.23124018022307613,0.2223536577720111,40
videoSRC20_1920x1080_25.yuv,48,MCL-JCV,0.3,dither,39.12455439567566,0.25539131047158165,0.2516132244193088,40
videoSRC21_1920x1080_24.yuv,48,MCL-JCV,0.3,dither,39.12455439567566,0.17542289549984796,0.1280862594827994,40
videoSRC22_1920x1080_24.yuv,48,MCL-JCV,0.3,dither,39.12455439567566,0.15556229301397126,0.16350546207628014,40
videoSRC23_1920x1080_24.yuv,48,MCL-JCV,0.3,dither,39.12455439567566,0.15221963699927638,0.15652695629533042,40
videoSRC24_1920x1080_24.yuv,48,MCL-JCV,0.3,dither,31.671223044395447,0.2787388521117457,0.2850676832301531,40
videoSRC25_1920x1080_24.yuv,48,MCL-JCV,0.3,dither,34.27988901734352,0.2743926449615153,0.2527335926250487,40
videoSRC26_1920x1080_30.yuv,48,MCL-JCV,0.3,dither,33.5345558822155,0.27732662094242794,0.24629818789043867,40
videoSRC27_1920x1080_30.yuv,48,MCL-JCV,0.3,dither,39.12455439567566,0.09148112216841649,0.10653263897238219,40
videoSRC28_1920x1080_30.yuv,48,MCL-JCV,0.3,dither,39.12455439567566,0.12335416329637994,0.12060253671484844,40
videoSRC29_1920x1080_24.yuv,48,MCL-JCV,0.3,dither,39.12455439567566,0.1290049002369896,0.11841690896419266,40
videoSRC30_1920x1080_30.yuv,48,MCL-JCV,0.3,dither,39.12455439567566,0.13748941973939752,0.11572329693247951,40
BQTerrace_1920x1080_60.yuv,48,HEVC_B,0.3,dither,39.12455439567566,0.23281457450407092,0.2759963676230228,40
BasketballDrive_1920x1080_50.yuv,48,HEVC_B,0.3,dither,39.12455439567566,0.1661645977700265,0.1925579420662018,40
Cactus_1920x1080_50.yuv,48,HEVC_B,0.3,dither,39.12455439567566,0.1829783407080304,0.1851008018706395,40
Kimono1_1920x1080_24.yuv,48,HEVC_B,0.3,dither,39.12455439567566,0.23387481086409992,0.15104526543434815,40
ParkScene_1920x1080_24.yuv,48,HEVC_B,0.3,dither,38.751887828111656,0.2764648254833663,0.21891455079317979,40
FourPeople_1280x720_60.yuv,48,HEVC_E,0.3,dither,38.13077688217164,0.2769944296925151,0.2766342340643746,15
Johnny_1280x720_60.yuv,48,HEVC_E,0.3,dither,39.12455439567566,0.25240454956231007,0.26255689343674504,15
KristenAndSara_1280x720_60.yuv,48,HEVC_E,0.3,dither,39.12455439567566,0.26892004374126116,0.26663061786551623,15
BQMall_832x480_60.yuv,48,HEVC_C,0.3,dither,39.12455439567566,0.25847042681907856,0.3038633468433929,8
BasketballDrill_832x480_50.yuv,48,HEVC_C,0.3,dither,37.261221557855606,0.25521391990259445,0.3832784048280544,8
PartyScene_832x480_50.yuv,48,HEVC_C,0.3,dither,33.5345558822155,0.255801144959617,0.31452638016612866,8
RaceHorses_832x480_30.yuv,48,HEVC_C,0.3,dither,39.12455439567566,0.24111413545163535,0.2581549851042766,8
BasketballPass_416x240_50.yuv,48,HEVC_D,0.3,dither,31.671223044395447,0.18726526501566176,0.3286627939267177,2
BlowingBubbles_416x240_50.yuv,48,HEVC_D,0.3,dither,31.671223044395447,0.19890763792002342,0.216422635976528,2
BQSquare_416x240_60.yuv,48,HEVC_D,0.3,dither,24.217891693115234,0.21213795510977312,0.250036665899394,2
RaceHorses_416x240_30.yuv,48,HEVC_D,0.3,dither,31.671223044395447,0.19688662095397436,0.25460817415757475,2
Beauty_1920x1080_120fps_420_8bit_YUV.yuv,63,UVG,0.3,dither,39.12455439567566,0.04971021864438808,0.034904276989891514,40
Bosphorus_1920x1080_120fps_420_8bit_YUV.yuv,63,UVG,0.3,dither,39.12455439567566,0.1936817155762719,0.16979620799419592,40
HoneyBee_1920x1080_120fps_420_8bit_YUV.yuv,63,UVG,0.3,dither,39.12455439567566,0.23864241475053916,0.1635215790351623,40
Jockey_1920x1080_120fps_420_8bit_YUV.yuv,63,UVG,0.3,dither,39.12455439567566,0.12844800193775738,0.10434662094489511,40
ReadySteadyGo_1920x1080_120fps_420_8bit_YUV.yuv,63,UVG,0.3,dither,31.29855647683144,0.2562998152051268,0.2554177659119503,40
ShakeNDry_1920x1080_120fps_420_8bit_YUV.yuv,63,UVG,0.3,dither,39.12455439567566,0.16158396940465664,0.11143523460056315,40
YachtRide_1920x1080_120fps_420_8bit_YUV.yuv,63,UVG,0.3,dither,36.143221855163574,0.26455146300542726,0.26120657713760664,40
videoSRC01_1920x1080_30.yuv,63,MCL-JCV,0.3,dither,39.12455439567566,0.048019157666552646,0.038557633246547596,40
videoSRC02_1920x1080_30.yuv,63,MCL-JCV,0.3,dither,39.12455439567566,0.27662883672164507,0.2252805818860253,40
videoSRC03_1920x1080_30.yuv,63,MCL-JCV,0.3,dither,39.12455439567566,0.26696285289832467,0.2352276806678688,40
videoSRC04_1920x1080_30.yuv,63,MCL-JCV,0.3,dither,36.143221855163574,0.27313906904458474,0.30402565545056603,40
videoSRC05_1920x1080_25.yuv,63,MCL-JCV,0.3,dither,39.12455439567566,0.14158903160323566,0.20424735993737642,40
videoSRC06_1920x1080_25.yuv,63,MCL-JCV,0.3,dither,39.12455439567566,0.02600667613628087,0.04657304707420451,40
videoSRC07_1920x1080_25.yuv,63,MCL-JCV,0.3,dither,39.12455439567566,0.14367393879637352,0.10650204515259531,40
videoSRC08_1920x1080_25.yuv,63,MCL-JCV,0.3,dither,39.12455439567566,0.056620755820442695,0.06294778181375449,40
videoSRC09_1920x1080_25.yuv,63,MCL-JCV,0.3,dither,39.12455439567566,0.1727538722372386,0.1688537916990711,40
videoSRC10_1920x1080_30.yuv,63,MCL-JCV,0.3,dither,26.081224530935287,0.26279001764335447,0.2670156299598503,40
videoSRC11_1920x1080_30.yuv,63,MCL-JCV,0.3,dither,39.12455439567566,0.15975969287341063,0.1701195647789291,40
videoSRC12_1920x1080_30.yuv,63,MCL-JCV,0.3,dither,25.70855796337128,0.22419570769026181,0.2116213845976418,40
videoSRC13_1920x1080_30.yuv,63,MCL-JCV,0.3,dither,39.12455439567566,0.23062795918823298,0.24139813991477865,40
videoSRC14_1920x1080_30.yuv,63,MCL-JCV,0.3,dither,39.12455439567566,0.21014121243850686,0.18617228181001622,40
videoSRC15_1920x1080_30.yuv,63,MCL-JCV,0.3,dither,39.12455439567566,0.17307669926142663,0.16122214526673417,40
videoSRC16_1920x1080_30.yuv,63,MCL-JCV,0.3,dither,39.12455439567566,0.09882546158323849,0.08549105025943504,40
videoSRC17_1920x1080_24.yuv,63,MCL-JCV,0.3,dither,39.12455439567566,0.257408438987694,0.17041830161608118,40
videoSRC18_1920x1080_25.yuv,63,MCL-JCV,0.3,dither,38.37922126054764,0.25495752548229567,0.34146565062416556,40
videoSRC19_1920x1080_30.yuv,63,MCL-JCV,0.3,dither,36.143221855163574,0.2671834562807559,0.230317915258901,40
videoSRC20_1920x1080_25.yuv,63,MCL-JCV,0.3,dither,34.65255558490753,0.2682263576764001,0.3023527753731088,40
videoSRC21_1920x1080_24.yuv,63,MCL-JCV,0.3,dither,39.12455439567566,0.0874845960927644,0.0774756780036796,40
videoSRC22_1920x1080_24.yuv,63,MCL-JCV,0.3,dither,39.12455439567566,0.13665402138055113,0.1383946122104689,40
videoSRC23_1920x1080_24.yuv,63,MCL-JCV,0.3,dither,39.12455439567566,0.15232257381789444,0.14508744274918683,40
videoSRC24_1920x1080_24.yuv,63,MCL-JCV,0.3,dither,29.807890206575394,0.26015784064881015,0.3305470489928908,40
videoSRC25_1920x1080_24.yuv,63,MCL-JCV,0.3,dither,32.04388961195945,0.2722726821048024,0.28079152848115996,40
videoSRC26_1920x1080_30.yuv,63,MCL-JCV,0.3,dither,33.5345558822155,0.2772728110042892,0.2523844368444159,40
videoSRC27_1920x1080_30.yuv,63,MCL-JCV,0.3,dither,39.12455439567566,0.1062786986069008,0.1142023593718875,40
videoSRC28_1920x1080_30.yuv,63,MCL-JCV,0.3,dither,39.12455439567566,0.14705990756138135,0.12628606302261858,40
videoSRC29_1920x1080_24.yuv,63,MCL-JCV,0.3,dither,39.12455439567566,0.08633133498300372,0.07821291375751116,40
videoSRC30_1920x1080_30.yuv,63,MCL-JCV,0.3,dither,39.12455439567566,0.15232840290279578,0.12952191839406169,40
BQTerrace_1920x1080_60.yuv,63,HEVC_B,0.3,dither,35.02522215247155,0.2539936989433717,0.2908126088695582,40
BasketballDrive_1920x1080_50.yuv,63,HEVC_B,0.3,dither,39.12455439567566,0.12884411298809872,0.17434423565356383,40
Cactus_1920x1080_50.yuv,63,HEVC_B,0.3,dither,39.12455439567566,0.17364444337265225,0.17873677760102424,40
Kimono1_1920x1080_24.yuv,63,HEVC_B,0.3,dither,39.12455439567566,0.2579258113260952,0.17024733252186763,40
ParkScene_1920x1080_24.yuv,63,HEVC_B,0.3,dither,27.571890801191334,0.2736834161919988,0.20670175735710927,40
FourPeople_1280x720_60.yuv,63,HEVC_E,0.3,dither,39.12455439567566,0.2744388563378302,0.2724078121554854,15
Johnny_1280x720_60.yuv,63,HEVC_E,0.3,dither,39.12455439567566,0.19613276285741593,0.2141053627872438,15
KristenAndSara_1280x720_60.yuv,63,HEVC_E,0.3,dither,39.12455439567566,0.2560971427278378,0.2573668414581576,15
BQMall_832x480_60.yuv,63,HEVC_C,0.3,dither,33.5345558822155,0.2532854787893746,0.32380295283336835,8
BasketballDrill_832x480_50.yuv,63,HEVC_C,0.3,dither,37.261221557855606,0.25023844493108705,0.4864293366207306,8
PartyScene_832x480_50.yuv,63,HEVC_C,0.3,dither,26.081224530935287,0.26323690114448917,0.37812121820252287,8
RaceHorses_832x480_30.yuv,63,HEVC_C,0.3,dither,35.39788872003555,0.23178979512309084,0.27199049386373986,8
BasketballPass_416x240_50.yuv,63,HEVC_D,0.3,dither,31.671223044395447,0.18302972737249787,0.45127716892884706,2
BlowingBubbles_416x240_50.yuv,63,HEVC_D,0.3,dither,31.671223044395447,0.2717464757292345,0.30511975970965466,2
BQSquare_416x240_60.yuv,63,HEVC_D,0.3,dither,6.03814423084259,0.08896328913424191,0.09061997022833168,2
RaceHorses_416x240_30.yuv,63,HEVC_D,0.3,dither,24.217891693115234,0.16288944331678668,0.2580102391121173,2
Beauty_1920x1080_120fps_420_8bit_YUV.yuv,0,UVG,0.3,uniform,39.12455439567566,0.08091148795395814,0.08229179922256691,40
Bosphorus_1920x1080_120fps_420_8bit_YUV.yuv,0,UVG,0.3,uniform,39.12455439567566,0.109843875346532,0.12340274289241648,40
HoneyBee_1920x1080_120fps_420_8bit_YUV.yuv,0,UVG,0.3,uniform,39.12455439567566,0.2467979769977802,0.1847348247435292,40
Jockey_1920x1080_120fps_420_8bit_YUV.yuv,0,UVG,0.3,uniform,39.12455439567566,0.22012322812951035,0.1853520572942955,40
ReadySteadyGo_1920x1080_120fps_420_8bit_YUV.yuv,0,UVG,0.3,uniform,39.12455439567566,0.14633471004031023,0.15624953325017543,40
ShakeNDry_1920x1080_120fps_420_8bit_YUV.yuv,0,UVG,0.3,uniform,39.12455439567566,0.07391442561049448,0.08615749684847174,40
YachtRide_1920x1080_120fps_420_8bit_YUV.yuv,0,UVG,0.3,uniform,39.12455439567566,0.10892885197622486,0.1282077706456306,40
videoSRC01_1920x1080_30.yuv,0,MCL-JCV,0.3,uniform,39.12455439567566,0.11191786889207839,0.11281084095170257,40
videoSRC02_1920x1080_30.yuv,0,MCL-JCV,0.3,uniform,39.12455439567566,0.17464680060032226,0.1768422608582796,40
videoSRC03_1920x1080_30.yuv,0,MCL-JCV,0.3,uniform,39.12455439567566,0.14850820272262996,0.16724756669837149,40
videoSRC04_1920x1080_30.yuv,0,MCL-JCV,0.3,uniform,39.12455439567566,0.022088933433354694,0.04003983538861888,40
videoSRC05_1920x1080_25.yuv,0,MCL-JCV,0.3,uniform,39.12455439567566,0.19813605448558747,0.20905489733496552,40
videoSRC06_1920x1080_25.yuv,0,MCL-JCV,0.3,uniform,39.12455439567566,0.03224088419020011,0.024900584410012527,40
videoSRC07_1920x1080_25.yuv,0,MCL-JCV,0.3,uniform,39.12455439567566,0.11573114557075326,0.10866693196463473,40
videoSRC08_1920x1080_25.yuv,0,MCL-JCV,0.3,uniform,39.12455439567566,0.08800453043344487,0.08874859056497542,40
videoSRC09_1920x1080_25.yuv,0,MCL-JCV,0.3,uniform,39.12455439567566,0.10283143571382153,0.12001661422514331,40
videoSRC10_1920x1080_30.yuv,0,MCL-JCV,0.3,uniform,24.217891693115234,0.15368029361593102,0.17847522893091394,40
videoSRC11_1920x1080_30.yuv,0,MCL-JCV,0.3,uniform,39.12455439567566,0.08271465359720417,0.10288921740490053,40
videoSRC12_1920x1080_30.yuv,0,MCL-JCV,0.3,uniform,39.12455439567566,0.1037568024915999,0.11577506073790644,40
videoSRC13_1920x1080_30.yuv,0,MCL-JCV,0.3,uniform,39.12455439567566,0.055605978859048916,0.10980931904400393,40
videoSRC14_1920x1080_30.yuv,0,MCL-JCV,0.3,uniform,39.12455439567566,0.11677195797407153,0.11992287933583157,40
videoSRC15_1920x1080_30.yuv,0,MCL-JCV,0.3,uniform,39.12455439567566,0.08777389709425759,0.11144647263915886,40
videoSRC16_1920x1080_30.yuv,0,MCL-JCV,0.3,uniform,39.12455439567566,0.16502806827968244,0.14172133525790542,40
videoSRC17_1920x1080_24.yuv,0,MCL-JCV,0.3,uniform,39.12455439567566,0.06855976918494282,0.06612191226552255,40
videoSRC18_1920x1080_25.yuv,0,MCL-JCV,0.3,uniform,39.12455439567566,0.11724686045861205,0.12298658455799938,40
videoSRC19_1920x1080_30.yuv,0,MCL-JCV,0.3,uniform,39.12455439567566,0.0745683624426924,0.0746782533749979,40
videoSRC20_1920x1080_25.yuv,0,MCL-JCV,0.3,uniform,39.12455439567566,0.18260786219683853,0.17527663837079643,40
videoSRC21_1920x1080_24.yuv,0,MCL-JCV,0.3,uniform,39.12455439567566,0.02207029871673177,0.0585511196388282,40
videoSRC22_1920x1080_24.yuv,0,MCL-JCV,0.3,uniform,39.12455439567566,0.09952882662912543,0.10540536077579787,40
videoSRC23_1920x1080_24.yuv,0,MCL-JCV,0.3,uniform,39.12455439567566,0.0968228220381803,0.11403509249188204,40
videoSRC24_1920x1080_24.yuv,0,MCL-JCV,0.3,uniform,39.12455439567566,0.28511929314032025,0.25555484173646903,40
videoSRC25_1920x1080_24.yuv,0,MCL-JCV,0.3,uniform,39.12455439567566,0.1512317619770954,0.14407022162144756,40
videoSRC26_1920x1080_30.yuv,0,MCL-JCV,0.3,uniform,39.12455439567566,0.1311375174981168,0.13059835291463884,40
videoSRC27_1920x1080_30.yuv,0,MCL-JCV,0.3,uniform,39.12455439567566,0.12304989238188797,0.14466394978160935,40
videoSRC28_1920x1080_30.yuv,0,MCL-JCV,0.3,uniform,39.12455439567566,0.08446472309023867,0.12758942859357347,40
videoSRC29_1920x1080_24.yuv,0,MCL-JCV,0.3,uniform,39.12455439567566,0.026554528748609415,0.030472528798817677,40
videoSRC30_1920x1080_30.yuv,0,MCL-JCV,0.3,uniform,39.12455439567566,0.13188763853599522,0.11641022695994252,40
BQTerrace_1920x1080_60.yuv,0,HEVC_B,0.3,uniform,39.12455439567566,0.10258983867521763,0.11971255977277195,40
BasketballDrive_1920x1080_50.yuv,0,HEVC_B,0.3,uniform,39.12455439567566,0.20339636241250125,0.21084046614144114,40
Cactus_1920x1080_50.yuv,0,HEVC_B,0.3,uniform,39.12455439567566,0.1249748055096448,0.12955231067528672,40
Kimono1_1920x1080_24.yuv,0,HEVC_B,0.3,uniform,39.12455439567566,0.060235008562486994,0.05936236147662299,40
ParkScene_1920x1080_24.yuv,0,HEVC_B,0.3,uniform,39.12455439567566,0.045551741504323714,0.048133639677402584,40
FourPeople_1280x720_60.yuv,0,HEVC_E,0.3,uniform,39.12455439567566,0.12948886949966706,0.16060766120427772,15
Johnny_1280x720_60.yuv,0,HEVC_E,0.3,uniform,39.12455439567566,0.18192846977077,0.21129207136709738,15
KristenAndSara_1280x720_60.yuv,0,HEVC_E,0.3,uniform,39.12455439567566,0.17138010908195545,0.2014610847060183,15
BQMall_832x480_60.yuv,0,HEVC_C,0.3,uniform,39.12455439567566,0.11356606947980527,0.14182263489756153,8
BasketballDrill_832x480_50.yuv,0,HEVC_C,0.3,uniform,39.12455439567566,0.25610224398085657,0.2545223765592688,8
PartyScene_832x480_50.yuv,0,HEVC_C,0.3,uniform,39.12455439567566,0.053026271524124965,0.06948338609807791,8
RaceHorses_832x480_30.yuv,0,HEVC_C,0.3,uniform,39.12455439567566,0.1446766982695335,0.16221749313272937,8
BasketballPass_416x240_50.yuv,0,HEVC_D,0.3,uniform,39.12455439567566,0.09266809287871032,0.09672854304720602,2
BlowingBubbles_416x240_50.yuv,0,HEVC_D,0.3,uniform,39.12455439567566,0.07805770360087562,0.08556953699413583,2
BQSquare_416x240_60.yuv,0,HEVC_D,0.3,uniform,39.12455439567566,0.08217431314399251,0.10199766528313603,2
RaceHorses_416x240_30.yuv,0,HEVC_D,0.3,uniform,39.12455439567566,0.1764226216711234,0.17634835808481952,2
Beauty_1920x1080_120fps_420_8bit_YUV.yuv,16,UVG,0.3,uniform,39.12455439567566,0.04401150336257254,0.04814296022141917,40
Bosphorus_1920x1080_120fps_420_8bit_YUV.yuv,16,UVG,0.3,uniform,39.12455439567566,0.12934723913555551,0.14363374414060814,40
HoneyBee_1920x1080_120fps_420_8bit_YUV.yuv,16,UVG,0.3,uniform,39.12455439567566,0.2863546105265803,0.19534028211970167,40
Jockey_1920x1080_120fps_420_8bit_YUV.yuv,16,UVG,0.3,uniform,39.12455439567566,0.19001626879784186,0.16004635460854644,40
ReadySteadyGo_1920x1080_120fps_420_8bit_YUV.yuv,16,UVG,0.3,uniform,39.12455439567566,0.22020336827618409,0.22790356660561883,40
ShakeNDry_1920x1080_120fps_420_8bit_YUV.yuv,16,UVG,0.3,uniform,39.12455439567566,0.05927740339012894,0.06188958735465633,40
YachtRide_1920x1080_120fps_420_8bit_YUV.yuv,16,UVG,0.3,uniform,39.12455439567566,0.16388639393278842,0.1899282540294891,40
videoSRC01_1920x1080_30.yuv,16,MCL-JCV,0.3,uniform,39.12455439567566,0.0955428316105992,0.0967970859865801,40
videoSRC02_1920x1080_30.yuv,16,MCL-JCV,0.3,uniform,39.12455439567566,0.21298103013877812,0.20552660936451161,40
videoSRC03_1920x1080_30.yuv,16,MCL-JCV,0.3,uniform,39.12455439567566,0.18219653146021758,0.1902374466877106,40
videoSRC04_1920x1080_30.yuv,16,MCL-JCV,0.3,uniform,39.12455439567566,0.05703442659334555,0.07394946548483006,40
videoSRC05_1920x1080_25.yuv,16,MCL-JCV,0.3,uniform,39.12455439567566,0.207493299906854,0.2291775689162563,40
videoSRC06_1920x1080_25.yuv,16,MCL-JCV,0.3,uniform,39.12455439567566,0.04308834139587414,0.033973665926467334,40
videoSRC07_1920x1080_25.yuv,16,MCL-JCV,0.3,uniform,39.12455439567566,0.1408576793643172,0.11538346439240144,40
videoSRC08_1920x1080_25.yuv,16,MCL-JCV,0.3,uniform,39.12455439567566,0.07643486500737173,0.08059076617725935,40
videoSRC09_1920x1080_25.yuv,16,MCL-JCV,0.3,uniform,39.12455439567566,0.14580464323448347,0.15831739406687717,40
videoSRC10_1920x1080_30.yuv,16,MCL-JCV,0.3,uniform,24.217891693115234,0.19495554419873526,0.20162705818177074,40
videoSRC11_1920x1080_30.yuv,16,MCL-JCV,0.3,uniform,39.12455439567566,0.10199983339759855,0.13507317275183794,40
videoSRC12_1920x1080_30.yuv,16,MCL-JCV,0.3,uniform,39.12455439567566,0.1280185153159816,0.15380380110630654,40
videoSRC13_1920x1080_30.yuv,16,MCL-JCV,0.3,uniform,39.12455439567566,0.1270353262993276,0.25137172464157587,40
videoSRC14_1920x1080_30.yuv,16,MCL-JCV,0.3,uniform,39.12455439567566,0.16639291916064172,0.16538506434140032,40
videoSRC15_1920x1080_30.yuv,16,MCL-JCV,0.3,uniform,39.12455439567566,0.1051254640862436,0.1286184642185475,40
videoSRC16_1920x1080_30.yuv,16,MCL-JCV,0.3,uniform,39.12455439567566,0.1259793504189927,0.11515760408676101,40
videoSRC17_1920x1080_24.yuv,16,MCL-JCV,0.3,uniform,39.12455439567566,0.08941793980308829,0.08155845898273384,40
videoSRC18_1920x1080_25.yuv,16,MCL-JCV,0.3,uniform,39.12455439567566,0.12902197126214227,0.1443929384378535,40
videoSRC19_1920x1080_30.yuv,16,MCL-JCV,0.3,uniform,39.12455439567566,0.11513920041085185,0.1342407240236696,40
videoSRC20_1920x1080_25.yuv,16,MCL-JCV,0.3,uniform,39.12455439567566,0.1831096715477446,0.1746254221197603,40
videoSRC21_1920x1080_24.yuv,16,MCL-JCV,0.3,uniform,39.12455439567566,0.07775652486078233,0.08881954437627826,40
videoSRC22_1920x1080_24.yuv,16,MCL-JCV,0.3,uniform,39.12455439567566,0.12836554675007456,0.12868551140512352,40
videoSRC23_1920x1080_24.yuv,16,MCL-JCV,0.3,uniform,39.12455439567566,0.11460867223512847,0.1390036036728972,40
videoSRC24_1920x1080_24.yuv,16,MCL-JCV,0.3,uniform,39.12455439567566,0.29830940029543973,0.2615105581810937,40
videoSRC25_1920x1080_24.yuv,16,MCL-JCV,0.3,uniform,39.12455439567566,0.1937479110085506,0.1820447388058355,40
videoSRC26_1920x1080_30.yuv,16,MCL-JCV,0.3,uniform,39.12455439567566,0.20326945198322705,0.20002942632699217,40
videoSRC27_1920x1080_30.yuv,16,MCL-JCV,0.3,uniform,39.12455439567566,0.09217700764258546,0.11184854147147405,40
videoSRC28_1920x1080_30.yuv,16,MCL-JCV,0.3,uniform,39.12455439567566,0.08676719373508426,0.1161054615494308,40
videoSRC29_1920x1080_24.yuv,16,MCL-JCV,0.3,uniform,39.12455439567566,0.09076679545469563,0.09173275445789386,40
videoSRC30_1920x1080_30.yuv,16,MCL-JCV,0.3,uniform,39.12455439567566,0.12022135442972011,0.10071298419266839,40
BQTerrace_1920x1080_60.yuv,16,HEVC_B,0.3,uniform,39.12455439567566,0.1919030925343283,0.22931335770362438,40
BasketballDrive_1920x1080_50.yuv,16,HEVC_B,0.3,uniform,39.12455439567566,0.20523630359419914,0.22033872393018328,40
Cactus_1920x1080_50.yuv,16,HEVC_B,0.3,uniform,39.12455439567566,0.15855506638539724,0.16126462321871315,40
Kimono1_1920x1080_24.yuv,16,HEVC_B,0.3,uniform,39.12455439567566,0.08508390971480453,0.07747948910005675,40
ParkScene_1920x1080_24.yuv,16,HEVC_B,0.3,uniform,39.12455439567566,0.06295734489718163,0.06563188507305995,40
FourPeople_1280x720_60.yuv,16,HEVC_E,0.3,uniform,39.12455439567566,0.18137398183366132,0.20845026142023926,15
Johnny_1280x720_60.yuv,16,HEVC_E,0.3,uniform,39.12455439567566,0.21797124501191936,0.2534139288695627,15
KristenAndSara_1280x720_60.yuv,16,HEVC_E,0.3,uniform,39.12455439567566,0.24921454472645557,0.27721511808217514,15
BQMall_832x480_60.yuv,16,HEVC_C,0.3,uniform,39.12455439567566,0.14959926869333195,0.17698812978265366,8
BasketballDrill_832x480_50.yuv,16,HEVC_C,0.3,uniform,24.217891693115234,0.131629724572429,0.15953716068429458,8
PartyScene_832x480_50.yuv,16,HEVC_C,0.3,uniform,39.12455439567566,0.124002394997502,0.14716509889356644,8
RaceHorses_832x480_30.yuv,16,HEVC_C,0.3,uniform,39.12455439567566,0.13825458390730302,0.16358443234230435,8
BasketballPass_416x240_50.yuv,16,HEVC_D,0.3,uniform,39.12455439567566,0.22729973809076537,0.242092539401078,2
BlowingBubbles_416x240_50.yuv,16,HEVC_D,0.3,uniform,39.12455439567566,0.12377383733979908,0.1317386721675149,2
BQSquare_416x240_60.yuv,16,HEVC_D,0.3,uniform,39.12455439567566,0.2209236799034668,0.23395544850919947,2
RaceHorses_416x240_30.yuv,16,HEVC_D,0.3,uniform,39.12455439567566,0.19142307954193705,0.20402813614516901,2
Beauty_1920x1080_120fps_420_8bit_YUV.yuv,32,UVG,0.3,uniform,39.12455439567566,0.0400058145020213,0.04200414018367127,40
Bosphorus_1920x1080_120fps_420_8bit_YUV.yuv,32,UVG,0.3,uniform,39.12455439567566,0.13516348610502918,0.14286423112356061,40
HoneyBee_1920x1080_120fps_420_8bit_YUV.yuv,32,UVG,0.3,uniform,39.12455439567566,0.28848447609134914,0.18400403240579521,40
Jockey_1920x1080_120fps_420_8bit_YUV.yuv,32,UVG,0.3,uniform,39.12455439567566,0.16167873536129979,0.12990745021260608,40
ReadySteadyGo_1920x1080_120fps_420_8bit_YUV.yuv,32,UVG,0.3,uniform,39.12455439567566,0.2929312219800152,0.28212160063317526,40
ShakeNDry_1920x1080_120fps_420_8bit_YUV.yuv,32,UVG,0.3,uniform,39.12455439567566,0.08612350455037125,0.07759334076061464,40
YachtRide_1920x1080_120fps_420_8bit_YUV.yuv,32,UVG,0.3,uniform,39.12455439567566,0.2216996067967359,0.23994481455978445,40
videoSRC01_1920x1080_30.yuv,32,MCL-JCV,0.3,uniform,39.12455439567566,0.08936327909913269,0.08545393647829513,40
videoSRC02_1920x1080_30.yuv,32,MCL-JCV,0.3,uniform,39.12455439567566,0.27062223994520507,0.23868103568132426,40
videoSRC03_1920x1080_30.yuv,32,MCL-JCV,0.3,uniform,39.12455439567566,0.23348142146463685,0.2366318472266542,40
videoSRC04_1920x1080_30.yuv,32,MCL-JCV,0.3,uniform,39.12455439567566,0.10308853791622864,0.13002850258173737,40
videoSRC05_1920x1080_25.yuv,32,MCL-JCV,0.3,uniform,39.12455439567566,0.20144285430613737,0.22986822220973124,40
videoSRC06_1920x1080_25.yuv,32,MCL-JCV,0.3,uniform,39.12455439567566,0.016515877994750083,0.012836248730160094,40
videoSRC07_1920x1080_25.yuv,32,MCL-JCV,0.3,uniform,39.12455439567566,0.14230302585699628,0.10746570195657767,40
videoSRC08_1920x1080_25.yuv,32,MCL-JCV,0.3,uniform,39.12455439567566,0.0765152557384441,0.07637612332327848,40
videoSRC09_1920x1080_25.yuv,32,MCL-JCV,0.3,uniform,39.12455439567566,0.19665447294009833,0.19476846266071846,40
videoSRC10_1920x1080_30.yuv,32,MCL-JCV,0.3,uniform,24.217891693115234,0.23360345137335542,0.2513790429542979,40
videoSRC11_1920x1080_30.yuv,32,MCL-JCV,0.3,uniform,39.12455439567566,0.10686073833733585,0.14732839726728741,40
videoSRC12_1920x1080_30.yuv,32,MCL-JCV,0.3,uniform,39.12455439567566,0.2104777912966398,0.2589689100235617,40
videoSRC13_1920x1080_30.yuv,32,MCL-JCV,0.3,uniform,39.12455439567566,0.19480540296270069,0.29740072693597597,40
videoSRC14_1920x1080_30.yuv,32,MCL-JCV,0.3,uniform,39.12455439567566,0.21261962134957457,0.1980777099575306,40
videoSRC15_1920x1080_30.yuv,32,MCL-JCV,0.3,uniform,39.12455439567566,0.1330629459432975,0.14848467887613026,40
videoSRC16_1920x1080_30.yuv,32,MCL-JCV,0.3,uniform,39.12455439567566,0.1070870906070711,0.09854007646901408,40
videoSRC17_1920x1080_24.yuv,32,MCL-JCV,0.3,uniform,39.12455439567566,0.1664708813340449,0.12312580877473067,40
videoSRC18_1920x1080_25.yuv,32,MCL-JCV,0.3,uniform,39.12455439567566,0.18551331329148357,0.20250707349124752,40
videoSRC19_1920x1080_30.yuv,32,MCL-JCV,0.3,uniform,39.12455439567566,0.16391265416372847,0.18105069041373412,40
videoSRC20_1920x1080_25.yuv,32,MCL-JCV,0.3,uniform,39.12455439567566,0.20991830524343325,0.19962139910527554,40
videoSRC21_1920x1080_24.yuv,32,MCL-JCV,0.3,uniform,39.12455439567566,0.27901659950884483,0.20895100100332797,40
videoSRC22_1920x1080_24.yuv,32,MCL-JCV,0.3,uniform,39.12455439567566,0.1586212097539606,0.1711023446004276,40
videoSRC23_1920x1080_24.yuv,32,MCL-JCV,0.3,uniform,39.12455439567566,0.13868138680454475,0.1608616725399017,40
videoSRC24_1920x1080_24.yuv,32,MCL-JCV,0.3,uniform,24.217891693115234,0.16657896149834112,0.153062534094083,40
videoSRC25_1920x1080_24.yuv,32,MCL-JCV,0.3,uniform,39.12455439567566,0.2566768012678515,0.24102766970494827,40
videoSRC26_1920x1080_30.yuv,32,MCL-JCV,0.3,uniform,39.12455439567566,0.28161272166933615,0.2640711273325351,40
videoSRC27_1920x1080_30.yuv,32,MCL-JCV,0.3,uniform,39.12455439567566,0.08186335384563105,0.10171609181512764,40
videoSRC28_1920x1080_30.yuv,32,MCL-JCV,0.3,uniform,39.12455439567566,0.09638940909628782,0.1128571306424675,40
videoSRC29_1920x1080_24.yuv,32,MCL-JCV,0.3,uniform,39.12455439567566,0.2317686377430428,0.20947367776231118,40
videoSRC30_1920x1080_30.yuv,32,MCL-JCV,0.3,uniform,39.12455439567566,0.12211880840911424,0.10125783354210682,40
BQTerrace_1920x1080_60.yuv,32,HEVC_B,0.3,uniform,39.12455439567566,0.22054584271940025,0.26527434614299494,40
BasketballDrive_1920x1080_50.yuv,32,HEVC_B,0.3,uniform,39.12455439567566,0.19843059155699383,0.21637016678475618,40
Cactus_1920x1080_50.yuv,32,HEVC_B,0.3,uniform,39.12455439567566,0.18039399074216428,0.1768500985209016,40
Kimono1_1920x1080_24.yuv,32,HEVC_B,0.3,uniform,39.12455439567566,0.15799089880175113,0.11881731394502992,40
ParkScene_1920x1080_24.yuv,32,HEVC_B,0.3,uniform,39.12455439567566,0.14481324639368334,0.13312559521870782,40
FourPeople_1280x720_60.yuv,32,HEVC_E,0.3,uniform,39.12455439567566,0.26285068484446555,0.2806583337450661,15
Johnny_1280x720_60.yuv,32,HEVC_E,0.3,uniform,39.12455439567566,0.2692377757133663,0.28915416284350215,15
KristenAndSara_1280x720_60.yuv,32,HEVC_E,0.3,uniform,39.12455439567566,0.2819134090769085,0.2943422962832045,15
BQMall_832x480_60.yuv,32,HEVC_C,0.3,uniform,39.12455439567566,0.20096663938300247,0.23196049295081878,8
BasketballDrill_832x480_50.yuv,32,HEVC_C,0.3,uniform,24.217891693115234,0.15660101276816618,0.21832471351168437,8
PartyScene_832x480_50.yuv,32,HEVC_C,0.3,uniform,39.12455439567566,0.22895190486365904,0.2659570440483172,8
RaceHorses_832x480_30.yuv,32,HEVC_C,0.3,uniform,39.12455439567566,0.18920164279256418,0.20117295616233832,8
BasketballPass_416x240_50.yuv,32,HEVC_D,0.3,uniform,39.12455439567566,0.2456581180459065,0.33994028566949197,2
BlowingBubbles_416x240_50.yuv,32,HEVC_D,0.3,uniform,39.12455439567566,0.18861161483760858,0.20305938205829221,2
BQSquare_416x240_60.yuv,32,HEVC_D,0.3,uniform,24.217891693115234,0.15793374841982885,0.17142811106429434,2
RaceHorses_416x240_30.yuv,32,HEVC_D,0.3,uniform,39.12455439567566,0.23887282870713278,0.28203463787313154,2
Beauty_1920x1080_120fps_420_8bit_YUV.yuv,48,UVG,0.3,uniform,39.12455439567566,0.03478144700684083,0.02987801027607162,40
Bosphorus_1920x1080_120fps_420_8bit_YUV.yuv,48,UVG,0.3,uniform,39.12455439567566,0.16937228822209072,0.1622045640957097,40
HoneyBee_1920x1080_120fps_420_8bit_YUV.yuv,48,UVG,0.3,uniform,39.12455439567566,0.26878087423618124,0.17198243697708904,40
Jockey_1920x1080_120fps_420_8bit_YUV.yuv,48,UVG,0.3,uniform,39.12455439567566,0.15451252038099772,0.12179747617497583,40
ReadySteadyGo_1920x1080_120fps_420_8bit_YUV.yuv,48,UVG,0.3,uniform,24.217891693115234,0.15806471919518397,0.15206893961025258,40
ShakeNDry_1920x1080_120fps_420_8bit_YUV.yuv,48,UVG,0.3,uniform,39.12455439567566,0.12184663492381868,0.09759264211673013,40
YachtRide_1920x1080_120fps_420_8bit_YUV.yuv,48,UVG,0.3,uniform,24.217891693115234,0.127468826415526,0.13582493712803512,40
videoSRC01_1920x1080_30.yuv,48,MCL-JCV,0.3,uniform,39.12455439567566,0.06494298778826539,0.05510294382702341,40
videoSRC02_1920x1080_30.yuv,48,MCL-JCV,0.3,uniform,24.217891693115234,0.15284422899034247,0.12452638538873373,40
videoSRC03_1920x1080_30.yuv,48,MCL-JCV,0.3,uniform,39.12455439567566,0.259071027080431,0.23664904826902955,40
videoSRC04_1920x1080_30.yuv,48,MCL-JCV,0.3,uniform,39.12455439567566,0.16950612105130064,0.20098710953926258,40
videoSRC05_1920x1080_25.yuv,48,MCL-JCV,0.3,uniform,39.12455439567566,0.17720787391074272,0.21727924324756742,40
videoSRC06_1920x1080_25.yuv,48,MCL-JCV,0.3,uniform,39.12455439567566,0.008601664437650479,0.00688037243234163,40
videoSRC07_1920x1080_25.yuv,48,MCL-JCV,0.3,uniform,39.12455439567566,0.1379854929457343,0.10070027789964087,40
videoSRC08_1920x1080_25.yuv,48,MCL-JCV,0.3,uniform,39.12455439567566,0.06442195265288003,0.06767704727700163,40
videoSRC09_1920x1080_25.yuv,48,MCL-JCV,0.3,uniform,39.12455439567566,0.21228082707820306,0.20555643711372795,40
videoSRC10_1920x1080_30.yuv,48,MCL-JCV,0.3,uniform,24.217891693115234,0.22257208837216044,0.2360115821711446,40
videoSRC11_1920x1080_30.yuv,48,MCL-JCV,0.3,uniform,39.12455439567566,0.11561663190527952,0.14508602443160612,40
videoSRC12_1920x1080_30.yuv,48,MCL-JCV,0.3,uniform,24.217891693115234,0.1296665286337687,0.1371362146519175,40
videoSRC13_1920x1080_30.yuv,48,MCL-JCV,0.3,uniform,39.12455439567566,0.2197184797385271,0.2605838860879075,40
videoSRC14_1920x1080_30.yuv,48,MCL-JCV,0.3,uniform,39.12455439567566,0.22010191962710596,0.19573281544309395,40
videoSRC15_1920x1080_30.yuv,48,MCL-JCV,0.3,uniform,39.12455439567566,0.14288096133542483,0.1438730086338893,40
videoSRC16_1920x1080_30.yuv,48,MCL-JCV,0.3,uniform,39.12455439567566,0.1099939631085734,0.09498978551739157,40
videoSRC17_1920x1080_24.yuv,48,MCL-JCV,0.3,uniform,39.12455439567566,0.22921453955762353,0.14803623834899327,40
videoSRC18_1920x1080_25.yuv,48,MCL-JCV,0.3,uniform,39.12455439567566,0.22480065347378642,0.26883577829054417,40
videoSRC19_1920x1080_30.yuv,48,MCL-JCV,0.3,uniform,39.12455439567566,0.23124018022307613,0.2223536577720111,40
videoSRC20_1920x1080_25.yuv,48,MCL-JCV,0.3,uniform,39.12455439567566,0.25539131047158165,0.2516132244193088,40
videoSRC21_1920x1080_24.yuv,48,MCL-JCV,0.3,uniform,39.12455439567566,0.17542289549984796,0.1280862594827994,40
videoSRC22_1920x1080_24.yuv,48,MCL-JCV,0.3,uniform,39.12455439567566,0.15556229301397126,0.16350546207628014,40
videoSRC23_1920x1080_24.yuv,48,MCL-JCV,0.3,uniform,39.12455439567566,0.15221963699927638,0.15652695629533042,40
videoSRC24_1920x1080_24.yuv,48,MCL-JCV,0.3,uniform,24.217891693115234,0.16839432312955932,0.18574208288755045,40
videoSRC25_1920x1080_24.yuv,48,MCL-JCV,0.3,uniform,24.217891693115234,0.14073196362517854,0.13766450863304414,40
videoSRC26_1920x1080_30.yuv,48,MCL-JCV,0.3,uniform,24.217891693115234,0.1450309365124627,0.1318617455705251,40
videoSRC27_1920x1080_30.yuv,48,MCL-JCV,0.3,uniform,39.12455439567566,0.09148112216841649,0.10653263897238219,40
videoSRC28_1920x1080_30.yuv,48,MCL-JCV,0.3,uniform,39.12455439567566,0.12335416329637994,0.12060253671484844,40
videoSRC29_1920x1080_24.yuv,48,MCL-JCV,0.3,uniform,39.12455439567566,0.1290049002369896,0.11841690896419266,40
videoSRC30_1920x1080_30.yuv,48,MCL-JCV,0.3,uniform,39.12455439567566,0.13748941973939752,0.11572329693247951,40
BQTerrace_1920x1080_60.yuv,48,HEVC_B,0.3,uniform,39.12455439567566,0.23281457450407092,0.2759963676230228,40
BasketballDrive_1920x1080_50.yuv,48,HEVC_B,0.3,uniform,39.12455439567566,0.1661645977700265,0.1925579420662018,40
Cactus_1920x1080_50.yuv,48,HEVC_B,0.3,uniform,39.12455439567566,0.1829783407080304,0.1851008018706395,40
Kimono1_1920x1080_24.yuv,48,HEVC_B,0.3,uniform,39.12455439567566,0.23387481086409992,0.15104526543434815,40
ParkScene_1920x1080_24.yuv,48,HEVC_B,0.3,uniform,24.217891693115234,0.1521307590042536,0.1226858469804526,40
FourPeople_1280x720_60.yuv,48,HEVC_E,0.3,uniform,24.217891693115234,0.15090535206313271,0.14920678932292475,15
Johnny_1280x720_60.yuv,48,HEVC_E,0.3,uniform,39.12455439567566,0.25240454956231007,0.26255689343674504,15
KristenAndSara_1280x720_60.yuv,48,HEVC_E,0.3,uniform,39.12455439567566,0.26892004374126116,0.26663061786551623,15
BQMall_832x480_60.yuv,48,HEVC_C,0.3,uniform,39.12455439567566,0.25847042681907856,0.3038633468433929,8
BasketballDrill_832x480_50.yuv,48,HEVC_C,0.3,uniform,24.217891693115234,0.1333822235340373,0.2544278529767183,8
PartyScene_832x480_50.yuv,48,HEVC_C,0.3,uniform,24.217891693115234,0.16121597801551496,0.2139973168523568,8
RaceHorses_832x480_30.yuv,48,HEVC_C,0.3,uniform,39.12455439567566,0.24111413545163535,0.2581549851042766,8
BasketballPass_416x240_50.yuv,48,HEVC_D,0.3,uniform,24.217891693115234,0.0750732463167401,0.19217282224030896,2
BlowingBubbles_416x240_50.yuv,48,HEVC_D,0.3,uniform,24.217891693115234,0.1246782389139171,0.14235163105384885,2
BQSquare_416x240_60.yuv,48,HEVC_D,0.3,uniform,24.217891693115234,0.21213795510977312,0.250036665899394,2
RaceHorses_416x240_30.yuv,48,HEVC_D,0.3,uniform,24.217891693115234,0.11524988619254543,0.16660542740594053,2
Beauty_1920x1080_120fps_420_8bit_YUV.yuv,63,UVG,0.3,uniform,39.12455439567566,0.04971021864438808,0.034904276989891514,40
Bosphorus_1920x1080_120fps_420_8bit_YUV.yuv,63,UVG,0.3,uniform,39.12455439567566,0.1936817155762719,0.16979620799419592,40
HoneyBee_1920x1080_120fps_420_8bit_YUV.yuv,63,UVG,0.3,uniform,39.12455439567566,0.23864241475053916,0.1635215790351623,40
Jockey_1920x1080_120fps_420_8bit_YUV.yuv,63,UVG,0.3,uniform,39.12455439567566,0.12844800193775738,0.10434662094489511,40
ReadySteadyGo_1920x1080_120fps_420_8bit_YUV.yuv,63,UVG,0.3,uniform,24.217891693115234,0.14331152788735932,0.16369378382947986,40
ShakeNDry_1920x1080_120fps_420_8bit_YUV.yuv,63,UVG,0.3,uniform,39.12455439567566,0.16158396940465664,0.11143523460056315,40
YachtRide_1920x1080_120fps_420_8bit_YUV.yuv,63,UVG,0.3,uniform,24.217891693115234,0.11517173909819865,0.13280093954164585,40
videoSRC01_1920x1080_30.yuv,63,MCL-JCV,0.3,uniform,39.12455439567566,0.048019157666552646,0.038557633246547596,40
videoSRC02_1920x1080_30.yuv,63,MCL-JCV,0.3,uniform,39.12455439567566,0.27662883672164507,0.2252805818860253,40
videoSRC03_1920x1080_30.yuv,63,MCL-JCV,0.3,uniform,39.12455439567566,0.26696285289832467,0.2352276806678688,40
videoSRC04_1920x1080_30.yuv,63,MCL-JCV,0.3,uniform,24.217891693115234,0.11511803778243884,0.15446132859446493,40
videoSRC05_1920x1080_25.yuv,63,MCL-JCV,0.3,uniform,39.12455439567566,0.14158903160323566,0.20424735993737642,40
videoSRC06_1920x1080_25.yuv,63,MCL-JCV,0.3,uniform,39.12455439567566,0.02600667613628087,0.04657304707420451,40
videoSRC07_1920x1080_25.yuv,63,MCL-JCV,0.3,uniform,39.12455439567566,0.14367393879637352,0.10650204515259531,40
videoSRC08_1920x1080_25.yuv,63,MCL-JCV,0.3,uniform,39.12455439567566,0.056620755820442695,0.06294778181375449,40
videoSRC09_1920x1080_25.yuv,63,MCL-JCV,0.3,uniform,39.12455439567566,0.1727538722372386,0.1688537916990711,40
videoSRC10_1920x1080_30.yuv,63,MCL-JCV,0.3,uniform,24.217891693115234,0.2216310798999928,0.2254159450070219,40
videoSRC11_1920x1080_30.yuv,63,MCL-JCV,0.3,uniform,39.12455439567566,0.15975969287341063,0.1701195647789291,40
videoSRC12_1920x1080_30.yuv,63,MCL-JCV,0.3,uniform,24.217891693115234,0.19460469441048997,0.18316890804095465,40
videoSRC13_1920x1080_30.yuv,63,MCL-JCV,0.3,uniform,39.12455439567566,0.23062795918823298,0.24139813991477865,40
videoSRC14_1920x1080_30.yuv,63,MCL-JCV,0.3,uniform,39.12455439567566,0.21014121243850686,0.18617228181001622,40
videoSRC15_1920x1080_30.yuv,63,MCL-JCV,0.3,uniform,39.12455439567566,0.17307669926142663,0.16122214526673417,40
videoSRC16_1920x1080_30.yuv,63,MCL-JCV,0.3,uniform,39.12455439567566,0.09882546158323849,0.08549105025943504,40
videoSRC17_1920x1080_24.yuv,63,MCL-JCV,0.3,uniform,39.12455439567566,0.257408438987694,0.17041830161608118,40
videoSRC18_1920x1080_25.yuv,63,MCL-JCV,0.3,uniform,24.217891693115234,0.10515630352591168,0.17684029838475368,40
videoSRC19_1920x1080_30.yuv,63,MCL-JCV,0.3,uniform,24.217891693115234,0.14004498087853443,0.1191591914562693,40
videoSRC20_1920x1080_25.yuv,63,MCL-JCV,0.3,uniform,24.217891693115234,0.13135978451496036,0.171331248229329,40
videoSRC21_1920x1080_24.yuv,63,MCL-JCV,0.3,uniform,39.12455439567566,0.0874845960927644,0.0774756780036796,40
videoSRC22_1920x1080_24.yuv,63,MCL-JCV,0.3,uniform,39.12455439567566,0.13665402138055113,0.1383946122104689,40
videoSRC23_1920x1080_24.yuv,63,MCL-JCV,0.3,uniform,39.12455439567566,0.15232257381789444,0.14508744274918683,40
videoSRC24_1920x1080_24.yuv,63,MCL-JCV,0.3,uniform,24.217891693115234,0.1584761318505163,0.23143381249425232,40
videoSRC25_1920x1080_24.yuv,63,MCL-JCV,0.3,uniform,24.217891693115234,0.1590745171300409,0.18203325411760574,40
videoSRC26_1920x1080_30.yuv,63,MCL-JCV,0.3,uniform,24.217891693115234,0.1374506338504943,0.13610978660021544,40
videoSRC27_1920x1080_30.yuv,63,MCL-JCV,0.3,uniform,39.12455439567566,0.1062786986069008,0.1142023593718875,40
videoSRC28_1920x1080_30.yuv,63,MCL-JCV,0.3,uniform,39.12455439567566,0.14705990756138135,0.12628606302261858,40
videoSRC29_1920x1080_24.yuv,63,MCL-JCV,0.3,uniform,39.12455439567566,0.08633133498300372,0.07821291375751116,40
videoSRC30_1920x1080_30.yuv,63,MCL-JCV,0.3,uniform,39.12455439567566,0.15232840290279578,0.12952191839406169,40
BQTerrace_1920x1080_60.yuv,63,HEVC_B,0.3,uniform,24.217891693115234,0.11912316209374149,0.14971572856359217,40
BasketballDrive_1920x1080_50.yuv,63,HEVC_B,0.3,uniform,39.12455439567566,0.12884411298809872,0.17434423565356383,40
Cactus_1920x1080_50.yuv,63,HEVC_B,0.3,uniform,39.12455439567566,0.17364444337265225,0.17873677760102424,40
Kimono1_1920x1080_24.yuv,63,HEVC_B,0.3,uniform,39.12455439567566,0.2579258113260952,0.17024733252186763,40
ParkScene_1920x1080_24.yuv,63,HEVC_B,0.3,uniform,24.217891693115234,0.20546778714292063,0.15753077253764758,40
FourPeople_1280x720_60.yuv,63,HEVC_E,0.3,uniform,39.12455439567566,0.2744388563378302,0.2724078121554854,15
Johnny_1280x720_60.yuv,63,HEVC_E,0.3,uniform,39.12455439567566,0.19613276285741593,0.2141053627872438,15
KristenAndSara_1280x720_60.yuv,63,HEVC_E,0.3,uniform,39.12455439567566,0.2560971427278378,0.2573668414581576,15
BQMall_832x480_60.yuv,63,HEVC_C,0.3,uniform,24.217891693115234,0.1461078077697914,0.19695101211067367,8
BasketballDrill_832x480_50.yuv,63,HEVC_C,0.3,uniform,24.217891693115234,0.11855044317402255,0.3261943353323318,8
PartyScene_832x480_50.yuv,63,HEVC_C,0.3,uniform,24.217891693115234,0.2082405521000372,0.3156392972570288,8
RaceHorses_832x480_30.yuv,63,HEVC_C,0.3,uniform,24.217891693115234,0.14633450705275086,0.1772523115312623,8
BasketballPass_416x240_50.yuv,63,HEVC_D,0.3,uniform,24.217891693115234,0.05968454425276429,0.2914803947614928,2
BlowingBubbles_416x240_50.yuv,63,HEVC_D,0.3,uniform,24.217891693115234,0.1735541064633621,0.21072370699833698,2
BQSquare_416x240_60.yuv,63,HEVC_D,0.3,uniform,-0.9507179260253906,0.027781405176250804,0.025091122569989466,2
RaceHorses_416x240_30.yuv,63,HEVC_D,0.3,uniform,24.217891693115234,0.16288944331678668,0.2580102391121173,2
Beauty_1920x1080_120fps_420_8bit_YUV.yuv,0,UVG,0.5,oracle,39.12455439567566,0.08091148795395814,0.08229179922256691,40
Bosphorus_1920x1080_120fps_420_8bit_YUV.yuv,0,UVG,0.5,oracle,39.12455439567566,0.109843875346532,0.12340274289241648,40
HoneyBee_1920x1080_120fps_420_8bit_YUV.yuv,0,UVG,0.5,oracle,39.12455439567566,0.2467979769977802,0.1847348247435292,40
Jockey_1920x1080_120fps_420_8bit_YUV.yuv,0,UVG,0.5,oracle,39.12455439567566,0.22012322812951035,0.1853520572942955,40
ReadySteadyGo_1920x1080_120fps_420_8bit_YUV.yuv,0,UVG,0.5,oracle,39.12455439567566,0.14633471004031023,0.15624953325017543,40
ShakeNDry_1920x1080_120fps_420_8bit_YUV.yuv,0,UVG,0.5,oracle,39.12455439567566,0.07391442561049448,0.08615749684847174,40
YachtRide_1920x1080_120fps_420_8bit_YUV.yuv,0,UVG,0.5,oracle,39.12455439567566,0.10892885197622486,0.1282077706456306,40
videoSRC01_1920x1080_30.yuv,0,MCL-JCV,0.5,oracle,39.12455439567566,0.11191786889207839,0.11281084095170257,40
videoSRC02_1920x1080_30.yuv,0,MCL-JCV,0.5,oracle,39.12455439567566,0.17464680060032226,0.1768422608582796,40
videoSRC03_1920x1080_30.yuv,0,MCL-JCV,0.5,oracle,39.12455439567566,0.14850820272262996,0.16724756669837149,40
videoSRC04_1920x1080_30.yuv,0,MCL-JCV,0.5,oracle,39.12455439567566,0.022088933433354694,0.04003983538861888,40
videoSRC05_1920x1080_25.yuv,0,MCL-JCV,0.5,oracle,39.12455439567566,0.19813605448558747,0.20905489733496552,40
videoSRC06_1920x1080_25.yuv,0,MCL-JCV,0.5,oracle,39.12455439567566,0.03224088419020011,0.024900584410012527,40
videoSRC07_1920x1080_25.yuv,0,MCL-JCV,0.5,oracle,39.12455439567566,0.11573114557075326,0.10866693196463473,40
videoSRC08_1920x1080_25.yuv,0,MCL-JCV,0.5,oracle,39.12455439567566,0.08800453043344487,0.08874859056497542,40
videoSRC09_1920x1080_25.yuv,0,MCL-JCV,0.5,oracle,39.12455439567566,0.10283143571382153,0.12001661422514331,40
videoSRC10_1920x1080_30.yuv,0,MCL-JCV,0.5,oracle,39.12455439567566,0.3120053773707849,0.3567389155044509,40
videoSRC11_1920x1080_30.yuv,0,MCL-JCV,0.5,oracle,39.12455439567566,0.08271465359720417,0.10288921740490053,40
videoSRC12_1920x1080_30.yuv,0,MCL-JCV,0.5,oracle,39.12455439567566,0.1037568024915999,0.11577506073790644,40
videoSRC13_1920x1080_30.yuv,0,MCL-JCV,0.5,oracle,39.12455439567566,0.055605978859048916,0.10980931904400393,40
videoSRC14_1920x1080_30.yuv,0,MCL-JCV,0.5,oracle,39.12455439567566,0.11677195797407153,0.11992287933583157,40
videoSRC15_1920x1080_30.yuv,0,MCL-JCV,0.5,oracle,39.12455439567566,0.08777389709425759,0.11144647263915886,40
videoSRC16_1920x1080_30.yuv,0,MCL-JCV,0.5,oracle,39.12455439567566,0.16502806827968244,0.14172133525790542,40
videoSRC17_1920x1080_24.yuv,0,MCL-JCV,0.5,oracle,39.12455439567566,0.06855976918494282,0.06612191226552255,40
videoSRC18_1920x1080_25.yuv,0,MCL-JCV,0.5,oracle,39.12455439567566,0.11724686045861205,0.12298658455799938,40
videoSRC19_1920x1080_30.yuv,0,MCL-JCV,0.5,oracle,39.12455439567566,0.0745683624426924,0.0746782533749979,40
videoSRC20_1920x1080_25.yuv,0,MCL-JCV,0.5,oracle,39.12455439567566,0.18260786219683853,0.17527663837079643,40
videoSRC21_1920x1080_24.yuv,0,MCL-JCV,0.5,oracle,39.12455439567566,0.02207029871673177,0.0585511196388282,40
videoSRC22_1920x1080_24.yuv,0,MCL-JCV,0.5,oracle,39.12455439567566,0.09952882662912543,0.10540536077579787,40
videoSRC23_1920x1080_24.yuv,0,MCL-JCV,0.5,oracle,39.12455439567566,0.0968228220381803,0.11403509249188204,40
videoSRC24_1920x1080_24.yuv,0,MCL-JCV,0.5,oracle,39.12455439567566,0.28511929314032025,0.25555484173646903,40
videoSRC25_1920x1080_24.yuv,0,MCL-JCV,0.5,oracle,39.12455439567566,0.1512317619770954,0.14407022162144756,40
videoSRC26_1920x1080_30.yuv,0,MCL-JCV,0.5,oracle,39.12455439567566,0.1311375174981168,0.13059835291463884,40
videoSRC27_1920x1080_30.yuv,0,MCL-JCV,0.5,oracle,39.12455439567566,0.12304989238188797,0.14466394978160935,40
videoSRC28_1920x1080_30.yuv,0,MCL-JCV,0.5,oracle,39.12455439567566,0.08446472309023867,0.12758942859357347,40
videoSRC29_1920x1080_24.yuv,0,MCL-JCV,0.5,oracle,39.12455439567566,0.026554528748609415,0.030472528798817677,40
videoSRC30_1920x1080_30.yuv,0,MCL-JCV,0.5,oracle,39.12455439567566,0.13188763853599522,0.11641022695994252,40
BQTerrace_1920x1080_60.yuv,0,HEVC_B,0.5,oracle,39.12455439567566,0.10258983867521763,0.11971255977277195,40
BasketballDrive_1920x1080_50.yuv,0,HEVC_B,0.5,oracle,39.12455439567566,0.20339636241250125,0.21084046614144114,40
Cactus_1920x1080_50.yuv,0,HEVC_B,0.5,oracle,39.12455439567566,0.1249748055096448,0.12955231067528672,40
Kimono1_1920x1080_24.yuv,0,HEVC_B,0.5,oracle,39.12455439567566,0.060235008562486994,0.05936236147662299,40
ParkScene_1920x1080_24.yuv,0,HEVC_B,0.5,oracle,39.12455439567566,0.045551741504323714,0.048133639677402584,40
FourPeople_1280x720_60.yuv,0,HEVC_E,0.5,oracle,39.12455439567566,0.12948886949966706,0.16060766120427772,15
Johnny_1280x720_60.yuv,0,HEVC_E,0.5,oracle,39.12455439567566,0.18192846977077,0.21129207136709738,15
KristenAndSara_1280x720_60.yuv,0,HEVC_E,0.5,oracle,39.12455439567566,0.17138010908195545,0.2014610847060183,15
BQMall_832x480_60.yuv,0,HEVC_C,0.5,oracle,39.12455439567566,0.11356606947980527,0.14182263489756153,8
BasketballDrill_832x480_50.yuv,0,HEVC_C,0.5,oracle,39.12455439567566,0.25610224398085657,0.2545223765592688,8
PartyScene_832x480_50.yuv,0,HEVC_C,0.5,oracle,39.12455439567566,0.053026271524124965,0.06948338609807791,8
RaceHorses_832x480_30.yuv,0,HEVC_C,0.5,oracle,39.12455439567566,0.1446766982695335,0.16221749313272937,8
BasketballPass_416x240_50.yuv,0,HEVC_D,0.5,oracle,39.12455439567566,0.09266809287871032,0.09672854304720602,2
BlowingBubbles_416x240_50.yuv,0,HEVC_D,0.5,oracle,39.12455439567566,0.07805770360087562,0.08556953699413583,2
BQSquare_416x240_60.yuv,0,HEVC_D,0.5,oracle,39.12455439567566,0.08217431314399251,0.10199766528313603,2
RaceHorses_416x240_30.yuv,0,HEVC_D,0.5,oracle,39.12455439567566,0.1764226216711234,0.17634835808481952,2
Beauty_1920x1080_120fps_420_8bit_YUV.yuv,16,UVG,0.5,oracle,39.12455439567566,0.04401150336257254,0.04814296022141917,40
Bosphorus_1920x1080_120fps_420_8bit_YUV.yuv,16,UVG,0.5,oracle,39.12455439567566,0.12934723913555551,0.14363374414060814,40
HoneyBee_1920x1080_120fps_420_8bit_YUV.yuv,16,UVG,0.5,oracle,39.12455439567566,0.2863546105265803,0.19534028211970167,40
Jockey_1920x1080_120fps_420_8bit_YUV.yuv,16,UVG,0.5,oracle,39.12455439567566,0.19001626879784186,0.16004635460854644,40
ReadySteadyGo_1920x1080_120fps_420_8bit_YUV.yuv,16,UVG,0.5,oracle,39.12455439567566,0.22020336827618409,0.22790356660561883,40
ShakeNDry_1920x1080_120fps_420_8bit_YUV.yuv,16,UVG,0.5,oracle,39.12455439567566,0.05927740339012894,0.06188958735465633,40
YachtRide_1920x1080_120fps_420_8bit_YUV.yuv,16,UVG,0.5,oracle,39.12455439567566,0.16388639393278842,0.1899282540294891,40
videoSRC01_1920x1080_30.yuv,16,MCL-JCV,0.5,oracle,39.12455439567566,0.0955428316105992,0.0967970859865801,40
videoSRC02_1920x1080_30.yuv,16,MCL-JCV,0.5,oracle,39.12455439567566,0.21298103013877812,0.20552660936451161,40
videoSRC03_1920x1080_30.yuv,16,MCL-JCV,0.5,oracle,39.12455439567566,0.18219653146021758,0.1902374466877106,40
videoSRC04_1920x1080_30.yuv,16,MCL-JCV,0.5,oracle,39.12455439567566,0.05703442659334555,0.07394946548483006,40
videoSRC05_1920x1080_25.yuv,16,MCL-JCV,0.5,oracle,39.12455439567566,0.207493299906854,0.2291775689162563,40
videoSRC06_1920x1080_25.yuv,16,MCL-JCV,0.5,oracle,39.12455439567566,0.04308834139587414,0.033973665926467334,40
videoSRC07_1920x1080_25.yuv,16,MCL-JCV,0.5,oracle,39.12455439567566,0.1408576793643172,0.11538346439240144,40
videoSRC08_1920x1080_25.yuv,16,MCL-JCV,0.5,oracle,39.12455439567566,0.07643486500737173,0.08059076617725935,40
videoSRC09_1920x1080_25.yuv,16,MCL-JCV,0.5,oracle,39.12455439567566,0.14580464323448347,0.15831739406687717,40
videoSRC10_1920x1080_30.yuv,16,MCL-JCV,0.5,oracle,39.12455439567566,0.387746691065606,0.42273004128870184,40
videoSRC11_1920x1080_30.yuv,16,MCL-JCV,0.5,oracle,39.12455439567566,0.10199983339759855,0.13507317275183794,40
videoSRC12_1920x1080_30.yuv,16,MCL-JCV,0.5,oracle,39.12455439567566,0.1280185153159816,0.15380380110630654,40
videoSRC13_1920x1080_30.yuv,16,MCL-JCV,0.5,oracle,39.12455439567566,0.1270353262993276,0.25137172464157587,40
videoSRC14_1920x1080_30.yuv,16,MCL-JCV,0.5,oracle,39.12455439567566,0.16639291916064172,0.16538506434140032,40
videoSRC15_1920x1080_30.yuv,16,MCL-JCV,0.5,oracle,39.12455439567566,0.1051254640862436,0.1286184642185475,40
videoSRC16_1920x1080_30.yuv,16,MCL-JCV,0.5,oracle,39.12455439567566,0.1259793504189927,0.11515760408676101,40
videoSRC17_1920x1080_24.yuv,16,MCL-JCV,0.5,oracle,39.12455439567566,0.08941793980308829,0.08155845898273384,40
videoSRC18_1920x1080_25.yuv,16,MCL-JCV,0.5,oracle,39.12455439567566,0.12902197126214227,0.1443929384378535,40
videoSRC19_1920x1080_30.yuv,16,MCL-JCV,0.5,oracle,39.12455439567566,0.11513920041085185,0.1342407240236696,40
videoSRC20_1920x1080_25.yuv,16,MCL-JCV,0.5,oracle,39.12455439567566,0.1831096715477446,0.1746254221197603,40
videoSRC21_1920x1080_24.yuv,16,MCL-JCV,0.5,oracle,39.12455439567566,0.07775652486078233,0.08881954437627826,40
videoSRC22_1920x1080_24.yuv,16,MCL-JCV,0.5,oracle,39.12455439567566,0.12836554675007456,0.12868551140512352,40
videoSRC23_1920x1080_24.yuv,16,MCL-JCV,0.5,oracle,39.12455439567566,0.11460867223512847,0.1390036036728972,40
videoSRC24_1920x1080_24.yuv,16,MCL-JCV,0.5,oracle,39.12455439567566,0.29830940029543973,0.2615105581810937,40
videoSRC25_1920x1080_24.yuv,16,MCL-JCV,0.5,oracle,39.12455439567566,0.1937479110085506,0.1820447388058355,40
videoSRC26_1920x1080_30.yuv,16,MCL-JCV,0.5,oracle,39.12455439567566,0.20326945198322705,0.20002942632699217,40
videoSRC27_1920x1080_30.yuv,16,MCL-JCV,0.5,oracle,39.12455439567566,0.09217700764258546,0.11184854147147405,40
videoSRC28_1920x1080_30.yuv,16,MCL-JCV,0.5,oracle,39.12455439567566,0.08676719373508426,0.1161054615494308,40
videoSRC29_1920x1080_24.yuv,16,MCL-JCV,0.5,oracle,39.12455439567566,0.09076679545469563,0.09173275445789386,40
videoSRC30_1920x1080_30.yuv,16,MCL-JCV,0.5,oracle,39.12455439567566,0.12022135442972011,0.10071298419266839,40
BQTerrace_1920x1080_60.yuv,16,HEVC_B,0.5,oracle,39.12455439567566,0.1919030925343283,0.22931335770362438,40
BasketballDrive_1920x1080_50.yuv,16,HEVC_B,0.5,oracle,39.12455439567566,0.20523630359419914,0.22033872393018328,40
Cactus_1920x1080_50.yuv,16,HEVC_B,0.5,oracle,39.12455439567566,0.15855506638539724,0.16126462321871315,40
Kimono1_1920x1080_24.yuv,16,HEVC_B,0.5,oracle,39.12455439567566,0.08508390971480453,0.07747948910005675,40
ParkScene_1920x1080_24.yuv,16,HEVC_B,0.5,oracle,39.12455439567566,0.06295734489718163,0.06563188507305995,40
FourPeople_1280x720_60.yuv,16,HEVC_E,0.5,oracle,39.12455439567566,0.18137398183366132,0.20845026142023926,15
Johnny_1280x720_60.yuv,16,HEVC_E,0.5,oracle,39.12455439567566,0.21797124501191936,0.2534139288695627,15
KristenAndSara_1280x720_60.yuv,16,HEVC_E,0.5,oracle,39.12455439567566,0.24921454472645557,0.27721511808217514,15
BQMall_832x480_60.yuv,16,HEVC_C,0.5,oracle,39.12455439567566,0.14959926869333195,0.17698812978265366,8
BasketballDrill_832x480_50.yuv,16,HEVC_C,0.5,oracle,39.12455439567566,0.3322314449796077,0.3629741264368249,8
PartyScene_832x480_50.yuv,16,HEVC_C,0.5,oracle,39.12455439567566,0.124002394997502,0.14716509889356644,8
RaceHorses_832x480_30.yuv,16,HEVC_C,0.5,oracle,39.12455439567566,0.13825458390730302,0.16358443234230435,8
BasketballPass_416x240_50.yuv,16,HEVC_D,0.5,oracle,39.12455439567566,0.22729973809076537,0.242092539401078,2
BlowingBubbles_416x240_50.yuv,16,HEVC_D,0.5,oracle,39.12455439567566,0.12377383733979908,0.1317386721675149,2
BQSquare_416x240_60.yuv,16,HEVC_D,0.5,oracle,39.12455439567566,0.2209236799034668,0.23395544850919947,2
RaceHorses_416x240_30.yuv,16,HEVC_D,0.5,oracle,39.12455439567566,0.19142307954193705,0.20402813614516901,2
Beauty_1920x1080_120fps_420_8bit_YUV.yuv,32,UVG,0.5,oracle,39.12455439567566,0.0400058145020213,0.04200414018367127,40
Bosphorus_1920x1080_120fps_420_8bit_YUV.yuv,32,UVG,0.5,oracle,39.12455439567566,0.13516348610502918,0.14286423112356061,40
HoneyBee_1920x1080_120fps_420_8bit_YUV.yuv,32,UVG,0.5,oracle,39.12455439567566,0.28848447609134914,0.18400403240579521,40
Jockey_1920x1080_120fps_420_8bit_YUV.yuv,32,UVG,0.5,oracle,39.12455439567566,0.16167873536129979,0.12990745021260608,40
ReadySteadyGo_1920x1080_120fps_420_8bit_YUV.yuv,32,UVG,0.5,oracle,39.12455439567566,0.2929312219800152,0.28212160063317526,40
ShakeNDry_1920x1080_120fps_420_8bit_YUV.yuv,32,UVG,0.5,oracle,39.12455439567566,0.08612350455037125,0.07759334076061464,40
YachtRide_1920x1080_120fps_420_8bit_YUV.yuv,32,UVG,0.5,oracle,39.12455439567566,0.2216996067967359,0.23994481455978445,40
videoSRC01_1920x1080_30.yuv,32,MCL-JCV,0.5,oracle,39.12455439567566,0.08936327909913269,0.08545393647829513,40
videoSRC02_1920x1080_30.yuv,32,MCL-JCV,0.5,oracle,39.12455439567566,0.27062223994520507,0.23868103568132426,40
videoSRC03_1920x1080_30.yuv,32,MCL-JCV,0.5,oracle,39.12455439567566,0.23348142146463685,0.2366318472266542,40
videoSRC04_1920x1080_30.yuv,32,MCL-JCV,0.5,oracle,39.12455439567566,0.10308853791622864,0.13002850258173737,40
videoSRC05_1920x1080_25.yuv,32,MCL-JCV,0.5,oracle,39.12455439567566,0.20144285430613737,0.22986822220973124,40
videoSRC06_1920x1080_25.yuv,32,MCL-JCV,0.5,oracle,39.12455439567566,0.016515877994750083,0.012836248730160094,40
videoSRC07_1920x1080_25.yuv,32,MCL-JCV,0.5,oracle,39.12455439567566,0.14230302585699628,0.10746570195657767,40
videoSRC08_1920x1080_25.yuv,32,MCL-JCV,0.5,oracle,39.12455439567566,0.0765152557384441,0.07637612332327848,40
videoSRC09_1920x1080_25.yuv,32,MCL-JCV,0.5,oracle,39.12455439567566,0.19665447294009833,0.19476846266071846,40
videoSRC10_1920x1080_30.yuv,32,MCL-JCV,0.5,oracle,38.751887828111656,0.46685646534147374,0.5085240712913048,40
videoSRC11_1920x1080_30.yuv,32,MCL-JCV,0.5,oracle,39.12455439567566,0.10686073833733585,0.14732839726728741,40
videoSRC12_1920x1080_30.yuv,32,MCL-JCV,0.5,oracle,39.12455439567566,0.2104777912966398,0.2589689100235617,40
videoSRC13_1920x1080_30.yuv,32,MCL-JCV,0.5,oracle,39.12455439567566,0.19480540296270069,0.29740072693597597,40
videoSRC14_1920x1080_30.yuv,32,MCL-JCV,0.5,oracle,39.12455439567566,0.21261962134957457,0.1980777099575306,40
videoSRC15_1920x1080_30.yuv,32,MCL-JCV,0.5,oracle,39.12455439567566,0.1330629459432975,0.14848467887613026,40
videoSRC16_1920x1080_30.yuv,32,MCL-JCV,0.5,oracle,39.12455439567566,0.1070870906070711,0.09854007646901408,40
videoSRC17_1920x1080_24.yuv,32,MCL-JCV,0.5,oracle,39.12455439567566,0.1664708813340449,0.12312580877473067,40
videoSRC18_1920x1080_25.yuv,32,MCL-JCV,0.5,oracle,39.12455439567566,0.18551331329148357,0.20250707349124752,40
videoSRC19_1920x1080_30.yuv,32,MCL-JCV,0.5,oracle,39.12455439567566,0.16391265416372847,0.18105069041373412,40
videoSRC20_1920x1080_25.yuv,32,MCL-JCV,0.5,oracle,39.12455439567566,0.20991830524343325,0.19962139910527554,40
videoSRC21_1920x1080_24.yuv,32,MCL-JCV,0.5,oracle,39.12455439567566,0.27901659950884483,0.20895100100332797,40
videoSRC22_1920x1080_24.yuv,32,MCL-JCV,0.5,oracle,39.12455439567566,0.1586212097539606,0.1711023446004276,40
videoSRC23_1920x1080_24.yuv,32,MCL-JCV,0.5,oracle,39.12455439567566,0.13868138680454475,0.1608616725399017,40
videoSRC24_1920x1080_24.yuv,32,MCL-JCV,0.5,oracle,39.12455439567566,0.3756987988562154,0.3355726127758061,40
videoSRC25_1920x1080_24.yuv,32,MCL-JCV,0.5,oracle,39.12455439567566,0.2566768012678515,0.24102766970494827,40
videoSRC26_1920x1080_30.yuv,32,MCL-JCV,0.5,oracle,39.12455439567566,0.28161272166933615,0.2640711273325351,40
videoSRC27_1920x1080_30.yuv,32,MCL-JCV,0.5,oracle,39.12455439567566,0.08186335384563105,0.10171609181512764,40
videoSRC28_1920x1080_30.yuv,32,MCL-JCV,0.5,oracle,39.12455439567566,0.09638940909628782,0.1128571306424675,40
videoSRC29_1920x1080_24.yuv,32,MCL-JCV,0.5,oracle,39.12455439567566,0.2317686377430428,0.20947367776231118,40
videoSRC30_1920x1080_30.yuv,32,MCL-JCV,0.5,oracle,39.12455439567566,0.12211880840911424,0.10125783354210682,40
BQTerrace_1920x1080_60.yuv,32,HEVC_B,0.5,oracle,39.12455439567566,0.22054584271940025,0.26527434614299494,40
BasketballDrive_1920x1080_50.yuv,32,HEVC_B,0.5,oracle,39.12455439567566,0.19843059155699383,0.21637016678475618,40
Cactus_1920x1080_50.yuv,32,HEVC_B,0.5,oracle,39.12455439567566,0.18039399074216428,0.1768500985209016,40
Kimono1_1920x1080_24.yuv,32,HEVC_B,0.5,oracle,39.12455439567566,0.15799089880175113,0.11881731394502992,40
ParkScene_1920x1080_24.yuv,32,HEVC_B,0.5,oracle,39.12455439567566,0.14481324639368334,0.13312559521870782,40
FourPeople_1280x720_60.yuv,32,HEVC_E,0.5,oracle,39.12455439567566,0.26285068484446555,0.2806583337450661,15
Johnny_1280x720_60.yuv,32,HEVC_E,0.5,oracle,39.12455439567566,0.2692377757133663,0.28915416284350215,15
KristenAndSara_1280x720_60.yuv,32,HEVC_E,0.5,oracle,39.12455439567566,0.2819134090769085,0.2943422962832045,15
BQMall_832x480_60.yuv,32,HEVC_C,0.5,oracle,39.12455439567566,0.20096663938300247,0.23196049295081878,8
BasketballDrill_832x480_50.yuv,32,HEVC_C,0.5,oracle,39.12455439567566,0.361164444331468,0.42671647962385606,8
PartyScene_832x480_50.yuv,32,HEVC_C,0.5,oracle,39.12455439567566,0.22895190486365904,0.2659570440483172,8
RaceHorses_832x480_30.yuv,32,HEVC_C,0.5,oracle,39.12455439567566,0.18920164279256418,0.20117295616233832,8
BasketballPass_416x240_50.yuv,32,HEVC_D,0.5,oracle,39.12455439567566,0.2456581180459065,0.33994028566949197,2
BlowingBubbles_416x240_50.yuv,32,HEVC_D,0.5,oracle,39.12455439567566,0.18861161483760858,0.20305938205829221,2
BQSquare_416x240_60.yuv,32,HEVC_D,0.5,oracle,39.12455439567566,0.33993302445728457,0.3726074431136439,2
RaceHorses_416x240_30.yuv,32,HEVC_D,0.5,oracle,39.12455439567566,0.23887282870713278,0.28203463787313154,2
Beauty_1920x1080_120fps_420_8bit_YUV.yuv,48,UVG,0.5,oracle,39.12455439567566,0.03478144700684083,0.02987801027607162,40
Bosphorus_1920x1080_120fps_420_8bit_YUV.yuv,48,UVG,0.5,oracle,39.12455439567566,0.16937228822209072,0.1622045640957097,40
HoneyBee_1920x1080_120fps_420_8bit_YUV.yuv,48,UVG,0.5,oracle,39.12455439567566,0.26878087423618124,0.17198243697708904,40
Jockey_1920x1080_120fps_420_8bit_YUV.yuv,48,UVG,0.5,oracle,39.12455439567566,0.15451252038099772,0.12179747617497583,40
ReadySteadyGo_1920x1080_120fps_420_8bit_YUV.yuv,48,UVG,0.5,oracle,39.12455439567566,0.3801753047311817,0.3320176338299916,40
ShakeNDry_1920x1080_120fps_420_8bit_YUV.yuv,48,UVG,0.5,oracle,39.12455439567566,0.12184663492381868,0.09759264211673013,40
YachtRide_1920x1080_120fps_420_8bit_YUV.yuv,48,UVG,0.5,oracle,39.12455439567566,0.29075010445024,0.28804824669911966,40
videoSRC01_1920x1080_30.yuv,48,MCL-JCV,0.5,oracle,39.12455439567566,0.06494298778826539,0.05510294382702341,40
videoSRC02_1920x1080_30.yuv,48,MCL-JCV,0.5,oracle,39.12455439567566,0.3196645437834379,0.25672752761270345,40
videoSRC03_1920x1080_30.yuv,48,MCL-JCV,0.5,oracle,39.12455439567566,0.259071027080431,0.23664904826902955,40
videoSRC04_1920x1080_30.yuv,48,MCL-JCV,0.5,oracle,39.12455439567566,0.16950612105130064,0.20098710953926258,40
videoSRC05_1920x1080_25.yuv,48,MCL-JCV,0.5,oracle,39.12455439567566,0.17720787391074272,0.21727924324756742,40
videoSRC06_1920x1080_25.yuv,48,MCL-JCV,0.5,oracle,39.12455439567566,0.008601664437650479,0.00688037243234163,40
videoSRC07_1920x1080_25.yuv,48,MCL-JCV,0.5,oracle,39.12455439567566,0.1379854929457343,0.10070027789964087,40
videoSRC08_1920x1080_25.yuv,48,MCL-JCV,0.5,oracle,39.12455439567566,0.06442195265288003,0.06767704727700163,40
videoSRC09_1920x1080_25.yuv,48,MCL-JCV,0.5,oracle,39.12455439567566,0.21228082707820306,0.20555643711372795,40
videoSRC10_1920x1080_30.yuv,48,MCL-JCV,0.5,oracle,38.751887828111656,0.46230215771361893,0.4883791965035371,40
videoSRC11_1920x1080_30.yuv,48,MCL-JCV,0.5,oracle,39.12455439567566,0.11561663190527952,0.14508602443160612,40
videoSRC12_1920x1080_30.yuv,48,MCL-JCV,0.5,oracle,39.12455439567566,0.3100933664693947,0.3322605113791752,40
videoSRC13_1920x1080_30.yuv,48,MCL-JCV,0.5,oracle,39.12455439567566,0.2197184797385271,0.2605838860879075,40
videoSRC14_1920x1080_30.yuv,48,MCL-JCV,0.5,oracle,39.12455439567566,0.22010191962710596,0.19573281544309395,40
videoSRC15_1920x1080_30.yuv,48,MCL-JCV,0.5,oracle,39.12455439567566,0.14288096133542483,0.1438730086338893,40
videoSRC16_1920x1080_30.yuv,48,MCL-JCV,0.5,oracle,39.12455439567566,0.1099939631085734,0.09498978551739157,40
videoSRC17_1920x1080_24.yuv,48,MCL-JCV,0.5,oracle,39.12455439567566,0.22921453955762353,0.14803623834899327,40
videoSRC18_1920x1080_25.yuv,48,MCL-JCV,0.5,oracle,39.12455439567566,0.22480065347378642,0.26883577829054417,40
videoSRC19_1920x1080_30.yuv,48,MCL-JCV,0.5,oracle,39.12455439567566,0.23124018022307613,0.2223536577720111,40
videoSRC20_1920x1080_25.yuv,48,MCL-JCV,0.5,oracle,39.12455439567566,0.25539131047158165,0.2516132244193088,40
videoSRC21_1920x1080_24.yuv,48,MCL-JCV,0.5,oracle,39.12455439567566,0.17542289549984796,0.1280862594827994,40
videoSRC22_1920x1080_24.yuv,48,MCL-JCV,0.5,oracle,39.12455439567566,0.15556229301397126,0.16350546207628014,40
videoSRC23_1920x1080_24.yuv,48,MCL-JCV,0.5,oracle,39.12455439567566,0.15221963699927638,0.15652695629533042,40
videoSRC24_1920x1080_24.yuv,48,MCL-JCV,0.5,oracle,39.12455439567566,0.3948944958675157,0.38614356458923993,40
videoSRC25_1920x1080_24.yuv,48,MCL-JCV,0.5,oracle,39.12455439567566,0.3296385527522466,0.3006665240743871,40
videoSRC26_1920x1080_30.yuv,48,MCL-JCV,0.5,oracle,39.12455439567566,0.331184076028582,0.29336545345116605,40
videoSRC27_1920x1080_30.yuv,48,MCL-JCV,0.5,oracle,39.12455439567566,0.09148112216841649,0.10653263897238219,40
videoSRC28_1920x1080_30.yuv,48,MCL-JCV,0.5,oracle,39.12455439567566,0.12335416329637994,0.12060253671484844,40
videoSRC29_1920x1080_24.yuv,48,MCL-JCV,0.5,oracle,39.12455439567566,0.1290049002369896,0.11841690896419266,40
videoSRC30_1920x1080_30.yuv,48,MCL-JCV,0.5,oracle,39.12455439567566,0.13748941973939752,0.11572329693247951,40
BQTerrace_1920x1080_60.yuv,48,HEVC_B,0.5,oracle,39.12455439567566,0.23281457450407092,0.2759963676230228,40
BasketballDrive_1920x1080_50.yuv,48,HEVC_B,0.5,oracle,39.12455439567566,0.1661645977700265,0.1925579420662018,40
Cactus_1920x1080_50.yuv,48,HEVC_B,0.5,oracle,39.12455439567566,0.1829783407080304,0.1851008018706395,40
Kimono1_1920x1080_24.yuv,48,HEVC_B,0.5,oracle,39.12455439567566,0.23387481086409992,0.15104526543434815,40
ParkScene_1920x1080_24.yuv,48,HEVC_B,0.5,oracle,39.12455439567566,0.3006717176393381,0.23561506686748857,40
FourPeople_1280x720_60.yuv,48,HEVC_E,0.5,oracle,39.12455439567566,0.2955874345709728,0.29452947927380535,15
Johnny_1280x720_60.yuv,48,HEVC_E,0.5,oracle,39.12455439567566,0.25240454956231007,0.26255689343674504,15
KristenAndSara_1280x720_60.yuv,48,HEVC_E,0.5,oracle,39.12455439567566,0.26892004374126116,0.26663061786551623,15
BQMall_832x480_60.yuv,48,HEVC_C,0.5,oracle,39.12455439567566,0.25847042681907856,0.3038633468433929,8
BasketballDrill_832x480_50.yuv,48,HEVC_C,0.5,oracle,39.12455439567566,0.34058953820903026,0.48099540269132746,8
PartyScene_832x480_50.yuv,48,HEVC_C,0.5,oracle,39.12455439567566,0.3557078089158172,0.4211431728774997,8
RaceHorses_832x480_30.yuv,48,HEVC_C,0.5,oracle,39.12455439567566,0.24111413545163535,0.2581549851042766,8
BasketballPass_416x240_50.yuv,48,HEVC_D,0.5,oracle,39.12455439567566,0.30737647431950366,0.46393776029868405,2
BlowingBubbles_416x240_50.yuv,48,HEVC_D,0.5,oracle,39.12455439567566,0.2886665337861435,0.30920617626248514,2
BQSquare_416x240_60.yuv,48,HEVC_D,0.5,oracle,39.12455439567566,0.42794386351228386,0.504135155130065,2
RaceHorses_416x240_30.yuv,48,HEVC_D,0.5,oracle,39.12455439567566,0.3169914455829681,0.39027674062094775,2
Beauty_1920x1080_120fps_420_8bit_YUV.yuv,63,UVG,0.5,oracle,39.12455439567566,0.04971021864438808,0.034904276989891514,40
Bosphorus_1920x1080_120fps_420_8bit_YUV.yuv,63,UVG,0.5,oracle,39.12455439567566,0.1936817155762719,0.16979620799419592,40
HoneyBee_1920x1080_120fps_420_8bit_YUV.yuv,63,UVG,0.5,oracle,39.12455439567566,0.23864241475053916,0.1635215790351623,40
Jockey_1920x1080_120fps_420_8bit_YUV.yuv,63,UVG,0.5,oracle,39.12455439567566,0.12844800193775738,0.10434662094489511,40
ReadySteadyGo_1920x1080_120fps_420_8bit_YUV.yuv,63,UVG,0.5,oracle,39.12455439567566,0.39609355772855925,0.3637210288601409,40
ShakeNDry_1920x1080_120fps_420_8bit_YUV.yuv,63,UVG,0.5,oracle,39.12455439567566,0.16158396940465664,0.11143523460056315,40
YachtRide_1920x1080_120fps_420_8bit_YUV.yuv,63,UVG,0.5,oracle,39.12455439567566,0.2920222006399413,0.2848891783249812,40
videoSRC01_1920x1080_30.yuv,63,MCL-JCV,0.5,oracle,39.12455439567566,0.048019157666552646,0.038557633246547596,40
videoSRC02_1920x1080_30.yuv,63,MCL-JCV,0.5,oracle,39.12455439567566,0.27662883672164507,0.2252805818860253,40
videoSRC03_1920x1080_30.yuv,63,MCL-JCV,0.5,oracle,39.12455439567566,0.26696285289832467,0.2352276806678688,40
videoSRC04_1920x1080_30.yuv,63,MCL-JCV,0.5,oracle,39.12455439567566,0.3060908489438211,0.3368367220604398,40
videoSRC05_1920x1080_25.yuv,63,MCL-JCV,0.5,oracle,39.12455439567566,0.14158903160323566,0.20424735993737642,40
videoSRC06_1920x1080_25.yuv,63,MCL-JCV,0.5,oracle,39.12455439567566,0.02600667613628087,0.04657304707420451,40
videoSRC07_1920x1080_25.yuv,63,MCL-JCV,0.5,oracle,39.12455439567566,0.14367393879637352,0.10650204515259531,40
videoSRC08_1920x1080_25.yuv,63,MCL-JCV,0.5,oracle,39.12455439567566,0.056620755820442695,0.06294778181375449,40
videoSRC09_1920x1080_25.yuv,63,MCL-JCV,0.5,oracle,39.12455439567566,0.1727538722372386,0.1688537916990711,40
videoSRC10_1920x1080_30.yuv,63,MCL-JCV,0.5,oracle,38.37922126054764,0.43564091444758823,0.4381759448378446,40
videoSRC11_1920x1080_30.yuv,63,MCL-JCV,0.5,oracle,39.12455439567566,0.15975969287341063,0.1701195647789291,40
videoSRC12_1920x1080_30.yuv,63,MCL-JCV,0.5,oracle,39.12455439567566,0.4580193479149074,0.42410123438386904,40
videoSRC13_1920x1080_30.yuv,63,MCL-JCV,0.5,oracle,39.12455439567566,0.23062795918823298,0.24139813991477865,40
videoSRC14_1920x1080_30.yuv,63,MCL-JCV,0.5,oracle,39.12455439567566,0.21014121243850686,0.18617228181001622,40
videoSRC15_1920x1080_30.yuv,63,MCL-JCV,0.5,oracle,39.12455439567566,0.17307669926142663,0.16122214526673417,40
videoSRC16_1920x1080_30.yuv,63,MCL-JCV,0.5,oracle,39.12455439567566,0.09882546158323849,0.08549105025943504,40
videoSRC17_1920x1080_24.yuv,63,MCL-JCV,0.5,oracle,39.12455439567566,0.257408438987694,0.17041830161608118,40
videoSRC18_1920x1080_25.yuv,63,MCL-JCV,0.5,oracle,39.12455439567566,0.2610909931994666,0.34751836166500283,40
videoSRC19_1920x1080_30.yuv,63,MCL-JCV,0.5,oracle,39.12455439567566,0.2962814081489656,0.2538718568314664,40
videoSRC20_1920x1080_25.yuv,63,MCL-JCV,0.5,oracle,39.12455439567566,0.3025145501257297,0.33889738821902426,40
videoSRC21_1920x1080_24.yuv,63,MCL-JCV,0.5,oracle,39.12455439567566,0.0874845960927644,0.0774756780036796,40
videoSRC22_1920x1080_24.yuv,63,MCL-JCV,0.5,oracle,39.12455439567566,0.13665402138055113,0.1383946122104689,40
videoSRC23_1920x1080_24.yuv,63,MCL-JCV,0.5,oracle,39.12455439567566,0.15232257381789444,0.14508744274918683,40
videoSRC24_1920x1080_24.yuv,63,MCL-JCV,0.5,oracle,39.12455439567566,0.3909621498107244,0.4579043120441568,40
videoSRC25_1920x1080_24.yuv,63,MCL-JCV,0.5,oracle,39.12455439567566,0.3825538434000162,0.3724598608331533,40
videoSRC26_1920x1080_30.yuv,63,MCL-JCV,0.5,oracle,39.12455439567566,0.33259141640525625,0.2996537578175307,40
videoSRC27_1920x1080_30.yuv,63,MCL-JCV,0.5,oracle,39.12455439567566,0.1062786986069008,0.1142023593718875,40
videoSRC28_1920x1080_30.yuv,63,MCL-JCV,0.5,oracle,39.12455439567566,0.14705990756138135,0.12628606302261858,40
videoSRC29_1920x1080_24.yuv,63,MCL-JCV,0.5,oracle,39.12455439567566,0.08633133498300372,0.07821291375751116,40
videoSRC30_1920x1080_30.yuv,63,MCL-JCV,0.5,oracle,39.12455439567566,0.15232840290279578,0.12952191839406169,40
BQTerrace_1920x1080_60.yuv,63,HEVC_B,0.5,oracle,39.12455439567566,0.2829982222655059,0.31837082147212925,40
BasketballDrive_1920x1080_50.yuv,63,HEVC_B,0.5,oracle,39.12455439567566,0.12884411298809872,0.17434423565356383,40
Cactus_1920x1080_50.yuv,63,HEVC_B,0.5,oracle,39.12455439567566,0.17364444337265225,0.17873677760102424,40
Kimono1_1920x1080_24.yuv,63,HEVC_B,0.5,oracle,39.12455439567566,0.2579258113260952,0.17024733252186763,40
ParkScene_1920x1080_24.yuv,63,HEVC_B,0.5,oracle,39.12455439567566,0.42708538467073515,0.31175643851094037,40
FourPeople_1280x720_60.yuv,63,HEVC_E,0.5,oracle,39.12455439567566,0.2744388563378302,0.2724078121554854,15
Johnny_1280x720_60.yuv,63,HEVC_E,0.5,oracle,39.12455439567566,0.19613276285741593,0.2141053627872438,15
KristenAndSara_1280x720_60.yuv,63,HEVC_E,0.5,oracle,39.12455439567566,0.2560971427278378,0.2573668414581576,15
BQMall_832x480_60.yuv,63,HEVC_C,0.5,oracle,39.12455439567566,0.31564152378012467,0.3943102108277827,8
BasketballDrill_832x480_50.yuv,63,HEVC_C,0.5,oracle,39.12455439567566,0.3464227982460655,0.6038573530805422,8
PartyScene_832x480_50.yuv,63,HEVC_C,0.5,oracle,37.261221557855606,0.4183878691193764,0.5541150883342212,8
RaceHorses_832x480_30.yuv,63,HEVC_C,0.5,oracle,39.12455439567566,0.30989247363761524,0.35591428341786013,8
BasketballPass_416x240_50.yuv,63,HEVC_D,0.5,oracle,39.12455439567566,0.31782009140425393,0.6145037823558539,2
BlowingBubbles_416x240_50.yuv,63,HEVC_D,0.5,oracle,39.12455439567566,0.40278826760851005,0.4456737293806725,2
BQSquare_416x240_60.yuv,63,HEVC_D,0.5,oracle,24.217891693115234,0.34335936656379784,0.40011740603285517,2
RaceHorses_416x240_30.yuv,63,HEVC_D,0.5,oracle,39.12455439567566,0.4126391809650037,0.5742753122155051,2
Beauty_1920x1080_120fps_420_8bit_YUV.yuv,0,UVG,0.5,router,39.12455439567566,0.08091148795395814,0.08229179922256691,40
Bosphorus_1920x1080_120fps_420_8bit_YUV.yuv,0,UVG,0.5,router,39.12455439567566,0.109843875346532,0.12340274289241648,40
HoneyBee_1920x1080_120fps_420_8bit_YUV.yuv,0,UVG,0.5,router,39.12455439567566,0.2467979769977802,0.1847348247435292,40
Jockey_1920x1080_120fps_420_8bit_YUV.yuv,0,UVG,0.5,router,39.12455439567566,0.22012322812951035,0.1853520572942955,40
ReadySteadyGo_1920x1080_120fps_420_8bit_YUV.yuv,0,UVG,0.5,router,39.12455439567566,0.14633471004031023,0.15624953325017543,40
ShakeNDry_1920x1080_120fps_420_8bit_YUV.yuv,0,UVG,0.5,router,39.12455439567566,0.07391442561049448,0.08615749684847174,40
YachtRide_1920x1080_120fps_420_8bit_YUV.yuv,0,UVG,0.5,router,39.12455439567566,0.10892885197622486,0.1282077706456306,40
videoSRC01_1920x1080_30.yuv,0,MCL-JCV,0.5,router,39.12455439567566,0.11191786889207839,0.11281084095170257,40
videoSRC02_1920x1080_30.yuv,0,MCL-JCV,0.5,router,39.12455439567566,0.17464680060032226,0.1768422608582796,40
videoSRC03_1920x1080_30.yuv,0,MCL-JCV,0.5,router,39.12455439567566,0.14850820272262996,0.16724756669837149,40
videoSRC04_1920x1080_30.yuv,0,MCL-JCV,0.5,router,39.12455439567566,0.022088933433354694,0.04003983538861888,40
videoSRC05_1920x1080_25.yuv,0,MCL-JCV,0.5,router,39.12455439567566,0.19813605448558747,0.20905489733496552,40
videoSRC06_1920x1080_25.yuv,0,MCL-JCV,0.5,router,39.12455439567566,0.03224088419020011,0.024900584410012527,40
videoSRC07_1920x1080_25.yuv,0,MCL-JCV,0.5,router,39.12455439567566,0.11573114557075326,0.10866693196463473,40
videoSRC08_1920x1080_25.yuv,0,MCL-JCV,0.5,router,39.12455439567566,0.08800453043344487,0.08874859056497542,40
videoSRC09_1920x1080_25.yuv,0,MCL-JCV,0.5,router,39.12455439567566,0.10283143571382153,0.12001661422514331,40
videoSRC10_1920x1080_30.yuv,0,MCL-JCV,0.5,router,39.12455439567566,0.3120053773707849,0.3567389155044509,40
videoSRC11_1920x1080_30.yuv,0,MCL-JCV,0.5,router,39.12455439567566,0.08271465359720417,0.10288921740490053,40
videoSRC12_1920x1080_30.yuv,0,MCL-JCV,0.5,router,39.12455439567566,0.1037568024915999,0.11577506073790644,40
videoSRC13_1920x1080_30.yuv,0,MCL-JCV,0.5,router,39.12455439567566,0.055605978859048916,0.10980931904400393,40
videoSRC14_1920x1080_30.yuv,0,MCL-JCV,0.5,router,39.12455439567566,0.11677195797407153,0.11992287933583157,40
videoSRC15_1920x1080_30.yuv,0,MCL-JCV,0.5,router,39.12455439567566,0.08777389709425759,0.11144647263915886,40
videoSRC16_1920x1080_30.yuv,0,MCL-JCV,0.5,router,39.12455439567566,0.16502806827968244,0.14172133525790542,40
videoSRC17_1920x1080_24.yuv,0,MCL-JCV,0.5,router,39.12455439567566,0.06855976918494282,0.06612191226552255,40
videoSRC18_1920x1080_25.yuv,0,MCL-JCV,0.5,router,39.12455439567566,0.11724686045861205,0.12298658455799938,40
videoSRC19_1920x1080_30.yuv,0,MCL-JCV,0.5,router,39.12455439567566,0.0745683624426924,0.0746782533749979,40
videoSRC20_1920x1080_25.yuv,0,MCL-JCV,0.5,router,39.12455439567566,0.18260786219683853,0.17527663837079643,40
videoSRC21_1920x1080_24.yuv,0,MCL-JCV,0.5,router,39.12455439567566,0.02207029871673177,0.0585511196388282,40
videoSRC22_1920x1080_24.yuv,0,MCL-JCV,0.5,router,39.12455439567566,0.09952882662912543,0.10540536077579787,40
videoSRC23_1920x1080_24.yuv,0,MCL-JCV,0.5,router,39.12455439567566,0.0968228220381803,0.11403509249188204,40
videoSRC24_1920x1080_24.yuv,0,MCL-JCV,0.5,router,39.12455439567566,0.28511929314032025,0.25555484173646903,40
videoSRC25_1920x1080_24.yuv,0,MCL-JCV,0.5,router,39.12455439567566,0.1512317619770954,0.14407022162144756,40
videoSRC26_1920x1080_30.yuv,0,MCL-JCV,0.5,router,39.12455439567566,0.1311375174981168,0.13059835291463884,40
videoSRC27_1920x1080_30.yuv,0,MCL-JCV,0.5,router,39.12455439567566,0.12304989238188797,0.14466394978160935,40
videoSRC28_1920x1080_30.yuv,0,MCL-JCV,0.5,router,39.12455439567566,0.08446472309023867,0.12758942859357347,40
videoSRC29_1920x1080_24.yuv,0,MCL-JCV,0.5,router,39.12455439567566,0.026554528748609415,0.030472528798817677,40
videoSRC30_1920x1080_30.yuv,0,MCL-JCV,0.5,router,39.12455439567566,0.13188763853599522,0.11641022695994252,40
BQTerrace_1920x1080_60.yuv,0,HEVC_B,0.5,router,39.12455439567566,0.10258983867521763,0.11971255977277195,40
BasketballDrive_1920x1080_50.yuv,0,HEVC_B,0.5,router,39.12455439567566,0.20339636241250125,0.21084046614144114,40
Cactus_1920x1080_50.yuv,0,HEVC_B,0.5,router,39.12455439567566,0.1249748055096448,0.12955231067528672,40
Kimono1_1920x1080_24.yuv,0,HEVC_B,0.5,router,39.12455439567566,0.060235008562486994,0.05936236147662299,40
ParkScene_1920x1080_24.yuv,0,HEVC_B,0.5,router,39.12455439567566,0.045551741504323714,0.048133639677402584,40
FourPeople_1280x720_60.yuv,0,HEVC_E,0.5,router,39.12455439567566,0.12948886949966706,0.16060766120427772,15
Johnny_1280x720_60.yuv,0,HEVC_E,0.5,router,39.12455439567566,0.18192846977077,0.21129207136709738,15
KristenAndSara_1280x720_60.yuv,0,HEVC_E,0.5,router,39.12455439567566,0.17138010908195545,0.2014610847060183,15
BQMall_832x480_60.yuv,0,HEVC_C,0.5,router,39.12455439567566,0.11356606947980527,0.14182263489756153,8
BasketballDrill_832x480_50.yuv,0,HEVC_C,0.5,router,39.12455439567566,0.25610224398085657,0.2545223765592688,8
PartyScene_832x480_50.yuv,0,HEVC_C,0.5,router,39.12455439567566,0.053026271524124965,0.06948338609807791,8
RaceHorses_832x480_30.yuv,0,HEVC_C,0.5,router,39.12455439567566,0.1446766982695335,0.16221749313272937,8
BasketballPass_416x240_50.yuv,0,HEVC_D,0.5,router,39.12455439567566,0.09266809287871032,0.09672854304720602,2
BlowingBubbles_416x240_50.yuv,0,HEVC_D,0.5,router,39.12455439567566,0.07805770360087562,0.08556953699413583,2
BQSquare_416x240_60.yuv,0,HEVC_D,0.5,router,39.12455439567566,0.08217431314399251,0.10199766528313603,2
RaceHorses_416x240_30.yuv,0,HEVC_D,0.5,router,39.12455439567566,0.1764226216711234,0.17634835808481952,2
Beauty_1920x1080_120fps_420_8bit_YUV.yuv,16,UVG,0.5,router,39.12455439567566,0.04401150336257254,0.04814296022141917,40
Bosphorus_1920x1080_120fps_420_8bit_YUV.yuv,16,UVG,0.5,router,39.12455439567566,0.12934723913555551,0.14363374414060814,40
HoneyBee_1920x1080_120fps_420_8bit_YUV.yuv,16,UVG,0.5,router,39.12455439567566,0.2863546105265803,0.19534028211970167,40
Jockey_1920x1080_120fps_420_8bit_YUV.yuv,16,UVG,0.5,router,39.12455439567566,0.19001626879784186,0.16004635460854644,40
ReadySteadyGo_1920x1080_120fps_420_8bit_YUV.yuv,16,UVG,0.5,router,39.12455439567566,0.22020336827618409,0.22790356660561883,40
ShakeNDry_1920x1080_120fps_420_8bit_YUV.yuv,16,UVG,0.5,router,39.12455439567566,0.05927740339012894,0.06188958735465633,40
YachtRide_1920x1080_120fps_420_8bit_YUV.yuv,16,UVG,0.5,router,39.12455439567566,0.16388639393278842,0.1899282540294891,40
videoSRC01_1920x1080_30.yuv,16,MCL-JCV,0.5,router,39.12455439567566,0.0955428316105992,0.0967970859865801,40
videoSRC02_1920x1080_30.yuv,16,MCL-JCV,0.5,router,39.12455439567566,0.21298103013877812,0.20552660936451161,40
videoSRC03_1920x1080_30.yuv,16,MCL-JCV,0.5,router,39.12455439567566,0.18219653146021758,0.1902374466877106,40
videoSRC04_1920x1080_30.yuv,16,MCL-JCV,0.5,router,39.12455439567566,0.05703442659334555,0.07394946548483006,40
videoSRC05_1920x1080_25.yuv,16,MCL-JCV,0.5,router,39.12455439567566,0.207493299906854,0.2291775689162563,40
videoSRC06_1920x1080_25.yuv,16,MCL-JCV,0.5,router,39.12455439567566,0.04308834139587414,0.033973665926467334,40
videoSRC07_1920x1080_25.yuv,16,MCL-JCV,0.5,router,39.12455439567566,0.1408576793643172,0.11538346439240144,40
videoSRC08_1920x1080_25.yuv,16,MCL-JCV,0.5,router,39.12455439567566,0.07643486500737173,0.08059076617725935,40
videoSRC09_1920x1080_25.yuv,16,MCL-JCV,0.5,router,39.12455439567566,0.14580464323448347,0.15831739406687717,40
videoSRC10_1920x1080_30.yuv,16,MCL-JCV,0.5,router,39.12455439567566,0.387746691065606,0.42273004128870184,40
videoSRC11_1920x1080_30.yuv,16,MCL-JCV,0.5,router,39.12455439567566,0.10199983339759855,0.13507317275183794,40
videoSRC12_1920x1080_30.yuv,16,MCL-JCV,0.5,router,39.12455439567566,0.1280185153159816,0.15380380110630654,40
videoSRC13_1920x1080_30.yuv,16,MCL-JCV,0.5,router,39.12455439567566,0.1270353262993276,0.25137172464157587,40
videoSRC14_1920x1080_30.yuv,16,MCL-JCV,0.5,router,39.12455439567566,0.16639291916064172,0.16538506434140032,40
videoSRC15_1920x1080_30.yuv,16,MCL-JCV,0.5,router,39.12455439567566,0.1051254640862436,0.1286184642185475,40
videoSRC16_1920x1080_30.yuv,16,MCL-JCV,0.5,router,39.12455439567566,0.1259793504189927,0.11515760408676101,40
videoSRC17_1920x1080_24.yuv,16,MCL-JCV,0.5,router,39.12455439567566,0.08941793980308829,0.08155845898273384,40
videoSRC18_1920x1080_25.yuv,16,MCL-JCV,0.5,router,39.12455439567566,0.12902197126214227,0.1443929384378535,40
videoSRC19_1920x1080_30.yuv,16,MCL-JCV,0.5,router,39.12455439567566,0.11513920041085185,0.1342407240236696,40
videoSRC20_1920x1080_25.yuv,16,MCL-JCV,0.5,router,39.12455439567566,0.1831096715477446,0.1746254221197603,40
videoSRC21_1920x1080_24.yuv,16,MCL-JCV,0.5,router,39.12455439567566,0.07775652486078233,0.08881954437627826,40
videoSRC22_1920x1080_24.yuv,16,MCL-JCV,0.5,router,39.12455439567566,0.12836554675007456,0.12868551140512352,40
videoSRC23_1920x1080_24.yuv,16,MCL-JCV,0.5,router,39.12455439567566,0.11460867223512847,0.1390036036728972,40
videoSRC24_1920x1080_24.yuv,16,MCL-JCV,0.5,router,39.12455439567566,0.29830940029543973,0.2615105581810937,40
videoSRC25_1920x1080_24.yuv,16,MCL-JCV,0.5,router,39.12455439567566,0.1937479110085506,0.1820447388058355,40
videoSRC26_1920x1080_30.yuv,16,MCL-JCV,0.5,router,39.12455439567566,0.20326945198322705,0.20002942632699217,40
videoSRC27_1920x1080_30.yuv,16,MCL-JCV,0.5,router,39.12455439567566,0.09217700764258546,0.11184854147147405,40
videoSRC28_1920x1080_30.yuv,16,MCL-JCV,0.5,router,39.12455439567566,0.08676719373508426,0.1161054615494308,40
videoSRC29_1920x1080_24.yuv,16,MCL-JCV,0.5,router,39.12455439567566,0.09076679545469563,0.09173275445789386,40
videoSRC30_1920x1080_30.yuv,16,MCL-JCV,0.5,router,39.12455439567566,0.12022135442972011,0.10071298419266839,40
BQTerrace_1920x1080_60.yuv,16,HEVC_B,0.5,router,39.12455439567566,0.1919030925343283,0.22931335770362438,40
BasketballDrive_1920x1080_50.yuv,16,HEVC_B,0.5,router,39.12455439567566,0.20523630359419914,0.22033872393018328,40
Cactus_1920x1080_50.yuv,16,HEVC_B,0.5,router,39.12455439567566,0.15855506638539724,0.16126462321871315,40
Kimono1_1920x1080_24.yuv,16,HEVC_B,0.5,router,39.12455439567566,0.08508390971480453,0.07747948910005675,40
ParkScene_1920x1080_24.yuv,16,HEVC_B,0.5,router,39.12455439567566,0.06295734489718163,0.06563188507305995,40
FourPeople_1280x720_60.yuv,16,HEVC_E,0.5,router,39.12455439567566,0.18137398183366132,0.20845026142023926,15
Johnny_1280x720_60.yuv,16,HEVC_E,0.5,router,39.12455439567566,0.21797124501191936,0.2534139288695627,15
KristenAndSara_1280x720_60.yuv,16,HEVC_E,0.5,router,39.12455439567566,0.24921454472645557,0.27721511808217514,15
BQMall_832x480_60.yuv,16,HEVC_C,0.5,router,39.12455439567566,0.14959926869333195,0.17698812978265366,8
BasketballDrill_832x480_50.yuv,16,HEVC_C,0.5,router,39.12455439567566,0.3322314449796077,0.3629741264368249,8
PartyScene_832x480_50.yuv,16,HEVC_C,0.5,router,39.12455439567566,0.124002394997502,0.14716509889356644,8
RaceHorses_832x480_30.yuv,16,HEVC_C,0.5,router,39.12455439567566,0.13825458390730302,0.16358443234230435,8
BasketballPass_416x240_50.yuv,16,HEVC_D,0.5,router,39.12455439567566,0.22729973809076537,0.242092539401078,2
BlowingBubbles_416x240_50.yuv,16,HEVC_D,0.5,router,39.12455439567566,0.12377383733979908,0.1317386721675149,2
BQSquare_416x240_60.yuv,16,HEVC_D,0.5,router,39.12455439567566,0.2209236799034668,0.23395544850919947,2
RaceHorses_416x240_30.yuv,16,HEVC_D,0.5,router,39.12455439567566,0.19142307954193705,0.20402813614516901,2
Beauty_1920x1080_120fps_420_8bit_YUV.yuv,32,UVG,0.5,router,39.12455439567566,0.0400058145020213,0.04200414018367127,40
Bosphorus_1920x1080_120fps_420_8bit_YUV.yuv,32,UVG,0.5,router,39.12455439567566,0.13516348610502918,0.14286423112356061,40
HoneyBee_1920x1080_120fps_420_8bit_YUV.yuv,32,UVG,0.5,router,39.12455439567566,0.28848447609134914,0.18400403240579521,40
Jockey_1920x1080_120fps_420_8bit_YUV.yuv,32,UVG,0.5,router,39.12455439567566,0.16167873536129979,0.12990745021260608,40
ReadySteadyGo_1920x1080_120fps_420_8bit_YUV.yuv,32,UVG,0.5,router,39.12455439567566,0.2929312219800152,0.28212160063317526,40
ShakeNDry_1920x1080_120fps_420_8bit_YUV.yuv,32,UVG,0.5,router,39.12455439567566,0.08612350455037125,0.07759334076061464,40
YachtRide_1920x1080_120fps_420_8bit_YUV.yuv,32,UVG,0.5,router,39.12455439567566,0.2216996067967359,0.23994481455978445,40
videoSRC01_1920x1080_30.yuv,32,MCL-JCV,0.5,router,39.12455439567566,0.08936327909913269,0.08545393647829513,40
videoSRC02_1920x1080_30.yuv,32,MCL-JCV,0.5,router,39.12455439567566,0.27062223994520507,0.23868103568132426,40
videoSRC03_1920x1080_30.yuv,32,MCL-JCV,0.5,router,39.12455439567566,0.23348142146463685,0.2366318472266542,40
videoSRC04_1920x1080_30.yuv,32,MCL-JCV,0.5,router,39.12455439567566,0.10308853791622864,0.13002850258173737,40
videoSRC05_1920x1080_25.yuv,32,MCL-JCV,0.5,router,39.12455439567566,0.20144285430613737,0.22986822220973124,40
videoSRC06_1920x1080_25.yuv,32,MCL-JCV,0.5,router,39.12455439567566,0.016515877994750083,0.012836248730160094,40
videoSRC07_1920x1080_25.yuv,32,MCL-JCV,0.5,router,39.12455439567566,0.14230302585699628,0.10746570195657767,40
videoSRC08_1920x1080_25.yuv,32,MCL-JCV,0.5,router,39.12455439567566,0.0765152557384441,0.07637612332327848,40
videoSRC09_1920x1080_25.yuv,32,MCL-JCV,0.5,router,39.12455439567566,0.19665447294009833,0.19476846266071846,40
videoSRC10_1920x1080_30.yuv,32,MCL-JCV,0.5,router,38.751887828111656,0.4735338574014235,0.5167513974297719,40
videoSRC11_1920x1080_30.yuv,32,MCL-JCV,0.5,router,39.12455439567566,0.10686073833733585,0.14732839726728741,40
videoSRC12_1920x1080_30.yuv,32,MCL-JCV,0.5,router,39.12455439567566,0.2104777912966398,0.2589689100235617,40
videoSRC13_1920x1080_30.yuv,32,MCL-JCV,0.5,router,39.12455439567566,0.19480540296270069,0.29740072693597597,40
videoSRC14_1920x1080_30.yuv,32,MCL-JCV,0.5,router,39.12455439567566,0.21261962134957457,0.1980777099575306,40
videoSRC15_1920x1080_30.yuv,32,MCL-JCV,0.5,router,39.12455439567566,0.1330629459432975,0.14848467887613026,40
videoSRC16_1920x1080_30.yuv,32,MCL-JCV,0.5,router,39.12455439567566,0.1070870906070711,0.09854007646901408,40
videoSRC17_1920x1080_24.yuv,32,MCL-JCV,0.5,router,39.12455439567566,0.1664708813340449,0.12312580877473067,40
videoSRC18_1920x1080_25.yuv,32,MCL-JCV,0.5,router,39.12455439567566,0.18551331329148357,0.20250707349124752,40
videoSRC19_1920x1080_30.yuv,32,MCL-JCV,0.5,router,39.12455439567566,0.16391265416372847,0.18105069041373412,40
videoSRC20_1920x1080_25.yuv,32,MCL-JCV,0.5,router,39.12455439567566,0.20991830524343325,0.19962139910527554,40
videoSRC21_1920x1080_24.yuv,32,MCL-JCV,0.5,router,39.12455439567566,0.27901659950884483,0.20895100100332797,40
videoSRC22_1920x1080_24.yuv,32,MCL-JCV,0.5,router,39.12455439567566,0.1586212097539606,0.1711023446004276,40
videoSRC23_1920x1080_24.yuv,32,MCL-JCV,0.5,router,39.12455439567566,0.13868138680454475,0.1608616725399017,40
videoSRC24_1920x1080_24.yuv,32,MCL-JCV,0.5,router,39.12455439567566,0.3756987988562154,0.3355726127758061,40
videoSRC25_1920x1080_24.yuv,32,MCL-JCV,0.5,router,39.12455439567566,0.2566768012678515,0.24102766970494827,40
videoSRC26_1920x1080_30.yuv,32,MCL-JCV,0.5,router,39.12455439567566,0.28161272166933615,0.2640711273325351,40
videoSRC27_1920x1080_30.yuv,32,MCL-JCV,0.5,router,39.12455439567566,0.08186335384563105,0.10171609181512764,40
videoSRC28_1920x1080_30.yuv,32,MCL-JCV,0.5,router,39.12455439567566,0.09638940909628782,0.1128571306424675,40
videoSRC29_1920x1080_24.yuv,32,MCL-JCV,0.5,router,39.12455439567566,0.2317686377430428,0.20947367776231118,40
videoSRC30_1920x1080_30.yuv,32,MCL-JCV,0.5,router,39.12455439567566,0.12211880840911424,0.10125783354210682,40
BQTerrace_1920x1080_60.yuv,32,HEVC_B,0.5,router,39.12455439567566,0.22054584271940025,0.26527434614299494,40
BasketballDrive_1920x1080_50.yuv,32,HEVC_B,0.5,router,39.12455439567566,0.19843059155699383,0.21637016678475618,40
Cactus_1920x1080_50.yuv,32,HEVC_B,0.5,router,39.12455439567566,0.18039399074216428,0.1768500985209016,40
Kimono1_1920x1080_24.yuv,32,HEVC_B,0.5,router,39.12455439567566,0.15799089880175113,0.11881731394502992,40
ParkScene_1920x1080_24.yuv,32,HEVC_B,0.5,router,39.12455439567566,0.14481324639368334,0.13312559521870782,40
FourPeople_1280x720_60.yuv,32,HEVC_E,0.5,router,39.12455439567566,0.26285068484446555,0.2806583337450661,15
Johnny_1280x720_60.yuv,32,HEVC_E,0.5,router,39.12455439567566,0.2692377757133663,0.28915416284350215,15
KristenAndSara_1280x720_60.yuv,32,HEVC_E,0.5,router,39.12455439567566,0.2819134090769085,0.2943422962832045,15
BQMall_832x480_60.yuv,32,HEVC_C,0.5,router,39.12455439567566,0.20096663938300247,0.23196049295081878,8
BasketballDrill_832x480_50.yuv,32,HEVC_C,0.5,router,39.12455439567566,0.361164444331468,0.42671647962385606,8
PartyScene_832x480_50.yuv,32,HEVC_C,0.5,router,39.12455439567566,0.22895190486365904,0.2659570440483172,8
RaceHorses_832x480_30.yuv,32,HEVC_C,0.5,router,39.12455439567566,0.18920164279256418,0.20117295616233832,8
BasketballPass_416x240_50.yuv,32,HEVC_D,0.5,router,39.12455439567566,0.2456581180459065,0.33994028566949197,2
BlowingBubbles_416x240_50.yuv,32,HEVC_D,0.5,router,39.12455439567566,0.18861161483760858,0.20305938205829221,2
BQSquare_416x240_60.yuv,32,HEVC_D,0.5,router,39.12455439567566,0.33993302445728457,0.3726074431136439,2
RaceHorses_416x240_30.yuv,32,HEVC_D,0.5,router,39.12455439567566,0.23887282870713278,0.28203463787313154,2
Beauty_1920x1080_120fps_420_8bit_YUV.yuv,48,UVG,0.5,router,39.12455439567566,0.03478144700684083,0.02987801027607162,40
Bosphorus_1920x1080_120fps_420_8bit_YUV.yuv,48,UVG,0.5,router,39.12455439567566,0.16937228822209072,0.1622045640957097,40
HoneyBee_1920x1080_120fps_420_8bit_YUV.yuv,48,UVG,0.5,router,39.12455439567566,0.26878087423618124,0.17198243697708904,40
Jockey_1920x1080_120fps_420_8bit_YUV.yuv,48,UVG,0.5,router,39.12455439567566,0.15451252038099772,0.12179747617497583,40
ReadySteadyGo_1920x1080_120fps_420_8bit_YUV.yuv,48,UVG,0.5,router,39.12455439567566,0.3801753047311817,0.3320176338299916,40
ShakeNDry_1920x1080_120fps_420_8bit_YUV.yuv,48,UVG,0.5,router,39.12455439567566,0.12184663492381868,0.09759264211673013,40
YachtRide_1920x1080_120fps_420_8bit_YUV.yuv,48,UVG,0.5,router,39.12455439567566,0.29075010445024,0.28804824669911966,40
videoSRC01_1920x1080_30.yuv,48,MCL-JCV,0.5,router,39.12455439567566,0.06494298778826539,0.05510294382702341,40
videoSRC02_1920x1080_30.yuv,48,MCL-JCV,0.5,router,39.12455439567566,0.3196645437834379,0.25672752761270345,40
videoSRC03_1920x1080_30.yuv,48,MCL-JCV,0.5,router,39.12455439567566,0.259071027080431,0.23664904826902955,40
videoSRC04_1920x1080_30.yuv,48,MCL-JCV,0.5,router,39.12455439567566,0.16950612105130064,0.20098710953926258,40
videoSRC05_1920x1080_25.yuv,48,MCL-JCV,0.5,router,39.12455439567566,0.17720787391074272,0.21727924324756742,40
videoSRC06_1920x1080_25.yuv,48,MCL-JCV,0.5,router,39.12455439567566,0.008601664437650479,0.00688037243234163,40
videoSRC07_1920x1080_25.yuv,48,MCL-JCV,0.5,router,39.12455439567566,0.1379854929457343,0.10070027789964087,40
videoSRC08_1920x1080_25.yuv,48,MCL-JCV,0.5,router,39.12455439567566,0.06442195265288003,0.06767704727700163,40
videoSRC09_1920x1080_25.yuv,48,MCL-JCV,0.5,router,39.12455439567566,0.21228082707820306,0.20555643711372795,40
videoSRC10_1920x1080_30.yuv,48,MCL-JCV,0.5,router,38.751887828111656,0.46230215771361893,0.4883791965035371,40
videoSRC11_1920x1080_30.yuv,48,MCL-JCV,0.5,router,39.12455439567566,0.11561663190527952,0.14508602443160612,40
videoSRC12_1920x1080_30.yuv,48,MCL-JCV,0.5,router,39.12455439567566,0.3100933664693947,0.3322605113791752,40
videoSRC13_1920x1080_30.yuv,48,MCL-JCV,0.5,router,39.12455439567566,0.2197184797385271,0.2605838860879075,40
videoSRC14_1920x1080_30.yuv,48,MCL-JCV,0.5,router,39.12455439567566,0.22010191962710596,0.19573281544309395,40
videoSRC15_1920x1080_30.yuv,48,MCL-JCV,0.5,router,39.12455439567566,0.14288096133542483,0.1438730086338893,40
videoSRC16_1920x1080_30.yuv,48,MCL-JCV,0.5,router,39.12455439567566,0.1099939631085734,0.09498978551739157,40
videoSRC17_1920x1080_24.yuv,48,MCL-JCV,0.5,router,39.12455439567566,0.22921453955762353,0.14803623834899327,40
videoSRC18_1920x1080_25.yuv,48,MCL-JCV,0.5,router,39.12455439567566,0.22480065347378642,0.26883577829054417,40
videoSRC19_1920x1080_30.yuv,48,MCL-JCV,0.5,router,39.12455439567566,0.23124018022307613,0.2223536577720111,40
videoSRC20_1920x1080_25.yuv,48,MCL-JCV,0.5,router,39.12455439567566,0.25539131047158165,0.2516132244193088,40
videoSRC21_1920x1080_24.yuv,48,MCL-JCV,0.5,router,39.12455439567566,0.17542289549984796,0.1280862594827994,40
videoSRC22_1920x1080_24.yuv,48,MCL-JCV,0.5,router,39.12455439567566,0.15556229301397126,0.16350546207628014,40
videoSRC23_1920x1080_24.yuv,48,MCL-JCV,0.5,router,39.12455439567566,0.15221963699927638,0.15652695629533042,40
videoSRC24_1920x1080_24.yuv,48,MCL-JCV,0.5,router,39.12455439567566,0.3948944958675157,0.38614356458923993,40
videoSRC25_1920x1080_24.yuv,48,MCL-JCV,0.5,router,39.12455439567566,0.3296385527522466,0.3006665240743871,40
videoSRC26_1920x1080_30.yuv,48,MCL-JCV,0.5,router,39.12455439567566,0.331184076028582,0.29336545345116605,40
videoSRC27_1920x1080_30.yuv,48,MCL-JCV,0.5,router,39.12455439567566,0.09148112216841649,0.10653263897238219,40
videoSRC28_1920x1080_30.yuv,48,MCL-JCV,0.5,router,39.12455439567566,0.12335416329637994,0.12060253671484844,40
videoSRC29_1920x1080_24.yuv,48,MCL-JCV,0.5,router,39.12455439567566,0.1290049002369896,0.11841690896419266,40
videoSRC30_1920x1080_30.yuv,48,MCL-JCV,0.5,router,39.12455439567566,0.13748941973939752,0.11572329693247951,40
BQTerrace_1920x1080_60.yuv,48,HEVC_B,0.5,router,39.12455439567566,0.23281457450407092,0.2759963676230228,40
BasketballDrive_1920x1080_50.yuv,48,HEVC_B,0.5,router,39.12455439567566,0.1661645977700265,0.1925579420662018,40
Cactus_1920x1080_50.yuv,48,HEVC_B,0.5,router,39.12455439567566,0.1829783407080304,0.1851008018706395,40
Kimono1_1920x1080_24.yuv,48,HEVC_B,0.5,router,39.12455439567566,0.23387481086409992,0.15104526543434815,40
ParkScene_1920x1080_24.yuv,48,HEVC_B,0.5,router,39.12455439567566,0.3006717176393381,0.23561506686748857,40
FourPeople_1280x720_60.yuv,48,HEVC_E,0.5,router,39.12455439567566,0.2955874345709728,0.29452947927380535,15
Johnny_1280x720_60.yuv,48,HEVC_E,0.5,router,39.12455439567566,0.25240454956231007,0.26255689343674504,15
KristenAndSara_1280x720_60.yuv,48,HEVC_E,0.5,router,39.12455439567566,0.26892004374126116,0.26663061786551623,15
BQMall_832x480_60.yuv,48,HEVC_C,0.5,router,39.12455439567566,0.25847042681907856,0.3038633468433929,8
BasketballDrill_832x480_50.yuv,48,HEVC_C,0.5,router,39.12455439567566,0.34058953820903026,0.48099540269132746,8
PartyScene_832x480_50.yuv,48,HEVC_C,0.5,router,39.12455439567566,0.3557078089158172,0.4211431728774997,8
RaceHorses_832x480_30.yuv,48,HEVC_C,0.5,router,39.12455439567566,0.24111413545163535,0.2581549851042766,8
BasketballPass_416x240_50.yuv,48,HEVC_D,0.5,router,39.12455439567566,0.30737647431950366,0.46393776029868405,2
BlowingBubbles_416x240_50.yuv,48,HEVC_D,0.5,router,39.12455439567566,0.2886665337861435,0.30920617626248514,2
BQSquare_416x240_60.yuv,48,HEVC_D,0.5,router,39.12455439567566,0.42794386351228386,0.504135155130065,2
RaceHorses_416x240_30.yuv,48,HEVC_D,0.5,router,39.12455439567566,0.3169914455829681,0.39027674062094775,2
Beauty_1920x1080_120fps_420_8bit_YUV.yuv,63,UVG,0.5,router,39.12455439567566,0.04971021864438808,0.034904276989891514,40
Bosphorus_1920x1080_120fps_420_8bit_YUV.yuv,63,UVG,0.5,router,39.12455439567566,0.1936817155762719,0.16979620799419592,40
HoneyBee_1920x1080_120fps_420_8bit_YUV.yuv,63,UVG,0.5,router,39.12455439567566,0.23864241475053916,0.1635215790351623,40
Jockey_1920x1080_120fps_420_8bit_YUV.yuv,63,UVG,0.5,router,39.12455439567566,0.12844800193775738,0.10434662094489511,40
ReadySteadyGo_1920x1080_120fps_420_8bit_YUV.yuv,63,UVG,0.5,router,39.12455439567566,0.39609355772855925,0.3637210288601409,40
ShakeNDry_1920x1080_120fps_420_8bit_YUV.yuv,63,UVG,0.5,router,39.12455439567566,0.16158396940465664,0.11143523460056315,40
YachtRide_1920x1080_120fps_420_8bit_YUV.yuv,63,UVG,0.5,router,39.12455439567566,0.2920222006399413,0.2848891783249812,40
videoSRC01_1920x1080_30.yuv,63,MCL-JCV,0.5,router,39.12455439567566,0.048019157666552646,0.038557633246547596,40
videoSRC02_1920x1080_30.yuv,63,MCL-JCV,0.5,router,39.12455439567566,0.27662883672164507,0.2252805818860253,40
videoSRC03_1920x1080_30.yuv,63,MCL-JCV,0.5,router,39.12455439567566,0.26696285289832467,0.2352276806678688,40
videoSRC04_1920x1080_30.yuv,63,MCL-JCV,0.5,router,39.12455439567566,0.3060908489438211,0.3368367220604398,40
videoSRC05_1920x1080_25.yuv,63,MCL-JCV,0.5,router,39.12455439567566,0.14158903160323566,0.20424735993737642,40
videoSRC06_1920x1080_25.yuv,63,MCL-JCV,0.5,router,39.12455439567566,0.02600667613628087,0.04657304707420451,40
videoSRC07_1920x1080_25.yuv,63,MCL-JCV,0.5,router,39.12455439567566,0.14367393879637352,0.10650204515259531,40
videoSRC08_1920x1080_25.yuv,63,MCL-JCV,0.5,router,39.12455439567566,0.056620755820442695,0.06294778181375449,40
videoSRC09_1920x1080_25.yuv,63,MCL-JCV,0.5,router,39.12455439567566,0.1727538722372386,0.1688537916990711,40
videoSRC10_1920x1080_30.yuv,63,MCL-JCV,0.5,router,38.37922126054764,0.43564091444758823,0.4381759448378446,40
videoSRC11_1920x1080_30.yuv,63,MCL-JCV,0.5,router,39.12455439567566,0.15975969287341063,0.1701195647789291,40
videoSRC12_1920x1080_30.yuv,63,MCL-JCV,0.5,router,39.12455439567566,0.4580193479149074,0.42410123438386904,40
videoSRC13_1920x1080_30.yuv,63,MCL-JCV,0.5,router,39.12455439567566,0.23062795918823298,0.24139813991477865,40
videoSRC14_1920x1080_30.yuv,63,MCL-JCV,0.5,router,39.12455439567566,0.21014121243850686,0.18617228181001622,40
videoSRC15_1920x1080_30.yuv,63,MCL-JCV,0.5,router,39.12455439567566,0.17307669926142663,0.16122214526673417,40
videoSRC16_1920x1080_30.yuv,63,MCL-JCV,0.5,router,39.12455439567566,0.09882546158323849,0.08549105025943504,40
videoSRC17_1920x1080_24.yuv,63,MCL-JCV,0.5,router,39.12455439567566,0.257408438987694,0.17041830161608118,40
videoSRC18_1920x1080_25.yuv,63,MCL-JCV,0.5,router,39.12455439567566,0.2610909931994666,0.34751836166500283,40
videoSRC19_1920x1080_30.yuv,63,MCL-JCV,0.5,router,39.12455439567566,0.2962814081489656,0.2538718568314664,40
videoSRC20_1920x1080_25.yuv,63,MCL-JCV,0.5,router,39.12455439567566,0.3025145501257297,0.33889738821902426,40
videoSRC21_1920x1080_24.yuv,63,MCL-JCV,0.5,router,39.12455439567566,0.0874845960927644,0.0774756780036796,40
videoSRC22_1920x1080_24.yuv,63,MCL-JCV,0.5,router,39.12455439567566,0.13665402138055113,0.1383946122104689,40
videoSRC23_1920x1080_24.yuv,63,MCL-JCV,0.5,router,39.12455439567566,0.15232257381789444,0.14508744274918683,40
videoSRC24_1920x1080_24.yuv,63,MCL-JCV,0.5,router,39.12455439567566,0.3909621498107244,0.4579043120441568,40
videoSRC25_1920x1080_24.yuv,63,MCL-JCV,0.5,router,39.12455439567566,0.3825538434000162,0.3724598608331533,40
videoSRC26_1920x1080_30.yuv,63,MCL-JCV,0.5,router,39.12455439567566,0.33259141640525625,0.2996537578175307,40
videoSRC27_1920x1080_30.yuv,63,MCL-JCV,0.5,router,39.12455439567566,0.1062786986069008,0.1142023593718875,40
videoSRC28_1920x1080_30.yuv,63,MCL-JCV,0.5,router,39.12455439567566,0.14705990756138135,0.12628606302261858,40
videoSRC29_1920x1080_24.yuv,63,MCL-JCV,0.5,router,39.12455439567566,0.08633133498300372,0.07821291375751116,40
videoSRC30_1920x1080_30.yuv,63,MCL-JCV,0.5,router,39.12455439567566,0.15232840290279578,0.12952191839406169,40
BQTerrace_1920x1080_60.yuv,63,HEVC_B,0.5,router,39.12455439567566,0.2829982222655059,0.31837082147212925,40
BasketballDrive_1920x1080_50.yuv,63,HEVC_B,0.5,router,39.12455439567566,0.12884411298809872,0.17434423565356383,40
Cactus_1920x1080_50.yuv,63,HEVC_B,0.5,router,39.12455439567566,0.17364444337265225,0.17873677760102424,40
Kimono1_1920x1080_24.yuv,63,HEVC_B,0.5,router,39.12455439567566,0.2579258113260952,0.17024733252186763,40
ParkScene_1920x1080_24.yuv,63,HEVC_B,0.5,router,39.12455439567566,0.42708538467073515,0.31175643851094037,40
FourPeople_1280x720_60.yuv,63,HEVC_E,0.5,router,39.12455439567566,0.2744388563378302,0.2724078121554854,15
Johnny_1280x720_60.yuv,63,HEVC_E,0.5,router,39.12455439567566,0.19613276285741593,0.2141053627872438,15
KristenAndSara_1280x720_60.yuv,63,HEVC_E,0.5,router,39.12455439567566,0.2560971427278378,0.2573668414581576,15
BQMall_832x480_60.yuv,63,HEVC_C,0.5,router,39.12455439567566,0.31564152378012467,0.3943102108277827,8
BasketballDrill_832x480_50.yuv,63,HEVC_C,0.5,router,39.12455439567566,0.3464227982460655,0.6038573530805422,8
PartyScene_832x480_50.yuv,63,HEVC_C,0.5,router,37.261221557855606,0.4188372592204226,0.5502689967903933,8
RaceHorses_832x480_30.yuv,63,HEVC_C,0.5,router,39.12455439567566,0.30989247363761524,0.35591428341786013,8
BasketballPass_416x240_50.yuv,63,HEVC_D,0.5,router,39.12455439567566,0.31782009140425393,0.6145037823558539,2
BlowingBubbles_416x240_50.yuv,63,HEVC_D,0.5,router,39.12455439567566,0.40278826760851005,0.4456737293806725,2
BQSquare_416x240_60.yuv,63,HEVC_D,0.5,router,24.217891693115234,0.34335936656379784,0.40011740603285517,2
RaceHorses_416x240_30.yuv,63,HEVC_D,0.5,router,39.12455439567566,0.4126391809650037,0.5742753122155051,2
Beauty_1920x1080_120fps_420_8bit_YUV.yuv,0,UVG,0.5,dither,39.12455439567566,0.08091148795395814,0.08229179922256691,40
Bosphorus_1920x1080_120fps_420_8bit_YUV.yuv,0,UVG,0.5,dither,39.12455439567566,0.109843875346532,0.12340274289241648,40
HoneyBee_1920x1080_120fps_420_8bit_YUV.yuv,0,UVG,0.5,dither,39.12455439567566,0.2467979769977802,0.1847348247435292,40
Jockey_1920x1080_120fps_420_8bit_YUV.yuv,0,UVG,0.5,dither,39.12455439567566,0.22012322812951035,0.1853520572942955,40
ReadySteadyGo_1920x1080_120fps_420_8bit_YUV.yuv,0,UVG,0.5,dither,39.12455439567566,0.14633471004031023,0.15624953325017543,40
ShakeNDry_1920x1080_120fps_420_8bit_YUV.yuv,0,UVG,0.5,dither,39.12455439567566,0.07391442561049448,0.08615749684847174,40
YachtRide_1920x1080_120fps_420_8bit_YUV.yuv,0,UVG,0.5,dither,39.12455439567566,0.10892885197622486,0.1282077706456306,40
videoSRC01_1920x1080_30.yuv,0,MCL-JCV,0.5,dither,39.12455439567566,0.11191786889207839,0.11281084095170257,40
videoSRC02_1920x1080_30.yuv,0,MCL-JCV,0.5,dither,39.12455439567566,0.17464680060032226,0.1768422608582796,40
videoSRC03_1920x1080_30.yuv,0,MCL-JCV,0.5,dither,39.12455439567566,0.14850820272262996,0.16724756669837149,40
videoSRC04_1920x1080_30.yuv,0,MCL-JCV,0.5,dither,39.12455439567566,0.022088933433354694,0.04003983538861888,40
videoSRC05_1920x1080_25.yuv,0,MCL-JCV,0.5,dither,39.12455439567566,0.19813605448558747,0.20905489733496552,40
videoSRC06_1920x1080_25.yuv,0,MCL-JCV,0.5,dither,39.12455439567566,0.03224088419020011,0.024900584410012527,40
videoSRC07_1920x1080_25.yuv,0,MCL-JCV,0.5,dither,39.12455439567566,0.11573114557075326,0.10866693196463473,40
videoSRC08_1920x1080_25.yuv,0,MCL-JCV,0.5,dither,39.12455439567566,0.08800453043344487,0.08874859056497542,40
videoSRC09_1920x1080_25.yuv,0,MCL-JCV,0.5,dither,39.12455439567566,0.10283143571382153,0.12001661422514331,40
videoSRC10_1920x1080_30.yuv,0,MCL-JCV,0.5,dither,39.12455439567566,0.3120053773707849,0.3567389155044509,40
videoSRC11_1920x1080_30.yuv,0,MCL-JCV,0.5,dither,39.12455439567566,0.08271465359720417,0.10288921740490053,40
videoSRC12_1920x1080_30.yuv,0,MCL-JCV,0.5,dither,39.12455439567566,0.1037568024915999,0.11577506073790644,40
videoSRC13_1920x1080_30.yuv,0,MCL-JCV,0.5,dither,39.12455439567566,0.055605978859048916,0.10980931904400393,40
videoSRC14_1920x1080_30.yuv,0,MCL-JCV,0.5,dither,39.12455439567566,0.11677195797407153,0.11992287933583157,40
videoSRC15_1920x1080_30.yuv,0,MCL-JCV,0.5,dither,39.12455439567566,0.08777389709425759,0.11144647263915886,40
videoSRC16_1920x1080_30.yuv,0,MCL-JCV,0.5,dither,39.12455439567566,0.16502806827968244,0.14172133525790542,40
videoSRC17_1920x1080_24.yuv,0,MCL-JCV,0.5,dither,39.12455439567566,0.06855976918494282,0.06612191226552255,40
videoSRC18_1920x1080_25.yuv,0,MCL-JCV,0.5,dither,39.12455439567566,0.11724686045861205,0.12298658455799938,40
videoSRC19_1920x1080_30.yuv,0,MCL-JCV,0.5,dither,39.12455439567566,0.0745683624426924,0.0746782533749979,40
videoSRC20_1920x1080_25.yuv,0,MCL-JCV,0.5,dither,39.12455439567566,0.18260786219683853,0.17527663837079643,40
videoSRC21_1920x1080_24.yuv,0,MCL-JCV,0.5,dither,39.12455439567566,0.02207029871673177,0.0585511196388282,40
videoSRC22_1920x1080_24.yuv,0,MCL-JCV,0.5,dither,39.12455439567566,0.09952882662912543,0.10540536077579787,40
videoSRC23_1920x1080_24.yuv,0,MCL-JCV,0.5,dither,39.12455439567566,0.0968228220381803,0.11403509249188204,40
videoSRC24_1920x1080_24.yuv,0,MCL-JCV,0.5,dither,39.12455439567566,0.28511929314032025,0.25555484173646903,40
videoSRC25_1920x1080_24.yuv,0,MCL-JCV,0.5,dither,39.12455439567566,0.1512317619770954,0.14407022162144756,40
videoSRC26_1920x1080_30.yuv,0,MCL-JCV,0.5,dither,39.12455439567566,0.1311375174981168,0.13059835291463884,40
videoSRC27_1920x1080_30.yuv,0,MCL-JCV,0.5,dither,39.12455439567566,0.12304989238188797,0.14466394978160935,40
videoSRC28_1920x1080_30.yuv,0,MCL-JCV,0.5,dither,39.12455439567566,0.08446472309023867,0.12758942859357347,40
videoSRC29_1920x1080_24.yuv,0,MCL-JCV,0.5,dither,39.12455439567566,0.026554528748609415,0.030472528798817677,40
videoSRC30_1920x1080_30.yuv,0,MCL-JCV,0.5,dither,39.12455439567566,0.13188763853599522,0.11641022695994252,40
BQTerrace_1920x1080_60.yuv,0,HEVC_B,0.5,dither,39.12455439567566,0.10258983867521763,0.11971255977277195,40
BasketballDrive_1920x1080_50.yuv,0,HEVC_B,0.5,dither,39.12455439567566,0.20339636241250125,0.21084046614144114,40
Cactus_1920x1080_50.yuv,0,HEVC_B,0.5,dither,39.12455439567566,0.1249748055096448,0.12955231067528672,40
Kimono1_1920x1080_24.yuv,0,HEVC_B,0.5,dither,39.12455439567566,0.060235008562486994,0.05936236147662299,40
ParkScene_1920x1080_24.yuv,0,HEVC_B,0.5,dither,39.12455439567566,0.045551741504323714,0.048133639677402584,40
FourPeople_1280x720_60.yuv,0,HEVC_E,0.5,dither,39.12455439567566,0.12948886949966706,0.16060766120427772,15
Johnny_1280x720_60.yuv,0,HEVC_E,0.5,dither,39.12455439567566,0.18192846977077,0.21129207136709738,15
KristenAndSara_1280x720_60.yuv,0,HEVC_E,0.5,dither,39.12455439567566,0.17138010908195545,0.2014610847060183,15
BQMall_832x480_60.yuv,0,HEVC_C,0.5,dither,39.12455439567566,0.11356606947980527,0.14182263489756153,8
BasketballDrill_832x480_50.yuv,0,HEVC_C,0.5,dither,39.12455439567566,0.25610224398085657,0.2545223765592688,8
PartyScene_832x480_50.yuv,0,HEVC_C,0.5,dither,39.12455439567566,0.053026271524124965,0.06948338609807791,8
RaceHorses_832x480_30.yuv,0,HEVC_C,0.5,dither,39.12455439567566,0.1446766982695335,0.16221749313272937,8
BasketballPass_416x240_50.yuv,0,HEVC_D,0.5,dither,39.12455439567566,0.09266809287871032,0.09672854304720602,2
BlowingBubbles_416x240_50.yuv,0,HEVC_D,0.5,dither,39.12455439567566,0.07805770360087562,0.08556953699413583,2
BQSquare_416x240_60.yuv,0,HEVC_D,0.5,dither,39.12455439567566,0.08217431314399251,0.10199766528313603,2
RaceHorses_416x240_30.yuv,0,HEVC_D,0.5,dither,39.12455439567566,0.1764226216711234,0.17634835808481952,2
Beauty_1920x1080_120fps_420_8bit_YUV.yuv,16,UVG,0.5,dither,39.12455439567566,0.04401150336257254,0.04814296022141917,40
Bosphorus_1920x1080_120fps_420_8bit_YUV.yuv,16,UVG,0.5,dither,39.12455439567566,0.12934723913555551,0.14363374414060814,40
HoneyBee_1920x1080_120fps_420_8bit_YUV.yuv,16,UVG,0.5,dither,39.12455439567566,0.2863546105265803,0.19534028211970167,40
Jockey_1920x1080_120fps_420_8bit_YUV.yuv,16,UVG,0.5,dither,39.12455439567566,0.19001626879784186,0.16004635460854644,40
ReadySteadyGo_1920x1080_120fps_420_8bit_YUV.yuv,16,UVG,0.5,dither,39.12455439567566,0.22020336827618409,0.22790356660561883,40
ShakeNDry_1920x1080_120fps_420_8bit_YUV.yuv,16,UVG,0.5,dither,39.12455439567566,0.05927740339012894,0.06188958735465633,40
YachtRide_1920x1080_120fps_420_8bit_YUV.yuv,16,UVG,0.5,dither,39.12455439567566,0.16388639393278842,0.1899282540294891,40
videoSRC01_1920x1080_30.yuv,16,MCL-JCV,0.5,dither,39.12455439567566,0.0955428316105992,0.0967970859865801,40
videoSRC02_1920x1080_30.yuv,16,MCL-JCV,0.5,dither,39.12455439567566,0.21298103013877812,0.20552660936451161,40
videoSRC03_1920x1080_30.yuv,16,MCL-JCV,0.5,dither,39.12455439567566,0.18219653146021758,0.1902374466877106,40
videoSRC04_1920x1080_30.yuv,16,MCL-JCV,0.5,dither,39.12455439567566,0.05703442659334555,0.07394946548483006,40
videoSRC05_1920x1080_25.yuv,16,MCL-JCV,0.5,dither,39.12455439567566,0.207493299906854,0.2291775689162563,40
videoSRC06_1920x1080_25.yuv,16,MCL-JCV,0.5,dither,39.12455439567566,0.04308834139587414,0.033973665926467334,40
videoSRC07_1920x1080_25.yuv,16,MCL-JCV,0.5,dither,39.12455439567566,0.1408576793643172,0.11538346439240144,40
videoSRC08_1920x1080_25.yuv,16,MCL-JCV,0.5,dither,39.12455439567566,0.07643486500737173,0.08059076617725935,40
videoSRC09_1920x1080_25.yuv,16,MCL-JCV,0.5,dither,39.12455439567566,0.14580464323448347,0.15831739406687717,40
videoSRC10_1920x1080_30.yuv,16,MCL-JCV,0.5,dither,39.12455439567566,0.387746691065606,0.42273004128870184,40
videoSRC11_1920x1080_30.yuv,16,MCL-JCV,0.5,dither,39.12455439567566,0.10199983339759855,0.13507317275183794,40
videoSRC12_1920x1080_30.yuv,16,MCL-JCV,0.5,dither,39.12455439567566,0.1280185153159816,0.15380380110630654,40
videoSRC13_1920x1080_30.yuv,16,MCL-JCV,0.5,dither,39.12455439567566,0.1270353262993276,0.25137172464157587,40
videoSRC14_1920x1080_30.yuv,16,MCL-JCV,0.5,dither,39.12455439567566,0.16639291916064172,0.16538506434140032,40
videoSRC15_1920x1080_30.yuv,16,MCL-JCV,0.5,dither,39.12455439567566,0.1051254640862436,0.1286184642185475,40
videoSRC16_1920x1080_30.yuv,16,MCL-JCV,0.5,dither,39.12455439567566,0.1259793504189927,0.11515760408676101,40
videoSRC17_1920x1080_24.yuv,16,MCL-JCV,0.5,dither,39.12455439567566,0.08941793980308829,0.08155845898273384,40
videoSRC18_1920x1080_25.yuv,16,MCL-JCV,0.5,dither,39.12455439567566,0.12902197126214227,0.1443929384378535,40
videoSRC19_1920x1080_30.yuv,16,MCL-JCV,0.5,dither,39.12455439567566,0.11513920041085185,0.1342407240236696,40
videoSRC20_1920x1080_25.yuv,16,MCL-JCV,0.5,dither,39.12455439567566,0.1831096715477446,0.1746254221197603,40
videoSRC21_1920x1080_24.yuv,16,MCL-JCV,0.5,dither,39.12455439567566,0.07775652486078233,0.08881954437627826,40
videoSRC22_1920x1080_24.yuv,16,MCL-JCV,0.5,dither,39.12455439567566,0.12836554675007456,0.12868551140512352,40
videoSRC23_1920x1080_24.yuv,16,MCL-JCV,0.5,dither,39.12455439567566,0.11460867223512847,0.1390036036728972,40
videoSRC24_1920x1080_24.yuv,16,MCL-JCV,0.5,dither,39.12455439567566,0.29830940029543973,0.2615105581810937,40
videoSRC25_1920x1080_24.yuv,16,MCL-JCV,0.5,dither,39.12455439567566,0.1937479110085506,0.1820447388058355,40
videoSRC26_1920x1080_30.yuv,16,MCL-JCV,0.5,dither,39.12455439567566,0.20326945198322705,0.20002942632699217,40
videoSRC27_1920x1080_30.yuv,16,MCL-JCV,0.5,dither,39.12455439567566,0.09217700764258546,0.11184854147147405,40
videoSRC28_1920x1080_30.yuv,16,MCL-JCV,0.5,dither,39.12455439567566,0.08676719373508426,0.1161054615494308,40
videoSRC29_1920x1080_24.yuv,16,MCL-JCV,0.5,dither,39.12455439567566,0.09076679545469563,0.09173275445789386,40
videoSRC30_1920x1080_30.yuv,16,MCL-JCV,0.5,dither,39.12455439567566,0.12022135442972011,0.10071298419266839,40
BQTerrace_1920x1080_60.yuv,16,HEVC_B,0.5,dither,39.12455439567566,0.1919030925343283,0.22931335770362438,40
BasketballDrive_1920x1080_50.yuv,16,HEVC_B,0.5,dither,39.12455439567566,0.20523630359419914,0.22033872393018328,40
Cactus_1920x1080_50.yuv,16,HEVC_B,0.5,dither,39.12455439567566,0.15855506638539724,0.16126462321871315,40
Kimono1_1920x1080_24.yuv,16,HEVC_B,0.5,dither,39.12455439567566,0.08508390971480453,0.07747948910005675,40
ParkScene_1920x1080_24.yuv,16,HEVC_B,0.5,dither,39.12455439567566,0.06295734489718163,0.06563188507305995,40
FourPeople_1280x720_60.yuv,16,HEVC_E,0.5,dither,39.12455439567566,0.18137398183366132,0.20845026142023926,15
Johnny_1280x720_60.yuv,16,HEVC_E,0.5,dither,39.12455439567566,0.21797124501191936,0.2534139288695627,15
KristenAndSara_1280x720_60.yuv,16,HEVC_E,0.5,dither,39.12455439567566,0.24921454472645557,0.27721511808217514,15
BQMall_832x480_60.yuv,16,HEVC_C,0.5,dither,39.12455439567566,0.14959926869333195,0.17698812978265366,8
BasketballDrill_832x480_50.yuv,16,HEVC_C,0.5,dither,39.12455439567566,0.3322314449796077,0.3629741264368249,8
PartyScene_832x480_50.yuv,16,HEVC_C,0.5,dither,39.12455439567566,0.124002394997502,0.14716509889356644,8
RaceHorses_832x480_30.yuv,16,HEVC_C,0.5,dither,39.12455439567566,0.13825458390730302,0.16358443234230435,8
BasketballPass_416x240_50.yuv,16,HEVC_D,0.5,dither,39.12455439567566,0.22729973809076537,0.242092539401078,2
BlowingBubbles_416x240_50.yuv,16,HEVC_D,0.5,dither,39.12455439567566,0.12377383733979908,0.1317386721675149,2
BQSquare_416x240_60.yuv,16,HEVC_D,0.5,dither,39.12455439567566,0.2209236799034668,0.23395544850919947,2
RaceHorses_416x240_30.yuv,16,HEVC_D,0.5,dither,39.12455439567566,0.19142307954193705,0.20402813614516901,2
Beauty_1920x1080_120fps_420_8bit_YUV.yuv,32,UVG,0.5,dither,39.12455439567566,0.0400058145020213,0.04200414018367127,40
Bosphorus_1920x1080_120fps_420_8bit_YUV.yuv,32,UVG,0.5,dither,39.12455439567566,0.13516348610502918,0.14286423112356061,40
HoneyBee_1920x1080_120fps_420_8bit_YUV.yuv,32,UVG,0.5,dither,39.12455439567566,0.28848447609134914,0.18400403240579521,40
Jockey_1920x1080_120fps_420_8bit_YUV.yuv,32,UVG,0.5,dither,39.12455439567566,0.16167873536129979,0.12990745021260608,40
ReadySteadyGo_1920x1080_120fps_420_8bit_YUV.yuv,32,UVG,0.5,dither,39.12455439567566,0.2929312219800152,0.28212160063317526,40
ShakeNDry_1920x1080_120fps_420_8bit_YUV.yuv,32,UVG,0.5,dither,39.12455439567566,0.08612350455037125,0.07759334076061464,40
YachtRide_1920x1080_120fps_420_8bit_YUV.yuv,32,UVG,0.5,dither,39.12455439567566,0.2216996067967359,0.23994481455978445,40
videoSRC01_1920x1080_30.yuv,32,MCL-JCV,0.5,dither,39.12455439567566,0.08936327909913269,0.08545393647829513,40
videoSRC02_1920x1080_30.yuv,32,MCL-JCV,0.5,dither,39.12455439567566,0.27062223994520507,0.23868103568132426,40
videoSRC03_1920x1080_30.yuv,32,MCL-JCV,0.5,dither,39.12455439567566,0.23348142146463685,0.2366318472266542,40
videoSRC04_1920x1080_30.yuv,32,MCL-JCV,0.5,dither,39.12455439567566,0.10308853791622864,0.13002850258173737,40
videoSRC05_1920x1080_25.yuv,32,MCL-JCV,0.5,dither,39.12455439567566,0.20144285430613737,0.22986822220973124,40
videoSRC06_1920x1080_25.yuv,32,MCL-JCV,0.5,dither,39.12455439567566,0.016515877994750083,0.012836248730160094,40
videoSRC07_1920x1080_25.yuv,32,MCL-JCV,0.5,dither,39.12455439567566,0.14230302585699628,0.10746570195657767,40
videoSRC08_1920x1080_25.yuv,32,MCL-JCV,0.5,dither,39.12455439567566,0.0765152557384441,0.07637612332327848,40
videoSRC09_1920x1080_25.yuv,32,MCL-JCV,0.5,dither,39.12455439567566,0.19665447294009833,0.19476846266071846,40
videoSRC10_1920x1080_30.yuv,32,MCL-JCV,0.5,dither,37.261221557855606,0.47379559666543564,0.5155484687490173,40
videoSRC11_1920x1080_30.yuv,32,MCL-JCV,0.5,dither,39.12455439567566,0.10686073833733585,0.14732839726728741,40
videoSRC12_1920x1080_30.yuv,32,MCL-JCV,0.5,dither,39.12455439567566,0.2104777912966398,0.2589689100235617,40
videoSRC13_1920x1080_30.yuv,32,MCL-JCV,0.5,dither,39.12455439567566,0.19480540296270069,0.29740072693597597,40
videoSRC14_1920x1080_30.yuv,32,MCL-JCV,0.5,dither,39.12455439567566,0.21261962134957457,0.1980777099575306,40
videoSRC15_1920x1080_30.yuv,32,MCL-JCV,0.5,dither,39.12455439567566,0.1330629459432975,0.14848467887613026,40
videoSRC16_1920x1080_30.yuv,32,MCL-JCV,0.5,dither,39.12455439567566,0.1070870906070711,0.09854007646901408,40
videoSRC17_1920x1080_24.yuv,32,MCL-JCV,0.5,dither,39.12455439567566,0.1664708813340449,0.12312580877473067,40
videoSRC18_1920x1080_25.yuv,32,MCL-JCV,0.5,dither,39.12455439567566,0.18551331329148357,0.20250707349124752,40
videoSRC19_1920x1080_30.yuv,32,MCL-JCV,0.5,dither,39.12455439567566,0.16391265416372847,0.18105069041373412,40
videoSRC20_1920x1080_25.yuv,32,MCL-JCV,0.5,dither,39.12455439567566,0.20991830524343325,0.19962139910527554,40
videoSRC21_1920x1080_24.yuv,32,MCL-JCV,0.5,dither,39.12455439567566,0.27901659950884483,0.20895100100332797,40
videoSRC22_1920x1080_24.yuv,32,MCL-JCV,0.5,dither,39.12455439567566,0.1586212097539606,0.1711023446004276,40
videoSRC23_1920x1080_24.yuv,32,MCL-JCV,0.5,dither,39.12455439567566,0.13868138680454475,0.1608616725399017,40
videoSRC24_1920x1080_24.yuv,32,MCL-JCV,0.5,dither,39.12455439567566,0.3756987988562154,0.3355726127758061,40
videoSRC25_1920x1080_24.yuv,32,MCL-JCV,0.5,dither,39.12455439567566,0.2566768012678515,0.24102766970494827,40
videoSRC26_1920x1080_30.yuv,32,MCL-JCV,0.5,dither,39.12455439567566,0.28161272166933615,0.2640711273325351,40
videoSRC27_1920x1080_30.yuv,32,MCL-JCV,0.5,dither,39.12455439567566,0.08186335384563105,0.10171609181512764,40
videoSRC28_1920x1080_30.yuv,32,MCL-JCV,0.5,dither,39.12455439567566,0.09638940909628782,0.1128571306424675,40
videoSRC29_1920x1080_24.yuv,32,MCL-JCV,0.5,dither,39.12455439567566,0.2317686377430428,0.20947367776231118,40
videoSRC30_1920x1080_30.yuv,32,MCL-JCV,0.5,dither,39.12455439567566,0.12211880840911424,0.10125783354210682,40
BQTerrace_1920x1080_60.yuv,32,HEVC_B,0.5,dither,39.12455439567566,0.22054584271940025,0.26527434614299494,40
BasketballDrive_1920x1080_50.yuv,32,HEVC_B,0.5,dither,39.12455439567566,0.19843059155699383,0.21637016678475618,40
Cactus_1920x1080_50.yuv,32,HEVC_B,0.5,dither,39.12455439567566,0.18039399074216428,0.1768500985209016,40
Kimono1_1920x1080_24.yuv,32,HEVC_B,0.5,dither,39.12455439567566,0.15799089880175113,0.11881731394502992,40
ParkScene_1920x1080_24.yuv,32,HEVC_B,0.5,dither,39.12455439567566,0.14481324639368334,0.13312559521870782,40
FourPeople_1280x720_60.yuv,32,HEVC_E,0.5,dither,39.12455439567566,0.26285068484446555,0.2806583337450661,15
Johnny_1280x720_60.yuv,32,HEVC_E,0.5,dither,39.12455439567566,0.2692377757133663,0.28915416284350215,15
KristenAndSara_1280x720_60.yuv,32,HEVC_E,0.5,dither,39.12455439567566,0.2819134090769085,0.2943422962832045,15
BQMall_832x480_60.yuv,32,HEVC_C,0.5,dither,39.12455439567566,0.20096663938300247,0.23196049295081878,8
BasketballDrill_832x480_50.yuv,32,HEVC_C,0.5,dither,39.12455439567566,0.361164444331468,0.42671647962385606,8
PartyScene_832x480_50.yuv,32,HEVC_C,0.5,dither,39.12455439567566,0.22895190486365904,0.2659570440483172,8
RaceHorses_832x480_30.yuv,32,HEVC_C,0.5,dither,39.12455439567566,0.18920164279256418,0.20117295616233832,8
BasketballPass_416x240_50.yuv,32,HEVC_D,0.5,dither,39.12455439567566,0.2456581180459065,0.33994028566949197,2
BlowingBubbles_416x240_50.yuv,32,HEVC_D,0.5,dither,39.12455439567566,0.18861161483760858,0.20305938205829221,2
BQSquare_416x240_60.yuv,32,HEVC_D,0.5,dither,39.12455439567566,0.33993302445728457,0.3726074431136439,2
RaceHorses_416x240_30.yuv,32,HEVC_D,0.5,dither,39.12455439567566,0.23887282870713278,0.28203463787313154,2
Beauty_1920x1080_120fps_420_8bit_YUV.yuv,48,UVG,0.5,dither,39.12455439567566,0.03478144700684083,0.02987801027607162,40
Bosphorus_1920x1080_120fps_420_8bit_YUV.yuv,48,UVG,0.5,dither,39.12455439567566,0.16937228822209072,0.1622045640957097,40
HoneyBee_1920x1080_120fps_420_8bit_YUV.yuv,48,UVG,0.5,dither,39.12455439567566,0.26878087423618124,0.17198243697708904,40
Jockey_1920x1080_120fps_420_8bit_YUV.yuv,48,UVG,0.5,dither,39.12455439567566,0.15451252038099772,0.12179747617497583,40
ReadySteadyGo_1920x1080_120fps_420_8bit_YUV.yuv,48,UVG,0.5,dither,39.12455439567566,0.3801753047311817,0.3320176338299916,40
ShakeNDry_1920x1080_120fps_420_8bit_YUV.yuv,48,UVG,0.5,dither,39.12455439567566,0.12184663492381868,0.09759264211673013,40
YachtRide_1920x1080_120fps_420_8bit_YUV.yuv,48,UVG,0.5,dither,39.12455439567566,0.29075010445024,0.28804824669911966,40
videoSRC01_1920x1080_30.yuv,48,MCL-JCV,0.5,dither,39.12455439567566,0.06494298778826539,0.05510294382702341,40
videoSRC02_1920x1080_30.yuv,48,MCL-JCV,0.5,dither,39.12455439567566,0.3196645437834379,0.25672752761270345,40
videoSRC03_1920x1080_30.yuv,48,MCL-JCV,0.5,dither,39.12455439567566,0.259071027080431,0.23664904826902955,40
videoSRC04_1920x1080_30.yuv,48,MCL-JCV,0.5,dither,39.12455439567566,0.16950612105130064,0.20098710953926258,40
videoSRC05_1920x1080_25.yuv,48,MCL-JCV,0.5,dither,39.12455439567566,0.17720787391074272,0.21727924324756742,40
videoSRC06_1920x1080_25.yuv,48,MCL-JCV,0.5,dither,39.12455439567566,0.008601664437650479,0.00688037243234163,40
videoSRC07_1920x1080_25.yuv,48,MCL-JCV,0.5,dither,39.12455439567566,0.1379854929457343,0.10070027789964087,40
videoSRC08_1920x1080_25.yuv,48,MCL-JCV,0.5,dither,39.12455439567566,0.06442195265288003,0.06767704727700163,40
videoSRC09_1920x1080_25.yuv,48,MCL-JCV,0.5,dither,39.12455439567566,0.21228082707820306,0.20555643711372795,40
videoSRC10_1920x1080_30.yuv,48,MCL-JCV,0.5,dither,37.261221557855606,0.4671170229382945,0.49293762745956826,40
videoSRC11_1920x1080_30.yuv,48,MCL-JCV,0.5,dither,39.12455439567566,0.11561663190527952,0.14508602443160612,40
videoSRC12_1920x1080_30.yuv,48,MCL-JCV,0.5,dither,39.12455439567566,0.3100933664693947,0.3322605113791752,40
videoSRC13_1920x1080_30.yuv,48,MCL-JCV,0.5,dither,39.12455439567566,0.2197184797385271,0.2605838860879075,40
videoSRC14_1920x1080_30.yuv,48,MCL-JCV,0.5,dither,39.12455439567566,0.22010191962710596,0.19573281544309395,40
videoSRC15_1920x1080_30.yuv,48,MCL-JCV,0.5,dither,39.12455439567566,0.14288096133542483,0.1438730086338893,40
videoSRC16_1920x1080_30.yuv,48,MCL-JCV,0.5,dither,39.12455439567566,0.1099939631085734,0.09498978551739157,40
videoSRC17_1920x1080_24.yuv,48,MCL-JCV,0.5,dither,39.12455439567566,0.22921453955762353,0.14803623834899327,40
videoSRC18_1920x1080_25.yuv,48,MCL-JCV,0.5,dither,39.12455439567566,0.22480065347378642,0.26883577829054417,40
videoSRC19_1920x1080_30.yuv,48,MCL-JCV,0.5,dither,39.12455439567566,0.23124018022307613,0.2223536577720111,40
videoSRC20_1920x1080_25.yuv,48,MCL-JCV,0.5,dither,39.12455439567566,0.25539131047158165,0.2516132244193088,40
videoSRC21_1920x1080_24.yuv,48,MCL-JCV,0.5,dither,39.12455439567566,0.17542289549984796,0.1280862594827994,40
videoSRC22_1920x1080_24.yuv,48,MCL-JCV,0.5,dither,39.12455439567566,0.15556229301397126,0.16350546207628014,40
videoSRC23_1920x1080_24.yuv,48,MCL-JCV,0.5,dither,39.12455439567566,0.15221963699927638,0.15652695629533042,40
videoSRC24_1920x1080_24.yuv,48,MCL-JCV,0.5,dither,39.12455439567566,0.3948944958675157,0.38614356458923993,40
videoSRC25_1920x1080_24.yuv,48,MCL-JCV,0.5,dither,39.12455439567566,0.3296385527522466,0.3006665240743871,40
videoSRC26_1920x1080_30.yuv,48,MCL-JCV,0.5,dither,39.12455439567566,0.331184076028582,0.29336545345116605,40
videoSRC27_1920x1080_30.yuv,48,MCL-JCV,0.5,dither,39.12455439567566,0.09148112216841649,0.10653263897238219,40
videoSRC28_1920x1080_30.yuv,48,MCL-JCV,0.5,dither,39.12455439567566,0.12335416329637994,0.12060253671484844,40
videoSRC29_1920x1080_24.yuv,48,MCL-JCV,0.5,dither,39.12455439567566,0.1290049002369896,0.11841690896419266,40
videoSRC30_1920x1080_30.yuv,48,MCL-JCV,0.5,dither,39.12455439567566,0.13748941973939752,0.11572329693247951,40
BQTerrace_1920x1080_60.yuv,48,HEVC_B,0.5,dither,39.12455439567566,0.23281457450407092,0.2759963676230228,40
BasketballDrive_1920x1080_50.yuv,48,HEVC_B,0.5,dither,39.12455439567566,0.1661645977700265,0.1925579420662018,40
Cactus_1920x1080_50.yuv,48,HEVC_B,0.5,dither,39.12455439567566,0.1829783407080304,0.1851008018706395,40
Kimono1_1920x1080_24.yuv,48,HEVC_B,0.5,dither,39.12455439567566,0.23387481086409992,0.15104526543434815,40
ParkScene_1920x1080_24.yuv,48,HEVC_B,0.5,dither,39.12455439567566,0.3006717176393381,0.23561506686748857,40
FourPeople_1280x720_60.yuv,48,HEVC_E,0.5,dither,39.12455439567566,0.2955874345709728,0.29452947927380535,15
Johnny_1280x720_60.yuv,48,HEVC_E,0.5,dither,39.12455439567566,0.25240454956231007,0.26255689343674504,15
KristenAndSara_1280x720_60.yuv,48,HEVC_E,0.5,dither,39.12455439567566,0.26892004374126116,0.26663061786551623,15
BQMall_832x480_60.yuv,48,HEVC_C,0.5,dither,39.12455439567566,0.25847042681907856,0.3038633468433929,8
BasketballDrill_832x480_50.yuv,48,HEVC_C,0.5,dither,39.12455439567566,0.34058953820903026,0.48099540269132746,8
PartyScene_832x480_50.yuv,48,HEVC_C,0.5,dither,39.12455439567566,0.3557078089158172,0.4211431728774997,8
RaceHorses_832x480_30.yuv,48,HEVC_C,0.5,dither,39.12455439567566,0.24111413545163535,0.2581549851042766,8
BasketballPass_416x240_50.yuv,48,HEVC_D,0.5,dither,39.12455439567566,0.30737647431950366,0.46393776029868405,2
BlowingBubbles_416x240_50.yuv,48,HEVC_D,0.5,dither,39.12455439567566,0.2886665337861435,0.30920617626248514,2
BQSquare_416x240_60.yuv,48,HEVC_D,0.5,dither,39.12455439567566,0.42794386351228386,0.504135155130065,2
RaceHorses_416x240_30.yuv,48,HEVC_D,0.5,dither,39.12455439567566,0.3169914455829681,0.39027674062094775,2
Beauty_1920x1080_120fps_420_8bit_YUV.yuv,63,UVG,0.5,dither,39.12455439567566,0.04971021864438808,0.034904276989891514,40
Bosphorus_1920x1080_120fps_420_8bit_YUV.yuv,63,UVG,0.5,dither,39.12455439567566,0.1936817155762719,0.16979620799419592,40
HoneyBee_1920x1080_120fps_420_8bit_YUV.yuv,63,UVG,0.5,dither,39.12455439567566,0.23864241475053916,0.1635215790351623,40
Jockey_1920x1080_120fps_420_8bit_YUV.yuv,63,UVG,0.5,dither,39.12455439567566,0.12844800193775738,0.10434662094489511,40
ReadySteadyGo_1920x1080_120fps_420_8bit_YUV.yuv,63,UVG,0.5,dither,39.12455439567566,0.39609355772855925,0.3637210288601409,40
ShakeNDry_1920x1080_120fps_420_8bit_YUV.yuv,63,UVG,0.5,dither,39.12455439567566,0.16158396940465664,0.11143523460056315,40
YachtRide_1920x1080_120fps_420_8bit_YUV.yuv,63,UVG,0.5,dither,39.12455439567566,0.2920222006399413,0.2848891783249812,40
videoSRC01_1920x1080_30.yuv,63,MCL-JCV,0.5,dither,39.12455439567566,0.048019157666552646,0.038557633246547596,40
videoSRC02_1920x1080_30.yuv,63,MCL-JCV,0.5,dither,39.12455439567566,0.27662883672164507,0.2252805818860253,40
videoSRC03_1920x1080_30.yuv,63,MCL-JCV,0.5,dither,39.12455439567566,0.26696285289832467,0.2352276806678688,40
videoSRC04_1920x1080_30.yuv,63,MCL-JCV,0.5,dither,39.12455439567566,0.3060908489438211,0.3368367220604398,40
videoSRC05_1920x1080_25.yuv,63,MCL-JCV,0.5,dither,39.12455439567566,0.14158903160323566,0.20424735993737642,40
videoSRC06_1920x1080_25.yuv,63,MCL-JCV,0.5,dither,39.12455439567566,0.02600667613628087,0.04657304707420451,40
videoSRC07_1920x1080_25.yuv,63,MCL-JCV,0.5,dither,39.12455439567566,0.14367393879637352,0.10650204515259531,40
videoSRC08_1920x1080_25.yuv,63,MCL-JCV,0.5,dither,39.12455439567566,0.056620755820442695,0.06294778181375449,40
videoSRC09_1920x1080_25.yuv,63,MCL-JCV,0.5,dither,39.12455439567566,0.1727538722372386,0.1688537916990711,40
videoSRC10_1920x1080_30.yuv,63,MCL-JCV,0.5,dither,36.143221855163574,0.4610225653287472,0.4575566157172801,40
videoSRC11_1920x1080_30.yuv,63,MCL-JCV,0.5,dither,39.12455439567566,0.15975969287341063,0.1701195647789291,40
videoSRC12_1920x1080_30.yuv,63,MCL-JCV,0.5,dither,39.12455439567566,0.4580193479149074,0.42410123438386904,40
videoSRC13_1920x1080_30.yuv,63,MCL-JCV,0.5,dither,39.12455439567566,0.23062795918823298,0.24139813991477865,40
videoSRC14_1920x1080_30.yuv,63,MCL-JCV,0.5,dither,39.12455439567566,0.21014121243850686,0.18617228181001622,40
videoSRC15_1920x1080_30.yuv,63,MCL-JCV,0.5,dither,39.12455439567566,0.17307669926142663,0.16122214526673417,40
videoSRC16_1920x1080_30.yuv,63,MCL-JCV,0.5,dither,39.12455439567566,0.09882546158323849,0.08549105025943504,40
videoSRC17_1920x1080_24.yuv,63,MCL-JCV,0.5,dither,39.12455439567566,0.257408438987694,0.17041830161608118,40
videoSRC18_1920x1080_25.yuv,63,MCL-JCV,0.5,dither,39.12455439567566,0.2610909931994666,0.34751836166500283,40
videoSRC19_1920x1080_30.yuv,63,MCL-JCV,0.5,dither,39.12455439567566,0.2962814081489656,0.2538718568314664,40
videoSRC20_1920x1080_25.yuv,63,MCL-JCV,0.5,dither,39.12455439567566,0.3025145501257297,0.33889738821902426,40
videoSRC21_1920x1080_24.yuv,63,MCL-JCV,0.5,dither,39.12455439567566,0.0874845960927644,0.0774756780036796,40
videoSRC22_1920x1080_24.yuv,63,MCL-JCV,0.5,dither,39.12455439567566,0.13665402138055113,0.1383946122104689,40
videoSRC23_1920x1080_24.yuv,63,MCL-JCV,0.5,dither,39.12455439567566,0.15232257381789444,0.14508744274918683,40
videoSRC24_1920x1080_24.yuv,63,MCL-JCV,0.5,dither,39.12455439567566,0.3909621498107244,0.4579043120441568,40
videoSRC25_1920x1080_24.yuv,63,MCL-JCV,0.5,dither,39.12455439567566,0.3825538434000162,0.3724598608331533,40
videoSRC26_1920x1080_30.yuv,63,MCL-JCV,0.5,dither,39.12455439567566,0.33259141640525625,0.2996537578175307,40
videoSRC27_1920x1080_30.yuv,63,MCL-JCV,0.5,dither,39.12455439567566,0.1062786986069008,0.1142023593718875,40
videoSRC28_1920x1080_30.yuv,63,MCL-JCV,0.5,dither,39.12455439567566,0.14705990756138135,0.12628606302261858,40
videoSRC29_1920x1080_24.yuv,63,MCL-JCV,0.5,dither,39.12455439567566,0.08633133498300372,0.07821291375751116,40
videoSRC30_1920x1080_30.yuv,63,MCL-JCV,0.5,dither,39.12455439567566,0.15232840290279578,0.12952191839406169,40
BQTerrace_1920x1080_60.yuv,63,HEVC_B,0.5,dither,39.12455439567566,0.2829982222655059,0.31837082147212925,40
BasketballDrive_1920x1080_50.yuv,63,HEVC_B,0.5,dither,39.12455439567566,0.12884411298809872,0.17434423565356383,40
Cactus_1920x1080_50.yuv,63,HEVC_B,0.5,dither,39.12455439567566,0.17364444337265225,0.17873677760102424,40
Kimono1_1920x1080_24.yuv,63,HEVC_B,0.5,dither,39.12455439567566,0.2579258113260952,0.17024733252186763,40
ParkScene_1920x1080_24.yuv,63,HEVC_B,0.5,dither,39.12455439567566,0.42708538467073515,0.31175643851094037,40
FourPeople_1280x720_60.yuv,63,HEVC_E,0.5,dither,39.12455439567566,0.2744388563378302,0.2724078121554854,15
Johnny_1280x720_60.yuv,63,HEVC_E,0.5,dither,39.12455439567566,0.19613276285741593,0.2141053627872438,15
KristenAndSara_1280x720_60.yuv,63,HEVC_E,0.5,dither,39.12455439567566,0.2560971427278378,0.2573668414581576,15
BQMall_832x480_60.yuv,63,HEVC_C,0.5,dither,39.12455439567566,0.31564152378012467,0.3943102108277827,8
BasketballDrill_832x480_50.yuv,63,HEVC_C,0.5,dither,39.12455439567566,0.3464227982460655,0.6038573530805422,8
PartyScene_832x480_50.yuv,63,HEVC_C,0.5,dither,37.261221557855606,0.4261923788610433,0.5609457680308552,8
RaceHorses_832x480_30.yuv,63,HEVC_C,0.5,dither,39.12455439567566,0.30989247363761524,0.35591428341786013,8
BasketballPass_416x240_50.yuv,63,HEVC_D,0.5,dither,39.12455439567566,0.31782009140425393,0.6145037823558539,2
BlowingBubbles_416x240_50.yuv,63,HEVC_D,0.5,dither,39.12455439567566,0.40278826760851005,0.4456737293806725,2
BQSquare_416x240_60.yuv,63,HEVC_D,0.5,dither,24.217891693115234,0.34335936656379784,0.40011740603285517,2
RaceHorses_416x240_30.yuv,63,HEVC_D,0.5,dither,39.12455439567566,0.4126391809650037,0.5742753122155051,2
Beauty_1920x1080_120fps_420_8bit_YUV.yuv,0,UVG,0.5,uniform,39.12455439567566,0.08091148795395814,0.08229179922256691,40
Bosphorus_1920x1080_120fps_420_8bit_YUV.yuv,0,UVG,0.5,uniform,39.12455439567566,0.109843875346532,0.12340274289241648,40
HoneyBee_1920x1080_120fps_420_8bit_YUV.yuv,0,UVG,0.5,uniform,39.12455439567566,0.2467979769977802,0.1847348247435292,40
Jockey_1920x1080_120fps_420_8bit_YUV.yuv,0,UVG,0.5,uniform,39.12455439567566,0.22012322812951035,0.1853520572942955,40
ReadySteadyGo_1920x1080_120fps_420_8bit_YUV.yuv,0,UVG,0.5,uniform,39.12455439567566,0.14633471004031023,0.15624953325017543,40
ShakeNDry_1920x1080_120fps_420_8bit_YUV.yuv,0,UVG,0.5,uniform,39.12455439567566,0.07391442561049448,0.08615749684847174,40
YachtRide_1920x1080_120fps_420_8bit_YUV.yuv,0,UVG,0.5,uniform,39.12455439567566,0.10892885197622486,0.1282077706456306,40
videoSRC01_1920x1080_30.yuv,0,MCL-JCV,0.5,uniform,39.12455439567566,0.11191786889207839,0.11281084095170257,40
videoSRC02_1920x1080_30.yuv,0,MCL-JCV,0.5,uniform,39.12455439567566,0.17464680060032226,0.1768422608582796,40
videoSRC03_1920x1080_30.yuv,0,MCL-JCV,0.5,uniform,39.12455439567566,0.14850820272262996,0.16724756669837149,40
videoSRC04_1920x1080_30.yuv,0,MCL-JCV,0.5,uniform,39.12455439567566,0.022088933433354694,0.04003983538861888,40
videoSRC05_1920x1080_25.yuv,0,MCL-JCV,0.5,uniform,39.12455439567566,0.19813605448558747,0.20905489733496552,40
videoSRC06_1920x1080_25.yuv,0,MCL-JCV,0.5,uniform,39.12455439567566,0.03224088419020011,0.024900584410012527,40
videoSRC07_1920x1080_25.yuv,0,MCL-JCV,0.5,uniform,39.12455439567566,0.11573114557075326,0.10866693196463473,40
videoSRC08_1920x1080_25.yuv,0,MCL-JCV,0.5,uniform,39.12455439567566,0.08800453043344487,0.08874859056497542,40
videoSRC09_1920x1080_25.yuv,0,MCL-JCV,0.5,uniform,39.12455439567566,0.10283143571382153,0.12001661422514331,40
videoSRC10_1920x1080_30.yuv,0,MCL-JCV,0.5,uniform,39.12455439567566,0.3120053773707849,0.3567389155044509,40
videoSRC11_1920x1080_30.yuv,0,MCL-JCV,0.5,uniform,39.12455439567566,0.08271465359720417,0.10288921740490053,40
videoSRC12_1920x1080_30.yuv,0,MCL-JCV,0.5,uniform,39.12455439567566,0.1037568024915999,0.11577506073790644,40
videoSRC13_1920x1080_30.yuv,0,MCL-JCV,0.5,uniform,39.12455439567566,0.055605978859048916,0.10980931904400393,40
videoSRC14_1920x1080_30.yuv,0,MCL-JCV,0.5,uniform,39.12455439567566,0.11677195797407153,0.11992287933583157,40
videoSRC15_1920x1080_30.yuv,0,MCL-JCV,0.5,uniform,39.12455439567566,0.08777389709425759,0.11144647263915886,40
videoSRC16_1920x1080_30.yuv,0,MCL-JCV,0.5,uniform,39.12455439567566,0.16502806827968244,0.14172133525790542,40
videoSRC17_1920x1080_24.yuv,0,MCL-JCV,0.5,uniform,39.12455439567566,0.06855976918494282,0.06612191226552255,40
videoSRC18_1920x1080_25.yuv,0,MCL-JCV,0.5,uniform,39.12455439567566,0.11724686045861205,0.12298658455799938,40
videoSRC19_1920x1080_30.yuv,0,MCL-JCV,0.5,uniform,39.12455439567566,0.0745683624426924,0.0746782533749979,40
videoSRC20_1920x1080_25.yuv,0,MCL-JCV,0.5,uniform,39.12455439567566,0.18260786219683853,0.17527663837079643,40
videoSRC21_1920x1080_24.yuv,0,MCL-JCV,0.5,uniform,39.12455439567566,0.02207029871673177,0.0585511196388282,40
videoSRC22_1920x1080_24.yuv,0,MCL-JCV,0.5,uniform,39.12455439567566,0.09952882662912543,0.10540536077579787,40
videoSRC23_1920x1080_24.yuv,0,MCL-JCV,0.5,uniform,39.12455439567566,0.0968228220381803,0.11403509249188204,40
videoSRC24_1920x1080_24.yuv,0,MCL-JCV,0.5,uniform,39.12455439567566,0.28511929314032025,0.25555484173646903,40
videoSRC25_1920x1080_24.yuv,0,MCL-JCV,0.5,uniform,39.12455439567566,0.1512317619770954,0.14407022162144756,40
videoSRC26_1920x1080_30.yuv,0,MCL-JCV,0.5,uniform,39.12455439567566,0.1311375174981168,0.13059835291463884,40
videoSRC27_1920x1080_30.yuv,0,MCL-JCV,0.5,uniform,39.12455439567566,0.12304989238188797,0.14466394978160935,40
videoSRC28_1920x1080_30.yuv,0,MCL-JCV,0.5,uniform,39.12455439567566,0.08446472309023867,0.12758942859357347,40
videoSRC29_1920x1080_24.yuv,0,MCL-JCV,0.5,uniform,39.12455439567566,0.026554528748609415,0.030472528798817677,40
videoSRC30_1920x1080_30.yuv,0,MCL-JCV,0.5,uniform,39.12455439567566,0.13188763853599522,0.11641022695994252,40
BQTerrace_1920x1080_60.yuv,0,HEVC_B,0.5,uniform,39.12455439567566,0.10258983867521763,0.11971255977277195,40
BasketballDrive_1920x1080_50.yuv,0,HEVC_B,0.5,uniform,39.12455439567566,0.20339636241250125,0.21084046614144114,40
Cactus_1920x1080_50.yuv,0,HEVC_B,0.5,uniform,39.12455439567566,0.1249748055096448,0.12955231067528672,40
Kimono1_1920x1080_24.yuv,0,HEVC_B,0.5,uniform,39.12455439567566,0.060235008562486994,0.05936236147662299,40
ParkScene_1920x1080_24.yuv,0,HEVC_B,0.5,uniform,39.12455439567566,0.045551741504323714,0.048133639677402584,40
FourPeople_1280x720_60.yuv,0,HEVC_E,0.5,uniform,39.12455439567566,0.12948886949966706,0.16060766120427772,15
Johnny_1280x720_60.yuv,0,HEVC_E,0.5,uniform,39.12455439567566,0.18192846977077,0.21129207136709738,15
KristenAndSara_1280x720_60.yuv,0,HEVC_E,0.5,uniform,39.12455439567566,0.17138010908195545,0.2014610847060183,15
BQMall_832x480_60.yuv,0,HEVC_C,0.5,uniform,39.12455439567566,0.11356606947980527,0.14182263489756153,8
BasketballDrill_832x480_50.yuv,0,HEVC_C,0.5,uniform,39.12455439567566,0.25610224398085657,0.2545223765592688,8
PartyScene_832x480_50.yuv,0,HEVC_C,0.5,uniform,39.12455439567566,0.053026271524124965,0.06948338609807791,8
RaceHorses_832x480_30.yuv,0,HEVC_C,0.5,uniform,39.12455439567566,0.1446766982695335,0.16221749313272937,8
BasketballPass_416x240_50.yuv,0,HEVC_D,0.5,uniform,39.12455439567566,0.09266809287871032,0.09672854304720602,2
BlowingBubbles_416x240_50.yuv,0,HEVC_D,0.5,uniform,39.12455439567566,0.07805770360087562,0.08556953699413583,2
BQSquare_416x240_60.yuv,0,HEVC_D,0.5,uniform,39.12455439567566,0.08217431314399251,0.10199766528313603,2
RaceHorses_416x240_30.yuv,0,HEVC_D,0.5,uniform,39.12455439567566,0.1764226216711234,0.17634835808481952,2
Beauty_1920x1080_120fps_420_8bit_YUV.yuv,16,UVG,0.5,uniform,39.12455439567566,0.04401150336257254,0.04814296022141917,40
Bosphorus_1920x1080_120fps_420_8bit_YUV.yuv,16,UVG,0.5,uniform,39.12455439567566,0.12934723913555551,0.14363374414060814,40
HoneyBee_1920x1080_120fps_420_8bit_YUV.yuv,16,UVG,0.5,uniform,39.12455439567566,0.2863546105265803,0.19534028211970167,40
Jockey_1920x1080_120fps_420_8bit_YUV.yuv,16,UVG,0.5,uniform,39.12455439567566,0.19001626879784186,0.16004635460854644,40
ReadySteadyGo_1920x1080_120fps_420_8bit_YUV.yuv,16,UVG,0.5,uniform,39.12455439567566,0.22020336827618409,0.22790356660561883,40
ShakeNDry_1920x1080_120fps_420_8bit_YUV.yuv,16,UVG,0.5,uniform,39.12455439567566,0.05927740339012894,0.06188958735465633,40
YachtRide_1920x1080_120fps_420_8bit_YUV.yuv,16,UVG,0.5,uniform,39.12455439567566,0.16388639393278842,0.1899282540294891,40
videoSRC01_1920x1080_30.yuv,16,MCL-JCV,0.5,uniform,39.12455439567566,0.0955428316105992,0.0967970859865801,40
videoSRC02_1920x1080_30.yuv,16,MCL-JCV,0.5,uniform,39.12455439567566,0.21298103013877812,0.20552660936451161,40
videoSRC03_1920x1080_30.yuv,16,MCL-JCV,0.5,uniform,39.12455439567566,0.18219653146021758,0.1902374466877106,40
videoSRC04_1920x1080_30.yuv,16,MCL-JCV,0.5,uniform,39.12455439567566,0.05703442659334555,0.07394946548483006,40
videoSRC05_1920x1080_25.yuv,16,MCL-JCV,0.5,uniform,39.12455439567566,0.207493299906854,0.2291775689162563,40
videoSRC06_1920x1080_25.yuv,16,MCL-JCV,0.5,uniform,39.12455439567566,0.04308834139587414,0.033973665926467334,40
videoSRC07_1920x1080_25.yuv,16,MCL-JCV,0.5,uniform,39.12455439567566,0.1408576793643172,0.11538346439240144,40
videoSRC08_1920x1080_25.yuv,16,MCL-JCV,0.5,uniform,39.12455439567566,0.07643486500737173,0.08059076617725935,40
videoSRC09_1920x1080_25.yuv,16,MCL-JCV,0.5,uniform,39.12455439567566,0.14580464323448347,0.15831739406687717,40
videoSRC10_1920x1080_30.yuv,16,MCL-JCV,0.5,uniform,39.12455439567566,0.387746691065606,0.42273004128870184,40
videoSRC11_1920x1080_30.yuv,16,MCL-JCV,0.5,uniform,39.12455439567566,0.10199983339759855,0.13507317275183794,40
videoSRC12_1920x1080_30.yuv,16,MCL-JCV,0.5,uniform,39.12455439567566,0.1280185153159816,0.15380380110630654,40
videoSRC13_1920x1080_30.yuv,16,MCL-JCV,0.5,uniform,39.12455439567566,0.1270353262993276,0.25137172464157587,40
videoSRC14_1920x1080_30.yuv,16,MCL-JCV,0.5,uniform,39.12455439567566,0.16639291916064172,0.16538506434140032,40
videoSRC15_1920x1080_30.yuv,16,MCL-JCV,0.5,uniform,39.12455439567566,0.1051254640862436,0.1286184642185475,40
videoSRC16_1920x1080_30.yuv,16,MCL-JCV,0.5,uniform,39.12455439567566,0.1259793504189927,0.11515760408676101,40
videoSRC17_1920x1080_24.yuv,16,MCL-JCV,0.5,uniform,39.12455439567566,0.08941793980308829,0.08155845898273384,40
videoSRC18_1920x1080_25.yuv,16,MCL-JCV,0.5,uniform,39.12455439567566,0.12902197126214227,0.1443929384378535,40
videoSRC19_1920x1080_30.yuv,16,MCL-JCV,0.5,uniform,39.12455439567566,0.11513920041085185,0.1342407240236696,40
videoSRC20_1920x1080_25.yuv,16,MCL-JCV,0.5,uniform,39.12455439567566,0.1831096715477446,0.1746254221197603,40
videoSRC21_1920x1080_24.yuv,16,MCL-JCV,0.5,uniform,39.12455439567566,0.07775652486078233,0.08881954437627826,40
videoSRC22_1920x1080_24.yuv,16,MCL-JCV,0.5,uniform,39.12455439567566,0.12836554675007456,0.12868551140512352,40
videoSRC23_1920x1080_24.yuv,16,MCL-JCV,0.5,uniform,39.12455439567566,0.11460867223512847,0.1390036036728972,40
videoSRC24_1920x1080_24.yuv,16,MCL-JCV,0.5,uniform,39.12455439567566,0.29830940029543973,0.2615105581810937,40
videoSRC25_1920x1080_24.yuv,16,MCL-JCV,0.5,uniform,39.12455439567566,0.1937479110085506,0.1820447388058355,40
videoSRC26_1920x1080_30.yuv,16,MCL-JCV,0.5,uniform,39.12455439567566,0.20326945198322705,0.20002942632699217,40
videoSRC27_1920x1080_30.yuv,16,MCL-JCV,0.5,uniform,39.12455439567566,0.09217700764258546,0.11184854147147405,40
videoSRC28_1920x1080_30.yuv,16,MCL-JCV,0.5,uniform,39.12455439567566,0.08676719373508426,0.1161054615494308,40
videoSRC29_1920x1080_24.yuv,16,MCL-JCV,0.5,uniform,39.12455439567566,0.09076679545469563,0.09173275445789386,40
videoSRC30_1920x1080_30.yuv,16,MCL-JCV,0.5,uniform,39.12455439567566,0.12022135442972011,0.10071298419266839,40
BQTerrace_1920x1080_60.yuv,16,HEVC_B,0.5,uniform,39.12455439567566,0.1919030925343283,0.22931335770362438,40
BasketballDrive_1920x1080_50.yuv,16,HEVC_B,0.5,uniform,39.12455439567566,0.20523630359419914,0.22033872393018328,40
Cactus_1920x1080_50.yuv,16,HEVC_B,0.5,uniform,39.12455439567566,0.15855506638539724,0.16126462321871315,40
Kimono1_1920x1080_24.yuv,16,HEVC_B,0.5,uniform,39.12455439567566,0.08508390971480453,0.07747948910005675,40
ParkScene_1920x1080_24.yuv,16,HEVC_B,0.5,uniform,39.12455439567566,0.06295734489718163,0.06563188507305995,40
FourPeople_1280x720_60.yuv,16,HEVC_E,0.5,uniform,39.12455439567566,0.18137398183366132,0.20845026142023926,15
Johnny_1280x720_60.yuv,16,HEVC_E,0.5,uniform,39.12455439567566,0.21797124501191936,0.2534139288695627,15
KristenAndSara_1280x720_60.yuv,16,HEVC_E,0.5,uniform,39.12455439567566,0.24921454472645557,0.27721511808217514,15
BQMall_832x480_60.yuv,16,HEVC_C,0.5,uniform,39.12455439567566,0.14959926869333195,0.17698812978265366,8
BasketballDrill_832x480_50.yuv,16,HEVC_C,0.5,uniform,39.12455439567566,0.3322314449796077,0.3629741264368249,8
PartyScene_832x480_50.yuv,16,HEVC_C,0.5,uniform,39.12455439567566,0.124002394997502,0.14716509889356644,8
RaceHorses_832x480_30.yuv,16,HEVC_C,0.5,uniform,39.12455439567566,0.13825458390730302,0.16358443234230435,8
BasketballPass_416x240_50.yuv,16,HEVC_D,0.5,uniform,39.12455439567566,0.22729973809076537,0.242092539401078,2
BlowingBubbles_416x240_50.yuv,16,HEVC_D,0.5,uniform,39.12455439567566,0.12377383733979908,0.1317386721675149,2
BQSquare_416x240_60.yuv,16,HEVC_D,0.5,uniform,39.12455439567566,0.2209236799034668,0.23395544850919947,2
RaceHorses_416x240_30.yuv,16,HEVC_D,0.5,uniform,39.12455439567566,0.19142307954193705,0.20402813614516901,2
Beauty_1920x1080_120fps_420_8bit_YUV.yuv,32,UVG,0.5,uniform,39.12455439567566,0.0400058145020213,0.04200414018367127,40
Bosphorus_1920x1080_120fps_420_8bit_YUV.yuv,32,UVG,0.5,uniform,39.12455439567566,0.13516348610502918,0.14286423112356061,40
HoneyBee_1920x1080_120fps_420_8bit_YUV.yuv,32,UVG,0.5,uniform,39.12455439567566,0.28848447609134914,0.18400403240579521,40
Jockey_1920x1080_120fps_420_8bit_YUV.yuv,32,UVG,0.5,uniform,39.12455439567566,0.16167873536129979,0.12990745021260608,40
ReadySteadyGo_1920x1080_120fps_420_8bit_YUV.yuv,32,UVG,0.5,uniform,39.12455439567566,0.2929312219800152,0.28212160063317526,40
ShakeNDry_1920x1080_120fps_420_8bit_YUV.yuv,32,UVG,0.5,uniform,39.12455439567566,0.08612350455037125,0.07759334076061464,40
YachtRide_1920x1080_120fps_420_8bit_YUV.yuv,32,UVG,0.5,uniform,39.12455439567566,0.2216996067967359,0.23994481455978445,40
videoSRC01_1920x1080_30.yuv,32,MCL-JCV,0.5,uniform,39.12455439567566,0.08936327909913269,0.08545393647829513,40
videoSRC02_1920x1080_30.yuv,32,MCL-JCV,0.5,uniform,39.12455439567566,0.27062223994520507,0.23868103568132426,40
videoSRC03_1920x1080_30.yuv,32,MCL-JCV,0.5,uniform,39.12455439567566,0.23348142146463685,0.2366318472266542,40
videoSRC04_1920x1080_30.yuv,32,MCL-JCV,0.5,uniform,39.12455439567566,0.10308853791622864,0.13002850258173737,40
videoSRC05_1920x1080_25.yuv,32,MCL-JCV,0.5,uniform,39.12455439567566,0.20144285430613737,0.22986822220973124,40
videoSRC06_1920x1080_25.yuv,32,MCL-JCV,0.5,uniform,39.12455439567566,0.016515877994750083,0.012836248730160094,40
videoSRC07_1920x1080_25.yuv,32,MCL-JCV,0.5,uniform,39.12455439567566,0.14230302585699628,0.10746570195657767,40
videoSRC08_1920x1080_25.yuv,32,MCL-JCV,0.5,uniform,39.12455439567566,0.0765152557384441,0.07637612332327848,40
videoSRC09_1920x1080_25.yuv,32,MCL-JCV,0.5,uniform,39.12455439567566,0.19665447294009833,0.19476846266071846,40
videoSRC10_1920x1080_30.yuv,32,MCL-JCV,0.5,uniform,24.217891693115234,0.23360345137335542,0.2513790429542979,40
videoSRC11_1920x1080_30.yuv,32,MCL-JCV,0.5,uniform,39.12455439567566,0.10686073833733585,0.14732839726728741,40
videoSRC12_1920x1080_30.yuv,32,MCL-JCV,0.5,uniform,39.12455439567566,0.2104777912966398,0.2589689100235617,40
videoSRC13_1920x1080_30.yuv,32,MCL-JCV,0.5,uniform,39.12455439567566,0.19480540296270069,0.29740072693597597,40
videoSRC14_1920x1080_30.yuv,32,MCL-JCV,0.5,uniform,39.12455439567566,0.21261962134957457,0.1980777099575306,40
videoSRC15_1920x1080_30.yuv,32,MCL-JCV,0.5,uniform,39.12455439567566,0.1330629459432975,0.14848467887613026,40
videoSRC16_1920x1080_30.yuv,32,MCL-JCV,0.5,uniform,39.12455439567566,0.1070870906070711,0.09854007646901408,40
videoSRC17_1920x1080_24.yuv,32,MCL-JCV,0.5,uniform,39.12455439567566,0.1664708813340449,0.12312580877473067,40
videoSRC18_1920x1080_25.yuv,32,MCL-JCV,0.5,uniform,39.12455439567566,0.18551331329148357,0.20250707349124752,40
videoSRC19_1920x1080_30.yuv,32,MCL-JCV,0.5,uniform,39.12455439567566,0.16391265416372847,0.18105069041373412,40
videoSRC20_1920x1080_25.yuv,32,MCL-JCV,0.5,uniform,39.12455439567566,0.20991830524343325,0.19962139910527554,40
videoSRC21_1920x1080_24.yuv,32,MCL-JCV,0.5,uniform,39.12455439567566,0.27901659950884483,0.20895100100332797,40
videoSRC22_1920x1080_24.yuv,32,MCL-JCV,0.5,uniform,39.12455439567566,0.1586212097539606,0.1711023446004276,40
videoSRC23_1920x1080_24.yuv,32,MCL-JCV,0.5,uniform,39.12455439567566,0.13868138680454475,0.1608616725399017,40
videoSRC24_1920x1080_24.yuv,32,MCL-JCV,0.5,uniform,39.12455439567566,0.3756987988562154,0.3355726127758061,40
videoSRC25_1920x1080_24.yuv,32,MCL-JCV,0.5,uniform,39.12455439567566,0.2566768012678515,0.24102766970494827,40
videoSRC26_1920x1080_30.yuv,32,MCL-JCV,0.5,uniform,39.12455439567566,0.28161272166933615,0.2640711273325351,40
videoSRC27_1920x1080_30.yuv,32,MCL-JCV,0.5,uniform,39.12455439567566,0.08186335384563105,0.10171609181512764,40
videoSRC28_1920x1080_30.yuv,32,MCL-JCV,0.5,uniform,39.12455439567566,0.09638940909628782,0.1128571306424675,40
videoSRC29_1920x1080_24.yuv,32,MCL-JCV,0.5,uniform,39.12455439567566,0.2317686377430428,0.20947367776231118,40
videoSRC30_1920x1080_30.yuv,32,MCL-JCV,0.5,uniform,39.12455439567566,0.12211880840911424,0.10125783354210682,40
BQTerrace_1920x1080_60.yuv,32,HEVC_B,0.5,uniform,39.12455439567566,0.22054584271940025,0.26527434614299494,40
BasketballDrive_1920x1080_50.yuv,32,HEVC_B,0.5,uniform,39.12455439567566,0.19843059155699383,0.21637016678475618,40
Cactus_1920x1080_50.yuv,32,HEVC_B,0.5,uniform,39.12455439567566,0.18039399074216428,0.1768500985209016,40
Kimono1_1920x1080_24.yuv,32,HEVC_B,0.5,uniform,39.12455439567566,0.15799089880175113,0.11881731394502992,40
ParkScene_1920x1080_24.yuv,32,HEVC_B,0.5,uniform,39.12455439567566,0.14481324639368334,0.13312559521870782,40
FourPeople_1280x720_60.yuv,32,HEVC_E,0.5,uniform,39.12455439567566,0.26285068484446555,0.2806583337450661,15
Johnny_1280x720_60.yuv,32,HEVC_E,0.5,uniform,39.12455439567566,0.2692377757133663,0.28915416284350215,15
KristenAndSara_1280x720_60.yuv,32,HEVC_E,0.5,uniform,39.12455439567566,0.2819134090769085,0.2943422962832045,15
BQMall_832x480_60.yuv,32,HEVC_C,0.5,uniform,39.12455439567566,0.20096663938300247,0.23196049295081878,8
BasketballDrill_832x480_50.yuv,32,HEVC_C,0.5,uniform,39.12455439567566,0.361164444331468,0.42671647962385606,8
PartyScene_832x480_50.yuv,32,HEVC_C,0.5,uniform,39.12455439567566,0.22895190486365904,0.2659570440483172,8
RaceHorses_832x480_30.yuv,32,HEVC_C,0.5,uniform,39.12455439567566,0.18920164279256418,0.20117295616233832,8
BasketballPass_416x240_50.yuv,32,HEVC_D,0.5,uniform,39.12455439567566,0.2456581180459065,0.33994028566949197,2
BlowingBubbles_416x240_50.yuv,32,HEVC_D,0.5,uniform,39.12455439567566,0.18861161483760858,0.20305938205829221,2
BQSquare_416x240_60.yuv,32,HEVC_D,0.5,uniform,39.12455439567566,0.33993302445728457,0.3726074431136439,2
RaceHorses_416x240_30.yuv,32,HEVC_D,0.5,uniform,39.12455439567566,0.23887282870713278,0.28203463787313154,2
Beauty_1920x1080_120fps_420_8bit_YUV.yuv,48,UVG,0.5,uniform,39.12455439567566,0.03478144700684083,0.02987801027607162,40
Bosphorus_1920x1080_120fps_420_8bit_YUV.yuv,48,UVG,0.5,uniform,39.12455439567566,0.16937228822209072,0.1622045640957097,40
HoneyBee_1920x1080_120fps_420_8bit_YUV.yuv,48,UVG,0.5,uniform,39.12455439567566,0.26878087423618124,0.17198243697708904,40
Jockey_1920x1080_120fps_420_8bit_YUV.yuv,48,UVG,0.5,uniform,39.12455439567566,0.15451252038099772,0.12179747617497583,40
ReadySteadyGo_1920x1080_120fps_420_8bit_YUV.yuv,48,UVG,0.5,uniform,39.12455439567566,0.3801753047311817,0.3320176338299916,40
ShakeNDry_1920x1080_120fps_420_8bit_YUV.yuv,48,UVG,0.5,uniform,39.12455439567566,0.12184663492381868,0.09759264211673013,40
YachtRide_1920x1080_120fps_420_8bit_YUV.yuv,48,UVG,0.5,uniform,39.12455439567566,0.29075010445024,0.28804824669911966,40
videoSRC01_1920x1080_30.yuv,48,MCL-JCV,0.5,uniform,39.12455439567566,0.06494298778826539,0.05510294382702341,40
videoSRC02_1920x1080_30.yuv,48,MCL-JCV,0.5,uniform,39.12455439567566,0.3196645437834379,0.25672752761270345,40
videoSRC03_1920x1080_30.yuv,48,MCL-JCV,0.5,uniform,39.12455439567566,0.259071027080431,0.23664904826902955,40
videoSRC04_1920x1080_30.yuv,48,MCL-JCV,0.5,uniform,39.12455439567566,0.16950612105130064,0.20098710953926258,40
videoSRC05_1920x1080_25.yuv,48,MCL-JCV,0.5,uniform,39.12455439567566,0.17720787391074272,0.21727924324756742,40
videoSRC06_1920x1080_25.yuv,48,MCL-JCV,0.5,uniform,39.12455439567566,0.008601664437650479,0.00688037243234163,40
videoSRC07_1920x1080_25.yuv,48,MCL-JCV,0.5,uniform,39.12455439567566,0.1379854929457343,0.10070027789964087,40
videoSRC08_1920x1080_25.yuv,48,MCL-JCV,0.5,uniform,39.12455439567566,0.06442195265288003,0.06767704727700163,40
videoSRC09_1920x1080_25.yuv,48,MCL-JCV,0.5,uniform,39.12455439567566,0.21228082707820306,0.20555643711372795,40
videoSRC10_1920x1080_30.yuv,48,MCL-JCV,0.5,uniform,24.217891693115234,0.22257208837216044,0.2360115821711446,40
videoSRC11_1920x1080_30.yuv,48,MCL-JCV,0.5,uniform,39.12455439567566,0.11561663190527952,0.14508602443160612,40
videoSRC12_1920x1080_30.yuv,48,MCL-JCV,0.5,uniform,39.12455439567566,0.3100933664693947,0.3322605113791752,40
videoSRC13_1920x1080_30.yuv,48,MCL-JCV,0.5,uniform,39.12455439567566,0.2197184797385271,0.2605838860879075,40
videoSRC14_1920x1080_30.yuv,48,MCL-JCV,0.5,uniform,39.12455439567566,0.22010191962710596,0.19573281544309395,40
videoSRC15_1920x1080_30.yuv,48,MCL-JCV,0.5,uniform,39.12455439567566,0.14288096133542483,0.1438730086338893,40
videoSRC16_1920x1080_30.yuv,48,MCL-JCV,0.5,uniform,39.12455439567566,0.1099939631085734,0.09498978551739157,40
videoSRC17_1920x1080_24.yuv,48,MCL-JCV,0.5,uniform,39.12455439567566,0.22921453955762353,0.14803623834899327,40
videoSRC18_1920x1080_25.yuv,48,MCL-JCV,0.5,uniform,39.12455439567566,0.22480065347378642,0.26883577829054417,40
videoSRC19_1920x1080_30.yuv,48,MCL-JCV,0.5,uniform,39.12455439567566,0.23124018022307613,0.2223536577720111,40
videoSRC20_1920x1080_25.yuv,48,MCL-JCV,0.5,uniform,39.12455439567566,0.25539131047158165,0.2516132244193088,40
videoSRC21_1920x1080_24.yuv,48,MCL-JCV,0.5,uniform,39.12455439567566,0.17542289549984796,0.1280862594827994,40
videoSRC22_1920x1080_24.yuv,48,MCL-JCV,0.5,uniform,39.12455439567566,0.15556229301397126,0.16350546207628014,40
videoSRC23_1920x1080_24.yuv,48,MCL-JCV,0.5,uniform,39.12455439567566,0.15221963699927638,0.15652695629533042,40
videoSRC24_1920x1080_24.yuv,48,MCL-JCV,0.5,uniform,39.12455439567566,0.3948944958675157,0.38614356458923993,40
videoSRC25_1920x1080_24.yuv,48,MCL-JCV,0.5,uniform,39.12455439567566,0.3296385527522466,0.3006665240743871,40
videoSRC26_1920x1080_30.yuv,48,MCL-JCV,0.5,uniform,39.12455439567566,0.331184076028582,0.29336545345116605,40
videoSRC27_1920x1080_30.yuv,48,MCL-JCV,0.5,uniform,39.12455439567566,0.09148112216841649,0.10653263897238219,40
videoSRC28_1920x1080_30.yuv,48,MCL-JCV,0.5,uniform,39.12455439567566,0.12335416329637994,0.12060253671484844,40
videoSRC29_1920x1080_24.yuv,48,MCL-JCV,0.5,uniform,39.12455439567566,0.1290049002369896,0.11841690896419266,40
videoSRC30_1920x1080_30.yuv,48,MCL-JCV,0.5,uniform,39.12455439567566,0.13748941973939752,0.11572329693247951,40
BQTerrace_1920x1080_60.yuv,48,HEVC_B,0.5,uniform,39.12455439567566,0.23281457450407092,0.2759963676230228,40
BasketballDrive_1920x1080_50.yuv,48,HEVC_B,0.5,uniform,39.12455439567566,0.1661645977700265,0.1925579420662018,40
Cactus_1920x1080_50.yuv,48,HEVC_B,0.5,uniform,39.12455439567566,0.1829783407080304,0.1851008018706395,40
Kimono1_1920x1080_24.yuv,48,HEVC_B,0.5,uniform,39.12455439567566,0.23387481086409992,0.15104526543434815,40
ParkScene_1920x1080_24.yuv,48,HEVC_B,0.5,uniform,39.12455439567566,0.3006717176393381,0.23561506686748857,40
FourPeople_1280x720_60.yuv,48,HEVC_E,0.5,uniform,39.12455439567566,0.2955874345709728,0.29452947927380535,15
Johnny_1280x720_60.yuv,48,HEVC_E,0.5,uniform,39.12455439567566,0.25240454956231007,0.26255689343674504,15
KristenAndSara_1280x720_60.yuv,48,HEVC_E,0.5,uniform,39.12455439567566,0.26892004374126116,0.26663061786551623,15
BQMall_832x480_60.yuv,48,HEVC_C,0.5,uniform,39.12455439567566,0.25847042681907856,0.3038633468433929,8
BasketballDrill_832x480_50.yuv,48,HEVC_C,0.5,uniform,39.12455439567566,0.34058953820903026,0.48099540269132746,8
PartyScene_832x480_50.yuv,48,HEVC_C,0.5,uniform,39.12455439567566,0.3557078089158172,0.4211431728774997,8
RaceHorses_832x480_30.yuv,48,HEVC_C,0.5,uniform,39.12455439567566,0.24111413545163535,0.2581549851042766,8
BasketballPass_416x240_50.yuv,48,HEVC_D,0.5,uniform,39.12455439567566,0.30737647431950366,0.46393776029868405,2
BlowingBubbles_416x240_50.yuv,48,HEVC_D,0.5,uniform,39.12455439567566,0.2886665337861435,0.30920617626248514,2
BQSquare_416x240_60.yuv,48,HEVC_D,0.5,uniform,39.12455439567566,0.42794386351228386,0.504135155130065,2
RaceHorses_416x240_30.yuv,48,HEVC_D,0.5,uniform,39.12455439567566,0.3169914455829681,0.39027674062094775,2
Beauty_1920x1080_120fps_420_8bit_YUV.yuv,63,UVG,0.5,uniform,39.12455439567566,0.04971021864438808,0.034904276989891514,40
Bosphorus_1920x1080_120fps_420_8bit_YUV.yuv,63,UVG,0.5,uniform,39.12455439567566,0.1936817155762719,0.16979620799419592,40
HoneyBee_1920x1080_120fps_420_8bit_YUV.yuv,63,UVG,0.5,uniform,39.12455439567566,0.23864241475053916,0.1635215790351623,40
Jockey_1920x1080_120fps_420_8bit_YUV.yuv,63,UVG,0.5,uniform,39.12455439567566,0.12844800193775738,0.10434662094489511,40
ReadySteadyGo_1920x1080_120fps_420_8bit_YUV.yuv,63,UVG,0.5,uniform,39.12455439567566,0.39609355772855925,0.3637210288601409,40
ShakeNDry_1920x1080_120fps_420_8bit_YUV.yuv,63,UVG,0.5,uniform,39.12455439567566,0.16158396940465664,0.11143523460056315,40
YachtRide_1920x1080_120fps_420_8bit_YUV.yuv,63,UVG,0.5,uniform,39.12455439567566,0.2920222006399413,0.2848891783249812,40
videoSRC01_1920x1080_30.yuv,63,MCL-JCV,0.5,uniform,39.12455439567566,0.048019157666552646,0.038557633246547596,40
videoSRC02_1920x1080_30.yuv,63,MCL-JCV,0.5,uniform,39.12455439567566,0.27662883672164507,0.2252805818860253,40
videoSRC03_1920x1080_30.yuv,63,MCL-JCV,0.5,uniform,39.12455439567566,0.26696285289832467,0.2352276806678688,40
videoSRC04_1920x1080_30.yuv,63,MCL-JCV,0.5,uniform,39.12455439567566,0.3060908489438211,0.3368367220604398,40
videoSRC05_1920x1080_25.yuv,63,MCL-JCV,0.5,uniform,39.12455439567566,0.14158903160323566,0.20424735993737642,40
videoSRC06_1920x1080_25.yuv,63,MCL-JCV,0.5,uniform,39.12455439567566,0.02600667613628087,0.04657304707420451,40
videoSRC07_1920x1080_25.yuv,63,MCL-JCV,0.5,uniform,39.12455439567566,0.14367393879637352,0.10650204515259531,40
videoSRC08_1920x1080_25.yuv,63,MCL-JCV,0.5,uniform,39.12455439567566,0.056620755820442695,0.06294778181375449,40
videoSRC09_1920x1080_25.yuv,63,MCL-JCV,0.5,uniform,39.12455439567566,0.1727538722372386,0.1688537916990711,40
videoSRC10_1920x1080_30.yuv,63,MCL-JCV,0.5,uniform,24.217891693115234,0.2216310798999928,0.2254159450070219,40
videoSRC11_1920x1080_30.yuv,63,MCL-JCV,0.5,uniform,39.12455439567566,0.15975969287341063,0.1701195647789291,40
videoSRC12_1920x1080_30.yuv,63,MCL-JCV,0.5,uniform,39.12455439567566,0.4580193479149074,0.42410123438386904,40
videoSRC13_1920x1080_30.yuv,63,MCL-JCV,0.5,uniform,39.12455439567566,0.23062795918823298,0.24139813991477865,40
videoSRC14_1920x1080_30.yuv,63,MCL-JCV,0.5,uniform,39.12455439567566,0.21014121243850686,0.18617228181001622,40
videoSRC15_1920x1080_30.yuv,63,MCL-JCV,0.5,uniform,39.12455439567566,0.17307669926142663,0.16122214526673417,40
videoSRC16_1920x1080_30.yuv,63,MCL-JCV,0.5,uniform,39.12455439567566,0.09882546158323849,0.08549105025943504,40
videoSRC17_1920x1080_24.yuv,63,MCL-JCV,0.5,uniform,39.12455439567566,0.257408438987694,0.17041830161608118,40
videoSRC18_1920x1080_25.yuv,63,MCL-JCV,0.5,uniform,39.12455439567566,0.2610909931994666,0.34751836166500283,40
videoSRC19_1920x1080_30.yuv,63,MCL-JCV,0.5,uniform,39.12455439567566,0.2962814081489656,0.2538718568314664,40
videoSRC20_1920x1080_25.yuv,63,MCL-JCV,0.5,uniform,39.12455439567566,0.3025145501257297,0.33889738821902426,40
videoSRC21_1920x1080_24.yuv,63,MCL-JCV,0.5,uniform,39.12455439567566,0.0874845960927644,0.0774756780036796,40
videoSRC22_1920x1080_24.yuv,63,MCL-JCV,0.5,uniform,39.12455439567566,0.13665402138055113,0.1383946122104689,40
videoSRC23_1920x1080_24.yuv,63,MCL-JCV,0.5,uniform,39.12455439567566,0.15232257381789444,0.14508744274918683,40
videoSRC24_1920x1080_24.yuv,63,MCL-JCV,0.5,uniform,39.12455439567566,0.3909621498107244,0.4579043120441568,40
videoSRC25_1920x1080_24.yuv,63,MCL-JCV,0.5,uniform,39.12455439567566,0.3825538434000162,0.3724598608331533,40
videoSRC26_1920x1080_30.yuv,63,MCL-JCV,0.5,uniform,39.12455439567566,0.33259141640525625,0.2996537578175307,40
videoSRC27_1920x1080_30.yuv,63,MCL-JCV,0.5,uniform,39.12455439567566,0.1062786986069008,0.1142023593718875,40
videoSRC28_1920x1080_30.yuv,63,MCL-JCV,0.5,uniform,39.12455439567566,0.14705990756138135,0.12628606302261858,40
videoSRC29_1920x1080_24.yuv,63,MCL-JCV,0.5,uniform,39.12455439567566,0.08633133498300372,0.07821291375751116,40
videoSRC30_1920x1080_30.yuv,63,MCL-JCV,0.5,uniform,39.12455439567566,0.15232840290279578,0.12952191839406169,40
BQTerrace_1920x1080_60.yuv,63,HEVC_B,0.5,uniform,39.12455439567566,0.2829982222655059,0.31837082147212925,40
BasketballDrive_1920x1080_50.yuv,63,HEVC_B,0.5,uniform,39.12455439567566,0.12884411298809872,0.17434423565356383,40
Cactus_1920x1080_50.yuv,63,HEVC_B,0.5,uniform,39.12455439567566,0.17364444337265225,0.17873677760102424,40
Kimono1_1920x1080_24.yuv,63,HEVC_B,0.5,uniform,39.12455439567566,0.2579258113260952,0.17024733252186763,40
ParkScene_1920x1080_24.yuv,63,HEVC_B,0.5,uniform,39.12455439567566,0.42708538467073515,0.31175643851094037,40
FourPeople_1280x720_60.yuv,63,HEVC_E,0.5,uniform,39.12455439567566,0.2744388563378302,0.2724078121554854,15
Johnny_1280x720_60.yuv,63,HEVC_E,0.5,uniform,39.12455439567566,0.19613276285741593,0.2141053627872438,15
KristenAndSara_1280x720_60.yuv,63,HEVC_E,0.5,uniform,39.12455439567566,0.2560971427278378,0.2573668414581576,15
BQMall_832x480_60.yuv,63,HEVC_C,0.5,uniform,39.12455439567566,0.31564152378012467,0.3943102108277827,8
BasketballDrill_832x480_50.yuv,63,HEVC_C,0.5,uniform,39.12455439567566,0.3464227982460655,0.6038573530805422,8
PartyScene_832x480_50.yuv,63,HEVC_C,0.5,uniform,24.217891693115234,0.2082405521000372,0.3156392972570288,8
RaceHorses_832x480_30.yuv,63,HEVC_C,0.5,uniform,39.12455439567566,0.30989247363761524,0.35591428341786013,8
BasketballPass_416x240_50.yuv,63,HEVC_D,0.5,uniform,39.12455439567566,0.31782009140425393,0.6145037823558539,2
BlowingBubbles_416x240_50.yuv,63,HEVC_D,0.5,uniform,39.12455439567566,0.40278826760851005,0.4456737293806725,2
BQSquare_416x240_60.yuv,63,HEVC_D,0.5,uniform,24.217891693115234,0.34335936656379784,0.40011740603285517,2
RaceHorses_416x240_30.yuv,63,HEVC_D,0.5,uniform,39.12455439567566,0.4126391809650037,0.5742753122155051,2
